INSERT INTO `demo`.`md_tables` (`md_tables_id`, `tenant_id`, `database_id`, `schema_code`, `md_tables_name`, `md_tables_desc`, `public_flag`, `text_column1`, `text_column2`, `text_column3`, `text_column4`, `text_column5`, `int_column1`, `int_column2`, `int_column3`, `num_column1`, `num_column2`, `num_column3`, `date_column1`, `date_column2`, `date_column3`, `active_flag`, `create_by`, `create_date`, `last_update_by`, `last_update_date`) VALUES ('1382964537840189440', '100', 'mysql', 'test', 'rules', '校验规则', 'Y', NULL, NULL, NULL, NULL, NULL, NULL, NULL, NULL, NULL, NULL, NULL, NULL, NULL, NULL, 'Y', '1003', '2021-04-16 15:50:14', '1003', '2021-04-16 15:50:14');
INSERT INTO `demo`.`md_tables` (`md_tables_id`, `tenant_id`, `database_id`, `schema_code`, `md_tables_name`, `md_tables_desc`, `public_flag`, `text_column1`, `text_column2`, `text_column3`, `text_column4`, `text_column5`, `int_column1`, `int_column2`, `int_column3`, `num_column1`, `num_column2`, `num_column3`, `date_column1`, `date_column2`, `date_column3`, `active_flag`, `create_by`, `create_date`, `last_update_by`, `last_update_date`) VALUES ('1382964538377060352', '100', 'mysql', 'test', 'rules_entity_rel', '规则与实体关系', 'Y', NULL, NULL, NULL, NULL, NULL, NULL, NULL, NULL, NULL, NULL, NULL, NULL, NULL, NULL, 'Y', '1003', '2021-04-16 15:50:14', '1003', '2021-04-16 15:50:14');

INSERT INTO `demo`.`md_columns` (`md_columns_id`, `tenant_id`, `md_columns_name`, `md_columns_type`, `md_columns_length`, `md_dec_length`, `is_cols_null`, `md_columns_desc`, `is_key`, `public_flag`, `active_flag`, `md_tables_id`, `create_by`, `create_date`, `last_update_by`, `last_update_date`) VALUES ('1382964538054098944', '100', 'rule_id', 'bigint', '19', '0', 'N', '规则ID', 'Y', 'Y', 'Y', '1382964537840189440', '1003', '2021-04-16 15:50:14', '1003', '2021-04-16 15:50:14');
INSERT INTO `demo`.`md_columns` (`md_columns_id`, `tenant_id`, `md_columns_name`, `md_columns_type`, `md_columns_length`, `md_dec_length`, `is_cols_null`, `md_columns_desc`, `is_key`, `public_flag`, `active_flag`, `md_tables_id`, `create_by`, `create_date`, `last_update_by`, `last_update_date`) VALUES ('1382964538054098945', '100', 'tenant_id', 'bigint', '19', '0', 'N', '租户ID', 'N', 'Y', 'Y', '1382964537840189440', '1003', '2021-04-16 15:50:14', '1003', '2021-04-16 15:50:14');
INSERT INTO `demo`.`md_columns` (`md_columns_id`, `tenant_id`, `md_columns_name`, `md_columns_type`, `md_columns_length`, `md_dec_length`, `is_cols_null`, `md_columns_desc`, `is_key`, `public_flag`, `active_flag`, `md_tables_id`, `create_by`, `create_date`, `last_update_by`, `last_update_date`) VALUES ('1382964538054098946', '100', 'rule_code', 'varchar', '200', NULL, 'N', '规则编码', 'N', 'Y', 'Y', '1382964537840189440', '1003', '2021-04-16 15:50:14', '1003', '2021-04-16 15:50:14');
INSERT INTO `demo`.`md_columns` (`md_columns_id`, `tenant_id`, `md_columns_name`, `md_columns_type`, `md_columns_length`, `md_dec_length`, `is_cols_null`, `md_columns_desc`, `is_key`, `public_flag`, `active_flag`, `md_tables_id`, `create_by`, `create_date`, `last_update_by`, `last_update_date`) VALUES ('1382964538054098947', '100', 'rule_name', 'varchar', '200', NULL, 'N', '规则名称', 'N', 'Y', 'Y', '1382964537840189440', '1003', '2021-04-16 15:50:14', '1003', '2021-04-16 15:50:14');
INSERT INTO `demo`.`md_columns` (`md_columns_id`, `tenant_id`, `md_columns_name`, `md_columns_type`, `md_columns_length`, `md_dec_length`, `is_cols_null`, `md_columns_desc`, `is_key`, `public_flag`, `active_flag`, `md_tables_id`, `create_by`, `create_date`, `last_update_by`, `last_update_date`) VALUES ('1382964538054098948', '100', 'rule_category', 'varchar', '200', NULL, 'N', '规则分类，Basic基础类，Business业务类等分类', 'N', 'Y', 'Y', '1382964537840189440', '1003', '2021-04-16 15:50:14', '1003', '2021-04-16 15:50:14');
INSERT INTO `demo`.`md_columns` (`md_columns_id`, `tenant_id`, `md_columns_name`, `md_columns_type`, `md_columns_length`, `md_dec_length`, `is_cols_null`, `md_columns_desc`, `is_key`, `public_flag`, `active_flag`, `md_tables_id`, `create_by`, `create_date`, `last_update_by`, `last_update_date`) VALUES ('1382964538054098949', '100', 'rule_type', 'varchar', '200', NULL, 'N', '规则类型，regex为正则表达式，script为脚本，service为服务', 'N', 'Y', 'Y', '1382964537840189440', '1003', '2021-04-16 15:50:14', '1003', '2021-04-16 15:50:14');
INSERT INTO `demo`.`md_columns` (`md_columns_id`, `tenant_id`, `md_columns_name`, `md_columns_type`, `md_columns_length`, `md_dec_length`, `is_cols_null`, `md_columns_desc`, `is_key`, `public_flag`, `active_flag`, `md_tables_id`, `create_by`, `create_date`, `last_update_by`, `last_update_date`) VALUES ('1382964538054098950', '100', 'rule_script', 'varchar', '4000', NULL, 'N', '规则脚本或表达式', 'N', 'Y', 'Y', '1382964537840189440', '1003', '2021-04-16 15:50:14', '1003', '2021-04-16 15:50:14');
INSERT INTO `demo`.`md_columns` (`md_columns_id`, `tenant_id`, `md_columns_name`, `md_columns_type`, `md_columns_length`, `md_dec_length`, `is_cols_null`, `md_columns_desc`, `is_key`, `public_flag`, `active_flag`, `md_tables_id`, `create_by`, `create_date`, `last_update_by`, `last_update_date`) VALUES ('1382964538054098951', '100', 'rule_demo', 'varchar', '200', NULL, 'N', '规则实例', 'N', 'Y', 'Y', '1382964537840189440', '1003', '2021-04-16 15:50:14', '1003', '2021-04-16 15:50:14');
INSERT INTO `demo`.`md_columns` (`md_columns_id`, `tenant_id`, `md_columns_name`, `md_columns_type`, `md_columns_length`, `md_dec_length`, `is_cols_null`, `md_columns_desc`, `is_key`, `public_flag`, `active_flag`, `md_tables_id`, `create_by`, `create_date`, `last_update_by`, `last_update_date`) VALUES ('1382964538054098952', '100', 'rule_desc', 'varchar', '2000', NULL, 'Y', '规则描述', 'N', 'Y', 'Y', '1382964537840189440', '1003', '2021-04-16 15:50:14', '1003', '2021-04-16 15:50:14');
INSERT INTO `demo`.`md_columns` (`md_columns_id`, `tenant_id`, `md_columns_name`, `md_columns_type`, `md_columns_length`, `md_dec_length`, `is_cols_null`, `md_columns_desc`, `is_key`, `public_flag`, `active_flag`, `md_tables_id`, `create_by`, `create_date`, `last_update_by`, `last_update_date`) VALUES ('1382964538054098953', '100', 'rule_desc_en', 'varchar', '2000', NULL, 'Y', '规则英文描述', 'N', 'Y', 'Y', '1382964537840189440', '1003', '2021-04-16 15:50:14', '1003', '2021-04-16 15:50:14');
INSERT INTO `demo`.`md_columns` (`md_columns_id`, `tenant_id`, `md_columns_name`, `md_columns_type`, `md_columns_length`, `md_dec_length`, `is_cols_null`, `md_columns_desc`, `is_key`, `public_flag`, `active_flag`, `md_tables_id`, `create_by`, `create_date`, `last_update_by`, `last_update_date`) VALUES ('1382964538054098954', '100', 'public_flag', 'char', '1', NULL, 'N', '跨租户共享标识，Y是，N否', 'N', 'Y', 'Y', '1382964537840189440', '1003', '2021-04-16 15:50:14', '1003', '2021-04-16 15:50:14');
INSERT INTO `demo`.`md_columns` (`md_columns_id`, `tenant_id`, `md_columns_name`, `md_columns_type`, `md_columns_length`, `md_dec_length`, `is_cols_null`, `md_columns_desc`, `is_key`, `public_flag`, `active_flag`, `md_tables_id`, `create_by`, `create_date`, `last_update_by`, `last_update_date`) VALUES ('1382964538054098955', '100', 'text_column1', 'varchar', '2000', NULL, 'Y', '预留文本字段1', 'N', 'Y', 'Y', '1382964537840189440', '1003', '2021-04-16 15:50:14', '1003', '2021-04-16 15:50:14');
INSERT INTO `demo`.`md_columns` (`md_columns_id`, `tenant_id`, `md_columns_name`, `md_columns_type`, `md_columns_length`, `md_dec_length`, `is_cols_null`, `md_columns_desc`, `is_key`, `public_flag`, `active_flag`, `md_tables_id`, `create_by`, `create_date`, `last_update_by`, `last_update_date`) VALUES ('1382964538054098956', '100', 'text_column2', 'varchar', '2000', NULL, 'Y', '预留文本字段2', 'N', 'Y', 'Y', '1382964537840189440', '1003', '2021-04-16 15:50:14', '1003', '2021-04-16 15:50:14');
INSERT INTO `demo`.`md_columns` (`md_columns_id`, `tenant_id`, `md_columns_name`, `md_columns_type`, `md_columns_length`, `md_dec_length`, `is_cols_null`, `md_columns_desc`, `is_key`, `public_flag`, `active_flag`, `md_tables_id`, `create_by`, `create_date`, `last_update_by`, `last_update_date`) VALUES ('1382964538054098957', '100', 'text_column3', 'varchar', '2000', NULL, 'Y', '预留文本字段3', 'N', 'Y', 'Y', '1382964537840189440', '1003', '2021-04-16 15:50:14', '1003', '2021-04-16 15:50:14');
INSERT INTO `demo`.`md_columns` (`md_columns_id`, `tenant_id`, `md_columns_name`, `md_columns_type`, `md_columns_length`, `md_dec_length`, `is_cols_null`, `md_columns_desc`, `is_key`, `public_flag`, `active_flag`, `md_tables_id`, `create_by`, `create_date`, `last_update_by`, `last_update_date`) VALUES ('1382964538054098958', '100', 'text_column4', 'varchar', '2000', NULL, 'Y', '预留文本字段4', 'N', 'Y', 'Y', '1382964537840189440', '1003', '2021-04-16 15:50:14', '1003', '2021-04-16 15:50:14');
INSERT INTO `demo`.`md_columns` (`md_columns_id`, `tenant_id`, `md_columns_name`, `md_columns_type`, `md_columns_length`, `md_dec_length`, `is_cols_null`, `md_columns_desc`, `is_key`, `public_flag`, `active_flag`, `md_tables_id`, `create_by`, `create_date`, `last_update_by`, `last_update_date`) VALUES ('1382964538054098959', '100', 'text_column5', 'varchar', '2000', NULL, 'Y', '预留文本字段5', 'N', 'Y', 'Y', '1382964537840189440', '1003', '2021-04-16 15:50:14', '1003', '2021-04-16 15:50:14');
INSERT INTO `demo`.`md_columns` (`md_columns_id`, `tenant_id`, `md_columns_name`, `md_columns_type`, `md_columns_length`, `md_dec_length`, `is_cols_null`, `md_columns_desc`, `is_key`, `public_flag`, `active_flag`, `md_tables_id`, `create_by`, `create_date`, `last_update_by`, `last_update_date`) VALUES ('1382964538054098960', '100', 'int_column1', 'bigint', '19', '0', 'Y', '预留整数字段1', 'N', 'Y', 'Y', '1382964537840189440', '1003', '2021-04-16 15:50:14', '1003', '2021-04-16 15:50:14');
INSERT INTO `demo`.`md_columns` (`md_columns_id`, `tenant_id`, `md_columns_name`, `md_columns_type`, `md_columns_length`, `md_dec_length`, `is_cols_null`, `md_columns_desc`, `is_key`, `public_flag`, `active_flag`, `md_tables_id`, `create_by`, `create_date`, `last_update_by`, `last_update_date`) VALUES ('1382964538054098961', '100', 'int_column2', 'bigint', '19', '0', 'Y', '预留整数字段2', 'N', 'Y', 'Y', '1382964537840189440', '1003', '2021-04-16 15:50:14', '1003', '2021-04-16 15:50:14');
INSERT INTO `demo`.`md_columns` (`md_columns_id`, `tenant_id`, `md_columns_name`, `md_columns_type`, `md_columns_length`, `md_dec_length`, `is_cols_null`, `md_columns_desc`, `is_key`, `public_flag`, `active_flag`, `md_tables_id`, `create_by`, `create_date`, `last_update_by`, `last_update_date`) VALUES ('1382964538054098962', '100', 'int_column3', 'bigint', '19', '0', 'Y', '预留整数字段3', 'N', 'Y', 'Y', '1382964537840189440', '1003', '2021-04-16 15:50:14', '1003', '2021-04-16 15:50:14');
INSERT INTO `demo`.`md_columns` (`md_columns_id`, `tenant_id`, `md_columns_name`, `md_columns_type`, `md_columns_length`, `md_dec_length`, `is_cols_null`, `md_columns_desc`, `is_key`, `public_flag`, `active_flag`, `md_tables_id`, `create_by`, `create_date`, `last_update_by`, `last_update_date`) VALUES ('1382964538054098963', '100', 'num_column1', 'decimal', '30', '8', 'Y', '预留数值字段1', 'N', 'Y', 'Y', '1382964537840189440', '1003', '2021-04-16 15:50:14', '1003', '2021-04-16 15:50:14');
INSERT INTO `demo`.`md_columns` (`md_columns_id`, `tenant_id`, `md_columns_name`, `md_columns_type`, `md_columns_length`, `md_dec_length`, `is_cols_null`, `md_columns_desc`, `is_key`, `public_flag`, `active_flag`, `md_tables_id`, `create_by`, `create_date`, `last_update_by`, `last_update_date`) VALUES ('1382964538054098964', '100', 'num_column2', 'decimal', '30', '8', 'Y', '预留数值字段2', 'N', 'Y', 'Y', '1382964537840189440', '1003', '2021-04-16 15:50:14', '1003', '2021-04-16 15:50:14');
INSERT INTO `demo`.`md_columns` (`md_columns_id`, `tenant_id`, `md_columns_name`, `md_columns_type`, `md_columns_length`, `md_dec_length`, `is_cols_null`, `md_columns_desc`, `is_key`, `public_flag`, `active_flag`, `md_tables_id`, `create_by`, `create_date`, `last_update_by`, `last_update_date`) VALUES ('1382964538054098965', '100', 'num_column3', 'decimal', '30', '8', 'Y', '预留数值字段3', 'N', 'Y', 'Y', '1382964537840189440', '1003', '2021-04-16 15:50:14', '1003', '2021-04-16 15:50:14');
INSERT INTO `demo`.`md_columns` (`md_columns_id`, `tenant_id`, `md_columns_name`, `md_columns_type`, `md_columns_length`, `md_dec_length`, `is_cols_null`, `md_columns_desc`, `is_key`, `public_flag`, `active_flag`, `md_tables_id`, `create_by`, `create_date`, `last_update_by`, `last_update_date`) VALUES ('1382964538054098966', '100', 'date_column1', 'datetime', NULL, NULL, 'Y', '预留日期字段1', 'N', 'Y', 'Y', '1382964537840189440', '1003', '2021-04-16 15:50:14', '1003', '2021-04-16 15:50:14');
INSERT INTO `demo`.`md_columns` (`md_columns_id`, `tenant_id`, `md_columns_name`, `md_columns_type`, `md_columns_length`, `md_dec_length`, `is_cols_null`, `md_columns_desc`, `is_key`, `public_flag`, `active_flag`, `md_tables_id`, `create_by`, `create_date`, `last_update_by`, `last_update_date`) VALUES ('1382964538054098967', '100', 'date_column2', 'datetime', NULL, NULL, 'Y', '预留日期字段2', 'N', 'Y', 'Y', '1382964537840189440', '1003', '2021-04-16 15:50:14', '1003', '2021-04-16 15:50:14');
INSERT INTO `demo`.`md_columns` (`md_columns_id`, `tenant_id`, `md_columns_name`, `md_columns_type`, `md_columns_length`, `md_dec_length`, `is_cols_null`, `md_columns_desc`, `is_key`, `public_flag`, `active_flag`, `md_tables_id`, `create_by`, `create_date`, `last_update_by`, `last_update_date`) VALUES ('1382964538054098968', '100', 'date_column3', 'datetime', NULL, NULL, 'Y', '预留日期字段3', 'N', 'Y', 'Y', '1382964537840189440', '1003', '2021-04-16 15:50:14', '1003', '2021-04-16 15:50:14');
INSERT INTO `demo`.`md_columns` (`md_columns_id`, `tenant_id`, `md_columns_name`, `md_columns_type`, `md_columns_length`, `md_dec_length`, `is_cols_null`, `md_columns_desc`, `is_key`, `public_flag`, `active_flag`, `md_tables_id`, `create_by`, `create_date`, `last_update_by`, `last_update_date`) VALUES ('1382964538054098969', '100', 'active_flag', 'char', '1', NULL, 'N', '有效标识，Y有效，N无效', 'N', 'Y', 'Y', '1382964537840189440', '1003', '2021-04-16 15:50:14', '1003', '2021-04-16 15:50:14');
INSERT INTO `demo`.`md_columns` (`md_columns_id`, `tenant_id`, `md_columns_name`, `md_columns_type`, `md_columns_length`, `md_dec_length`, `is_cols_null`, `md_columns_desc`, `is_key`, `public_flag`, `active_flag`, `md_tables_id`, `create_by`, `create_date`, `last_update_by`, `last_update_date`) VALUES ('1382964538054098970', '100', 'create_date', 'timestamp', NULL, NULL, 'N', '创建时间', 'N', 'Y', 'Y', '1382964537840189440', '1003', '2021-04-16 15:50:14', '1003', '2021-04-16 15:50:14');
INSERT INTO `demo`.`md_columns` (`md_columns_id`, `tenant_id`, `md_columns_name`, `md_columns_type`, `md_columns_length`, `md_dec_length`, `is_cols_null`, `md_columns_desc`, `is_key`, `public_flag`, `active_flag`, `md_tables_id`, `create_by`, `create_date`, `last_update_by`, `last_update_date`) VALUES ('1382964538054098971', '100', 'create_by', 'bigint', '19', '0', 'N', '创建人ID，对用用户ID', 'N', 'Y', 'Y', '1382964537840189440', '1003', '2021-04-16 15:50:14', '1003', '2021-04-16 15:50:14');
INSERT INTO `demo`.`md_columns` (`md_columns_id`, `tenant_id`, `md_columns_name`, `md_columns_type`, `md_columns_length`, `md_dec_length`, `is_cols_null`, `md_columns_desc`, `is_key`, `public_flag`, `active_flag`, `md_tables_id`, `create_by`, `create_date`, `last_update_by`, `last_update_date`) VALUES ('1382964538054098972', '100', 'last_update_date', 'timestamp', NULL, NULL, 'N', '最后更新时间', 'N', 'Y', 'Y', '1382964537840189440', '1003', '2021-04-16 15:50:14', '1003', '2021-04-16 15:50:14');
INSERT INTO `demo`.`md_columns` (`md_columns_id`, `tenant_id`, `md_columns_name`, `md_columns_type`, `md_columns_length`, `md_dec_length`, `is_cols_null`, `md_columns_desc`, `is_key`, `public_flag`, `active_flag`, `md_tables_id`, `create_by`, `create_date`, `last_update_by`, `last_update_date`) VALUES ('1382964538054098973', '100', 'last_update_by', 'bigint', '19', '0', 'N', '最后更新人ID，对用用户ID', 'N', 'Y', 'Y', '1382964537840189440', '1003', '2021-04-16 15:50:14', '1003', '2021-04-16 15:50:14');
INSERT INTO `demo`.`md_columns` (`md_columns_id`, `tenant_id`, `md_columns_name`, `md_columns_type`, `md_columns_length`, `md_dec_length`, `is_cols_null`, `md_columns_desc`, `is_key`, `public_flag`, `active_flag`, `md_tables_id`, `create_by`, `create_date`, `last_update_by`, `last_update_date`) VALUES ('1382964538565804032', '100', 'rule_entity_rel_id', 'bigint', '19', '0', 'N', '规则与实体关系ID', 'Y', 'Y', 'Y', '1382964538377060352', '1003', '2021-04-16 15:50:14', '1003', '2021-04-16 15:50:14');
INSERT INTO `demo`.`md_columns` (`md_columns_id`, `tenant_id`, `md_columns_name`, `md_columns_type`, `md_columns_length`, `md_dec_length`, `is_cols_null`, `md_columns_desc`, `is_key`, `public_flag`, `active_flag`, `md_tables_id`, `create_by`, `create_date`, `last_update_by`, `last_update_date`) VALUES ('1382964538565804033', '100', 'tenant_id', 'bigint', '19', '0', 'N', '租户ID', 'N', 'Y', 'Y', '1382964538377060352', '1003', '2021-04-16 15:50:14', '1003', '2021-04-16 15:50:14');
INSERT INTO `demo`.`md_columns` (`md_columns_id`, `tenant_id`, `md_columns_name`, `md_columns_type`, `md_columns_length`, `md_dec_length`, `is_cols_null`, `md_columns_desc`, `is_key`, `public_flag`, `active_flag`, `md_tables_id`, `create_by`, `create_date`, `last_update_by`, `last_update_date`) VALUES ('1382964538565804034', '100', 'entity_type', 'varchar', '200', '0', 'N', '元数据类型，Entity实体，View视图', 'N', 'Y', 'Y', '1382964538377060352', '1003', '2021-04-16 15:50:14', '1003', '2021-04-16 15:50:14');
INSERT INTO `demo`.`md_columns` (`md_columns_id`, `tenant_id`, `md_columns_name`, `md_columns_type`, `md_columns_length`, `md_dec_length`, `is_cols_null`, `md_columns_desc`, `is_key`, `public_flag`, `active_flag`, `md_tables_id`, `create_by`, `create_date`, `last_update_by`, `last_update_date`) VALUES ('1382964538565804035', '100', 'md_entity_id', 'bigint', '19', '0', 'N', '元数据实体ID或数据视图ID', 'N', 'Y', 'Y', '1382964538377060352', '1003', '2021-04-16 15:50:14', '1003', '2021-04-16 15:50:14');
INSERT INTO `demo`.`md_columns` (`md_columns_id`, `tenant_id`, `md_columns_name`, `md_columns_type`, `md_columns_length`, `md_dec_length`, `is_cols_null`, `md_columns_desc`, `is_key`, `public_flag`, `active_flag`, `md_tables_id`, `create_by`, `create_date`, `last_update_by`, `last_update_date`) VALUES ('1382964538565804037', '100', 'rule_id', 'bigint', '19', '0', 'N', '规则ID', 'N', 'Y', 'Y', '1382964538377060352', '1003', '2021-04-16 15:50:14', '1003', '2021-04-16 15:50:14');
INSERT INTO `demo`.`md_columns` (`md_columns_id`, `tenant_id`, `md_columns_name`, `md_columns_type`, `md_columns_length`, `md_dec_length`, `is_cols_null`, `md_columns_desc`, `is_key`, `public_flag`, `active_flag`, `md_tables_id`, `create_by`, `create_date`, `last_update_by`, `last_update_date`) VALUES ('1382964538565804038', '100', 'rule_rel_desc', 'varchar', '2000', NULL, 'Y', '规则关系描述', 'N', 'Y', 'Y', '1382964538377060352', '1003', '2021-04-16 15:50:14', '1003', '2021-04-16 15:50:14');
INSERT INTO `demo`.`md_columns` (`md_columns_id`, `tenant_id`, `md_columns_name`, `md_columns_type`, `md_columns_length`, `md_dec_length`, `is_cols_null`, `md_columns_desc`, `is_key`, `public_flag`, `active_flag`, `md_tables_id`, `create_by`, `create_date`, `last_update_by`, `last_update_date`) VALUES ('1382964538565804039', '100', 'public_flag', 'char', '1', NULL, 'N', '全局公共标识，Y是，N否', 'N', 'Y', 'Y', '1382964538377060352', '1003', '2021-04-16 15:50:14', '1003', '2021-04-16 15:50:14');
INSERT INTO `demo`.`md_columns` (`md_columns_id`, `tenant_id`, `md_columns_name`, `md_columns_type`, `md_columns_length`, `md_dec_length`, `is_cols_null`, `md_columns_desc`, `is_key`, `public_flag`, `active_flag`, `md_tables_id`, `create_by`, `create_date`, `last_update_by`, `last_update_date`) VALUES ('1382964538565804040', '100', 'text_column1', 'varchar', '2000', NULL, 'Y', '预留文本字段1', 'N', 'Y', 'Y', '1382964538377060352', '1003', '2021-04-16 15:50:14', '1003', '2021-04-16 15:50:14');
INSERT INTO `demo`.`md_columns` (`md_columns_id`, `tenant_id`, `md_columns_name`, `md_columns_type`, `md_columns_length`, `md_dec_length`, `is_cols_null`, `md_columns_desc`, `is_key`, `public_flag`, `active_flag`, `md_tables_id`, `create_by`, `create_date`, `last_update_by`, `last_update_date`) VALUES ('1382964538565804041', '100', 'text_column2', 'varchar', '2000', NULL, 'Y', '预留文本字段2', 'N', 'Y', 'Y', '1382964538377060352', '1003', '2021-04-16 15:50:14', '1003', '2021-04-16 15:50:14');
INSERT INTO `demo`.`md_columns` (`md_columns_id`, `tenant_id`, `md_columns_name`, `md_columns_type`, `md_columns_length`, `md_dec_length`, `is_cols_null`, `md_columns_desc`, `is_key`, `public_flag`, `active_flag`, `md_tables_id`, `create_by`, `create_date`, `last_update_by`, `last_update_date`) VALUES ('1382964538565804042', '100', 'text_column3', 'varchar', '2000', NULL, 'Y', '预留文本字段3', 'N', 'Y', 'Y', '1382964538377060352', '1003', '2021-04-16 15:50:14', '1003', '2021-04-16 15:50:14');
INSERT INTO `demo`.`md_columns` (`md_columns_id`, `tenant_id`, `md_columns_name`, `md_columns_type`, `md_columns_length`, `md_dec_length`, `is_cols_null`, `md_columns_desc`, `is_key`, `public_flag`, `active_flag`, `md_tables_id`, `create_by`, `create_date`, `last_update_by`, `last_update_date`) VALUES ('1382964538565804043', '100', 'text_column4', 'varchar', '2000', NULL, 'Y', '预留文本字段4', 'N', 'Y', 'Y', '1382964538377060352', '1003', '2021-04-16 15:50:14', '1003', '2021-04-16 15:50:14');
INSERT INTO `demo`.`md_columns` (`md_columns_id`, `tenant_id`, `md_columns_name`, `md_columns_type`, `md_columns_length`, `md_dec_length`, `is_cols_null`, `md_columns_desc`, `is_key`, `public_flag`, `active_flag`, `md_tables_id`, `create_by`, `create_date`, `last_update_by`, `last_update_date`) VALUES ('1382964538565804044', '100', 'text_column5', 'varchar', '2000', NULL, 'Y', '预留文本字段5', 'N', 'Y', 'Y', '1382964538377060352', '1003', '2021-04-16 15:50:14', '1003', '2021-04-16 15:50:14');
INSERT INTO `demo`.`md_columns` (`md_columns_id`, `tenant_id`, `md_columns_name`, `md_columns_type`, `md_columns_length`, `md_dec_length`, `is_cols_null`, `md_columns_desc`, `is_key`, `public_flag`, `active_flag`, `md_tables_id`, `create_by`, `create_date`, `last_update_by`, `last_update_date`) VALUES ('1382964538565804045', '100', 'int_column1', 'bigint', '19', '0', 'Y', '预留整数字段1', 'N', 'Y', 'Y', '1382964538377060352', '1003', '2021-04-16 15:50:14', '1003', '2021-04-16 15:50:14');
INSERT INTO `demo`.`md_columns` (`md_columns_id`, `tenant_id`, `md_columns_name`, `md_columns_type`, `md_columns_length`, `md_dec_length`, `is_cols_null`, `md_columns_desc`, `is_key`, `public_flag`, `active_flag`, `md_tables_id`, `create_by`, `create_date`, `last_update_by`, `last_update_date`) VALUES ('1382964538565804046', '100', 'int_column2', 'bigint', '19', '0', 'Y', '预留整数字段2', 'N', 'Y', 'Y', '1382964538377060352', '1003', '2021-04-16 15:50:14', '1003', '2021-04-16 15:50:14');
INSERT INTO `demo`.`md_columns` (`md_columns_id`, `tenant_id`, `md_columns_name`, `md_columns_type`, `md_columns_length`, `md_dec_length`, `is_cols_null`, `md_columns_desc`, `is_key`, `public_flag`, `active_flag`, `md_tables_id`, `create_by`, `create_date`, `last_update_by`, `last_update_date`) VALUES ('1382964538565804047', '100', 'int_column3', 'bigint', '19', '0', 'Y', '预留整数字段3', 'N', 'Y', 'Y', '1382964538377060352', '1003', '2021-04-16 15:50:14', '1003', '2021-04-16 15:50:14');
INSERT INTO `demo`.`md_columns` (`md_columns_id`, `tenant_id`, `md_columns_name`, `md_columns_type`, `md_columns_length`, `md_dec_length`, `is_cols_null`, `md_columns_desc`, `is_key`, `public_flag`, `active_flag`, `md_tables_id`, `create_by`, `create_date`, `last_update_by`, `last_update_date`) VALUES ('1382964538565804048', '100', 'num_column1', 'decimal', '30', '8', 'Y', '预留数值字段1', 'N', 'Y', 'Y', '1382964538377060352', '1003', '2021-04-16 15:50:14', '1003', '2021-04-16 15:50:14');
INSERT INTO `demo`.`md_columns` (`md_columns_id`, `tenant_id`, `md_columns_name`, `md_columns_type`, `md_columns_length`, `md_dec_length`, `is_cols_null`, `md_columns_desc`, `is_key`, `public_flag`, `active_flag`, `md_tables_id`, `create_by`, `create_date`, `last_update_by`, `last_update_date`) VALUES ('1382964538565804049', '100', 'num_column2', 'decimal', '30', '8', 'Y', '预留数值字段2', 'N', 'Y', 'Y', '1382964538377060352', '1003', '2021-04-16 15:50:14', '1003', '2021-04-16 15:50:14');
INSERT INTO `demo`.`md_columns` (`md_columns_id`, `tenant_id`, `md_columns_name`, `md_columns_type`, `md_columns_length`, `md_dec_length`, `is_cols_null`, `md_columns_desc`, `is_key`, `public_flag`, `active_flag`, `md_tables_id`, `create_by`, `create_date`, `last_update_by`, `last_update_date`) VALUES ('1382964538565804050', '100', 'num_column3', 'decimal', '30', '8', 'Y', '预留数值字段3', 'N', 'Y', 'Y', '1382964538377060352', '1003', '2021-04-16 15:50:14', '1003', '2021-04-16 15:50:14');
INSERT INTO `demo`.`md_columns` (`md_columns_id`, `tenant_id`, `md_columns_name`, `md_columns_type`, `md_columns_length`, `md_dec_length`, `is_cols_null`, `md_columns_desc`, `is_key`, `public_flag`, `active_flag`, `md_tables_id`, `create_by`, `create_date`, `last_update_by`, `last_update_date`) VALUES ('1382964538565804051', '100', 'date_column1', 'datetime', NULL, NULL, 'Y', '预留日期字段1', 'N', 'Y', 'Y', '1382964538377060352', '1003', '2021-04-16 15:50:14', '1003', '2021-04-16 15:50:14');
INSERT INTO `demo`.`md_columns` (`md_columns_id`, `tenant_id`, `md_columns_name`, `md_columns_type`, `md_columns_length`, `md_dec_length`, `is_cols_null`, `md_columns_desc`, `is_key`, `public_flag`, `active_flag`, `md_tables_id`, `create_by`, `create_date`, `last_update_by`, `last_update_date`) VALUES ('1382964538565804052', '100', 'date_column2', 'datetime', NULL, NULL, 'Y', '预留日期字段2', 'N', 'Y', 'Y', '1382964538377060352', '1003', '2021-04-16 15:50:14', '1003', '2021-04-16 15:50:14');
INSERT INTO `demo`.`md_columns` (`md_columns_id`, `tenant_id`, `md_columns_name`, `md_columns_type`, `md_columns_length`, `md_dec_length`, `is_cols_null`, `md_columns_desc`, `is_key`, `public_flag`, `active_flag`, `md_tables_id`, `create_by`, `create_date`, `last_update_by`, `last_update_date`) VALUES ('1382964538565804053', '100', 'date_column3', 'datetime', NULL, NULL, 'Y', '预留日期字段3', 'N', 'Y', 'Y', '1382964538377060352', '1003', '2021-04-16 15:50:14', '1003', '2021-04-16 15:50:14');
INSERT INTO `demo`.`md_columns` (`md_columns_id`, `tenant_id`, `md_columns_name`, `md_columns_type`, `md_columns_length`, `md_dec_length`, `is_cols_null`, `md_columns_desc`, `is_key`, `public_flag`, `active_flag`, `md_tables_id`, `create_by`, `create_date`, `last_update_by`, `last_update_date`) VALUES ('1382964538565804054', '100', 'active_flag', 'char', '1', NULL, 'N', '有效标识，Y有效，N无效', 'N', 'Y', 'Y', '1382964538377060352', '1003', '2021-04-16 15:50:14', '1003', '2021-04-16 15:50:14');
INSERT INTO `demo`.`md_columns` (`md_columns_id`, `tenant_id`, `md_columns_name`, `md_columns_type`, `md_columns_length`, `md_dec_length`, `is_cols_null`, `md_columns_desc`, `is_key`, `public_flag`, `active_flag`, `md_tables_id`, `create_by`, `create_date`, `last_update_by`, `last_update_date`) VALUES ('1382964538565804055', '100', 'create_date', 'timestamp', NULL, NULL, 'N', '创建时间', 'N', 'Y', 'Y', '1382964538377060352', '1003', '2021-04-16 15:50:14', '1003', '2021-04-16 15:50:14');
INSERT INTO `demo`.`md_columns` (`md_columns_id`, `tenant_id`, `md_columns_name`, `md_columns_type`, `md_columns_length`, `md_dec_length`, `is_cols_null`, `md_columns_desc`, `is_key`, `public_flag`, `active_flag`, `md_tables_id`, `create_by`, `create_date`, `last_update_by`, `last_update_date`) VALUES ('1382964538565804056', '100', 'create_by', 'bigint', '19', '0', 'N', '创建人ID，对用用户ID', 'N', 'Y', 'Y', '1382964538377060352', '1003', '2021-04-16 15:50:14', '1003', '2021-04-16 15:50:14');
INSERT INTO `demo`.`md_columns` (`md_columns_id`, `tenant_id`, `md_columns_name`, `md_columns_type`, `md_columns_length`, `md_dec_length`, `is_cols_null`, `md_columns_desc`, `is_key`, `public_flag`, `active_flag`, `md_tables_id`, `create_by`, `create_date`, `last_update_by`, `last_update_date`) VALUES ('1382964538565804057', '100', 'last_update_date', 'timestamp', NULL, NULL, 'N', '最后更新时间', 'N', 'Y', 'Y', '1382964538377060352', '1003', '2021-04-16 15:50:14', '1003', '2021-04-16 15:50:14');
INSERT INTO `demo`.`md_columns` (`md_columns_id`, `tenant_id`, `md_columns_name`, `md_columns_type`, `md_columns_length`, `md_dec_length`, `is_cols_null`, `md_columns_desc`, `is_key`, `public_flag`, `active_flag`, `md_tables_id`, `create_by`, `create_date`, `last_update_by`, `last_update_date`) VALUES ('1382964538565804058', '100', 'last_update_by', 'bigint', '19', '0', 'N', '最后更新人ID，对用用户ID', 'N', 'Y', 'Y', '1382964538377060352', '1003', '2021-04-16 15:50:14', '1003', '2021-04-16 15:50:14');
INSERT INTO `demo`.`md_columns` (`md_columns_id`, `tenant_id`, `md_columns_name`, `md_columns_type`, `md_columns_length`, `md_dec_length`, `is_cols_null`, `md_columns_desc`, `is_key`, `public_flag`, `active_flag`, `md_tables_id`, `create_by`, `create_date`, `last_update_by`, `last_update_date`) VALUES ('1382964538565804036', '100', 'input_params', 'varchar', '2000', '0', 'Y', '输入参数，跟实体属性名称匹配（可以多个，list形式）', 'N', 'Y', 'Y', '1382964538377060352', '1003', '2021-04-20 09:52:51', '1003', '2021-04-16 15:50:14');
INSERT INTO `demo`.`md_columns` (`md_columns_id`, `tenant_id`, `md_columns_name`, `md_columns_type`, `md_columns_length`, `md_dec_length`, `is_cols_null`, `md_columns_desc`, `is_key`, `public_flag`, `active_flag`, `md_tables_id`, `create_by`, `create_date`, `last_update_by`, `last_update_date`) VALUES ('1382964538565804059', '100', 'output_params', 'varchar', '2000', NULL, 'Y', '输出参数，跟实体属性名称匹配（可以多个，list形式）', 'N', 'Y', 'Y', '1382964538377060352', '1003', '2021-04-20 09:59:28', '1003', '2021-04-20 09:58:58');
commit;
INSERT INTO `demo`.`md_entities` (`md_entity_id`, `tenant_id`, `md_entity_name`, `md_entity_code`, `md_entity_name_en`, `md_entity_desc`, `md_tables_id`, `sys_flag`, `public_flag`, `text_column1`, `text_column2`, `text_column3`, `text_column4`, `text_column5`, `int_column1`, `int_column2`, `int_column3`, `num_column1`, `num_column2`, `num_column3`, `date_column1`, `date_column2`, `date_column3`, `active_flag`, `create_by`, `create_date`, `last_update_by`, `last_update_date`) VALUES ('1382966517711060992', '100', '校验规则', 'rules', 'rules', '校验规则', '1382964537840189440', 'Y', 'Y', NULL, NULL, NULL, NULL, NULL, NULL, NULL, NULL, NULL, NULL, NULL, NULL, NULL, NULL, 'Y', '1003', '2021-04-16 15:58:06', '1003', '2021-04-16 15:58:06');
INSERT INTO `demo`.`md_entities` (`md_entity_id`, `tenant_id`, `md_entity_name`, `md_entity_code`, `md_entity_name_en`, `md_entity_desc`, `md_tables_id`, `sys_flag`, `public_flag`, `text_column1`, `text_column2`, `text_column3`, `text_column4`, `text_column5`, `int_column1`, `int_column2`, `int_column3`, `num_column1`, `num_column2`, `num_column3`, `date_column1`, `date_column2`, `date_column3`, `active_flag`, `create_by`, `create_date`, `last_update_by`, `last_update_date`) VALUES ('1382966519099375616', '100', '规则与实体关系', 'rules_entity_rel', 'rules_entity_rel', '规则与实体关系', '1382964538377060352', 'Y', 'Y', NULL, NULL, NULL, NULL, NULL, NULL, NULL, NULL, NULL, NULL, NULL, NULL, NULL, NULL, 'Y', '1003', '2021-04-16 15:58:07', '1003', '2021-04-16 15:58:07');

INSERT INTO `demo`.`md_fields` (`md_fields_id`, `tenant_id`, `md_entity_id`, `md_fields_name`, `md_fields_name_en`, `md_fields_type`, `md_fields_length`, `md_decimals_length`, `is_null`, `is_indexed`, `is_unique`, `md_fields_desc`, `md_columns_id`, `lookup_flag`, `lookup_entity`, `lookup_type`, `public_flag`, `default_value`, `active_flag`, `create_by`, `create_date`, `last_update_by`, `last_update_date`, `is_key`, `md_fields_name_cn`) VALUES ('1382966520076648452', '100', '1382966519099375616', 'input_params', 'input_params', 'varchar', '2000', '0', 'Y', 'N', 'N', '输入参数，跟实体属性名称匹配（可以多个，list形式）', '1382964538565804036', 'N', NULL, NULL, 'N', NULL, 'Y', '1003', '2021-04-16 15:58:07', '1003', '2021-04-16 15:58:07', 'N', NULL);
INSERT INTO `demo`.`md_fields` (`md_fields_id`, `tenant_id`, `md_entity_id`, `md_fields_name`, `md_fields_name_en`, `md_fields_type`, `md_fields_length`, `md_decimals_length`, `is_null`, `is_indexed`, `is_unique`, `md_fields_desc`, `md_columns_id`, `lookup_flag`, `lookup_entity`, `lookup_type`, `public_flag`, `default_value`, `active_flag`, `create_by`, `create_date`, `last_update_by`, `last_update_date`, `is_key`, `md_fields_name_cn`) VALUES ('1382966520076648481', '100', '1382966519099375616', 'output_params', 'output_params', 'varchar', '2000', NULL, 'Y', 'N', 'N', '输出参数，跟实体属性名称匹配（可以多个，list形式）', '1382964538565804059', 'N', '', '', 'N', '', 'Y', '1003', '2021-04-16 15:58:07', '1003', '2021-04-16 15:58:07', 'N', '');
INSERT INTO `demo`.`md_fields` (`md_fields_id`, `tenant_id`, `md_entity_id`, `md_fields_name`, `md_fields_name_en`, `md_fields_type`, `md_fields_length`, `md_decimals_length`, `is_null`, `is_indexed`, `is_unique`, `md_fields_desc`, `md_columns_id`, `lookup_flag`, `lookup_entity`, `lookup_type`, `public_flag`, `default_value`, `active_flag`, `create_by`, `create_date`, `last_update_by`, `last_update_date`, `is_key`, `md_fields_name_cn`) VALUES ('1382966518428286976', '100', '1382966517711060992', 'rule_id', 'rule_id', 'bigint', '19', '0', 'N', 'N', 'N', '规则ID', '1382964538054098944', 'N', NULL, NULL, 'N', NULL, 'Y', '1003', '2021-04-16 15:58:06', '1003', '2021-04-16 15:58:06', 'Y', NULL);
INSERT INTO `demo`.`md_fields` (`md_fields_id`, `tenant_id`, `md_entity_id`, `md_fields_name`, `md_fields_name_en`, `md_fields_type`, `md_fields_length`, `md_decimals_length`, `is_null`, `is_indexed`, `is_unique`, `md_fields_desc`, `md_columns_id`, `lookup_flag`, `lookup_entity`, `lookup_type`, `public_flag`, `default_value`, `active_flag`, `create_by`, `create_date`, `last_update_by`, `last_update_date`, `is_key`, `md_fields_name_cn`) VALUES ('1382966518428286977', '100', '1382966517711060992', 'tenant_id', 'tenant_id', 'bigint', '19', '0', 'N', 'N', 'N', '租户ID', '1382964538054098945', 'N', NULL, NULL, 'N', NULL, 'Y', '1003', '2021-04-16 15:58:06', '1003', '2021-04-16 15:58:06', 'N', NULL);
INSERT INTO `demo`.`md_fields` (`md_fields_id`, `tenant_id`, `md_entity_id`, `md_fields_name`, `md_fields_name_en`, `md_fields_type`, `md_fields_length`, `md_decimals_length`, `is_null`, `is_indexed`, `is_unique`, `md_fields_desc`, `md_columns_id`, `lookup_flag`, `lookup_entity`, `lookup_type`, `public_flag`, `default_value`, `active_flag`, `create_by`, `create_date`, `last_update_by`, `last_update_date`, `is_key`, `md_fields_name_cn`) VALUES ('1382966518428286980', '100', '1382966517711060992', 'rule_category', 'rule_category', 'varchar', '200', NULL, 'N', 'N', 'N', '规则分类，Basic基础类，Business业务类等分类', '1382964538054098948', 'N', NULL, NULL, 'N', NULL, 'Y', '1003', '2021-04-16 15:58:06', '1003', '2021-04-16 15:58:06', 'N', NULL);
INSERT INTO `demo`.`md_fields` (`md_fields_id`, `tenant_id`, `md_entity_id`, `md_fields_name`, `md_fields_name_en`, `md_fields_type`, `md_fields_length`, `md_decimals_length`, `is_null`, `is_indexed`, `is_unique`, `md_fields_desc`, `md_columns_id`, `lookup_flag`, `lookup_entity`, `lookup_type`, `public_flag`, `default_value`, `active_flag`, `create_by`, `create_date`, `last_update_by`, `last_update_date`, `is_key`, `md_fields_name_cn`) VALUES ('1382966518428286984', '100', '1382966517711060992', 'public_flag', 'public_flag', 'char', '1', NULL, 'N', 'N', 'N', '跨租户共享标识，Y是，N否', '1382964538054098954', 'N', NULL, NULL, 'N', NULL, 'Y', '1003', '2021-04-16 15:58:06', '1003', '2021-04-16 15:58:06', 'N', NULL);
INSERT INTO `demo`.`md_fields` (`md_fields_id`, `tenant_id`, `md_entity_id`, `md_fields_name`, `md_fields_name_en`, `md_fields_type`, `md_fields_length`, `md_decimals_length`, `is_null`, `is_indexed`, `is_unique`, `md_fields_desc`, `md_columns_id`, `lookup_flag`, `lookup_entity`, `lookup_type`, `public_flag`, `default_value`, `active_flag`, `create_by`, `create_date`, `last_update_by`, `last_update_date`, `is_key`, `md_fields_name_cn`) VALUES ('1382966518772219906', '100', '1382966517711060992', 'rule_code', 'rule_code', 'varchar', '200', NULL, 'N', 'N', 'N', '规则编码', '1382964538054098946', 'N', NULL, NULL, 'N', NULL, 'Y', '1003', '2021-04-16 15:58:07', '1003', '2021-04-16 15:58:07', 'N', NULL);
INSERT INTO `demo`.`md_fields` (`md_fields_id`, `tenant_id`, `md_entity_id`, `md_fields_name`, `md_fields_name_en`, `md_fields_type`, `md_fields_length`, `md_decimals_length`, `is_null`, `is_indexed`, `is_unique`, `md_fields_desc`, `md_columns_id`, `lookup_flag`, `lookup_entity`, `lookup_type`, `public_flag`, `default_value`, `active_flag`, `create_by`, `create_date`, `last_update_by`, `last_update_date`, `is_key`, `md_fields_name_cn`) VALUES ('1382966518772219907', '100', '1382966517711060992', 'rule_name', 'rule_name', 'varchar', '200', NULL, 'N', 'N', 'N', '规则名称', '1382964538054098947', 'N', NULL, NULL, 'N', NULL, 'Y', '1003', '2021-04-16 15:58:07', '1003', '2021-04-16 15:58:07', 'N', NULL);
INSERT INTO `demo`.`md_fields` (`md_fields_id`, `tenant_id`, `md_entity_id`, `md_fields_name`, `md_fields_name_en`, `md_fields_type`, `md_fields_length`, `md_decimals_length`, `is_null`, `is_indexed`, `is_unique`, `md_fields_desc`, `md_columns_id`, `lookup_flag`, `lookup_entity`, `lookup_type`, `public_flag`, `default_value`, `active_flag`, `create_by`, `create_date`, `last_update_by`, `last_update_date`, `is_key`, `md_fields_name_cn`) VALUES ('1382966518772219909', '100', '1382966517711060992', 'rule_type', 'rule_type', 'varchar', '200', NULL, 'N', 'N', 'N', '规则类型，regex为正则表达式，script为脚本，service为服务', '1382964538054098949', 'N', NULL, NULL, 'N', NULL, 'Y', '1003', '2021-04-16 15:58:07', '1003', '2021-04-16 15:58:07', 'N', NULL);
INSERT INTO `demo`.`md_fields` (`md_fields_id`, `tenant_id`, `md_entity_id`, `md_fields_name`, `md_fields_name_en`, `md_fields_type`, `md_fields_length`, `md_decimals_length`, `is_null`, `is_indexed`, `is_unique`, `md_fields_desc`, `md_columns_id`, `lookup_flag`, `lookup_entity`, `lookup_type`, `public_flag`, `default_value`, `active_flag`, `create_by`, `create_date`, `last_update_by`, `last_update_date`, `is_key`, `md_fields_name_cn`) VALUES ('1382966518772219910', '100', '1382966517711060992', 'rule_script', 'rule_script', 'varchar', '4000', NULL, 'N', 'N', 'N', '规则脚本或表达式', '1382964538054098950', 'N', NULL, NULL, 'N', NULL, 'Y', '1003', '2021-04-16 15:58:07', '1003', '2021-04-16 15:58:07', 'N', NULL);
INSERT INTO `demo`.`md_fields` (`md_fields_id`, `tenant_id`, `md_entity_id`, `md_fields_name`, `md_fields_name_en`, `md_fields_type`, `md_fields_length`, `md_decimals_length`, `is_null`, `is_indexed`, `is_unique`, `md_fields_desc`, `md_columns_id`, `lookup_flag`, `lookup_entity`, `lookup_type`, `public_flag`, `default_value`, `active_flag`, `create_by`, `create_date`, `last_update_by`, `last_update_date`, `is_key`, `md_fields_name_cn`) VALUES ('1382966518772219911', '100', '1382966517711060992', 'rule_demo', 'rule_demo', 'varchar', '200', NULL, 'N', 'N', 'N', '规则实例', '1382964538054098951', 'N', NULL, NULL, 'N', NULL, 'Y', '1003', '2021-04-16 15:58:07', '1003', '2021-04-16 15:58:07', 'N', NULL);
INSERT INTO `demo`.`md_fields` (`md_fields_id`, `tenant_id`, `md_entity_id`, `md_fields_name`, `md_fields_name_en`, `md_fields_type`, `md_fields_length`, `md_decimals_length`, `is_null`, `is_indexed`, `is_unique`, `md_fields_desc`, `md_columns_id`, `lookup_flag`, `lookup_entity`, `lookup_type`, `public_flag`, `default_value`, `active_flag`, `create_by`, `create_date`, `last_update_by`, `last_update_date`, `is_key`, `md_fields_name_cn`) VALUES ('1382966518772219912', '100', '1382966517711060992', 'rule_desc', 'rule_desc', 'varchar', '2000', NULL, 'Y', 'N', 'N', '规则描述', '1382964538054098952', 'N', NULL, NULL, 'N', NULL, 'Y', '1003', '2021-04-16 15:58:07', '1003', '2021-04-16 15:58:07', 'N', NULL);
INSERT INTO `demo`.`md_fields` (`md_fields_id`, `tenant_id`, `md_entity_id`, `md_fields_name`, `md_fields_name_en`, `md_fields_type`, `md_fields_length`, `md_decimals_length`, `is_null`, `is_indexed`, `is_unique`, `md_fields_desc`, `md_columns_id`, `lookup_flag`, `lookup_entity`, `lookup_type`, `public_flag`, `default_value`, `active_flag`, `create_by`, `create_date`, `last_update_by`, `last_update_date`, `is_key`, `md_fields_name_cn`) VALUES ('1382966518772219913', '100', '1382966517711060992', 'rule_desc_en', 'rule_desc_en', 'varchar', '2000', NULL, 'Y', 'N', 'N', '规则英文描述', '1382964538054098953', 'N', NULL, NULL, 'N', NULL, 'Y', '1003', '2021-04-16 15:58:07', '1003', '2021-04-16 15:58:07', 'N', NULL);
INSERT INTO `demo`.`md_fields` (`md_fields_id`, `tenant_id`, `md_entity_id`, `md_fields_name`, `md_fields_name_en`, `md_fields_type`, `md_fields_length`, `md_decimals_length`, `is_null`, `is_indexed`, `is_unique`, `md_fields_desc`, `md_columns_id`, `lookup_flag`, `lookup_entity`, `lookup_type`, `public_flag`, `default_value`, `active_flag`, `create_by`, `create_date`, `last_update_by`, `last_update_date`, `is_key`, `md_fields_name_cn`) VALUES ('1382966518772219929', '100', '1382966517711060992', 'active_flag', 'active_flag', 'char', '1', NULL, 'N', 'N', 'N', '有效标识，Y有效，N无效', '1382964538054098969', 'N', NULL, NULL, 'N', NULL, 'Y', '1003', '2021-04-16 15:58:07', '1003', '2021-04-16 15:58:07', 'N', NULL);
INSERT INTO `demo`.`md_fields` (`md_fields_id`, `tenant_id`, `md_entity_id`, `md_fields_name`, `md_fields_name_en`, `md_fields_type`, `md_fields_length`, `md_decimals_length`, `is_null`, `is_indexed`, `is_unique`, `md_fields_desc`, `md_columns_id`, `lookup_flag`, `lookup_entity`, `lookup_type`, `public_flag`, `default_value`, `active_flag`, `create_by`, `create_date`, `last_update_by`, `last_update_date`, `is_key`, `md_fields_name_cn`) VALUES ('1382966518772219930', '100', '1382966517711060992', 'create_date', 'create_date', 'timestamp', NULL, NULL, 'N', 'N', 'N', '创建时间', '1382964538054098970', 'N', NULL, NULL, 'N', NULL, 'Y', '1003', '2021-04-16 15:58:07', '1003', '2021-04-16 15:58:07', 'N', NULL);
INSERT INTO `demo`.`md_fields` (`md_fields_id`, `tenant_id`, `md_entity_id`, `md_fields_name`, `md_fields_name_en`, `md_fields_type`, `md_fields_length`, `md_decimals_length`, `is_null`, `is_indexed`, `is_unique`, `md_fields_desc`, `md_columns_id`, `lookup_flag`, `lookup_entity`, `lookup_type`, `public_flag`, `default_value`, `active_flag`, `create_by`, `create_date`, `last_update_by`, `last_update_date`, `is_key`, `md_fields_name_cn`) VALUES ('1382966518772219931', '100', '1382966517711060992', 'create_by', 'create_by', 'bigint', '19', '0', 'N', 'N', 'N', '创建人ID，对用用户ID', '1382964538054098971', 'N', NULL, NULL, 'N', NULL, 'Y', '1003', '2021-04-16 15:58:07', '1003', '2021-04-16 15:58:07', 'N', NULL);
INSERT INTO `demo`.`md_fields` (`md_fields_id`, `tenant_id`, `md_entity_id`, `md_fields_name`, `md_fields_name_en`, `md_fields_type`, `md_fields_length`, `md_decimals_length`, `is_null`, `is_indexed`, `is_unique`, `md_fields_desc`, `md_columns_id`, `lookup_flag`, `lookup_entity`, `lookup_type`, `public_flag`, `default_value`, `active_flag`, `create_by`, `create_date`, `last_update_by`, `last_update_date`, `is_key`, `md_fields_name_cn`) VALUES ('1382966518772219932', '100', '1382966517711060992', 'last_update_date', 'last_update_date', 'timestamp', NULL, NULL, 'N', 'N', 'N', '最后更新时间', '1382964538054098972', 'N', NULL, NULL, 'N', NULL, 'Y', '1003', '2021-04-16 15:58:07', '1003', '2021-04-16 15:58:07', 'N', NULL);
INSERT INTO `demo`.`md_fields` (`md_fields_id`, `tenant_id`, `md_entity_id`, `md_fields_name`, `md_fields_name_en`, `md_fields_type`, `md_fields_length`, `md_decimals_length`, `is_null`, `is_indexed`, `is_unique`, `md_fields_desc`, `md_columns_id`, `lookup_flag`, `lookup_entity`, `lookup_type`, `public_flag`, `default_value`, `active_flag`, `create_by`, `create_date`, `last_update_by`, `last_update_date`, `is_key`, `md_fields_name_cn`) VALUES ('1382966518772219933', '100', '1382966517711060992', 'last_update_by', 'last_update_by', 'bigint', '19', '0', 'N', 'N', 'N', '最后更新人ID，对用用户ID', '1382964538054098973', 'N', NULL, NULL, 'N', NULL, 'Y', '1003', '2021-04-16 15:58:07', '1003', '2021-04-16 15:58:07', 'N', NULL);
INSERT INTO `demo`.`md_fields` (`md_fields_id`, `tenant_id`, `md_entity_id`, `md_fields_name`, `md_fields_name_en`, `md_fields_type`, `md_fields_length`, `md_decimals_length`, `is_null`, `is_indexed`, `is_unique`, `md_fields_desc`, `md_columns_id`, `lookup_flag`, `lookup_entity`, `lookup_type`, `public_flag`, `default_value`, `active_flag`, `create_by`, `create_date`, `last_update_by`, `last_update_date`, `is_key`, `md_fields_name_cn`) VALUES ('1382966519795630081', '100', '1382966519099375616', 'tenant_id', 'tenant_id', 'bigint', '19', '0', 'N', 'N', 'N', '租户ID', '1382964538565804033', 'N', NULL, NULL, 'N', NULL, 'Y', '1003', '2021-04-16 15:58:07', '1003', '2021-04-16 15:58:07', 'N', NULL);
INSERT INTO `demo`.`md_fields` (`md_fields_id`, `tenant_id`, `md_entity_id`, `md_fields_name`, `md_fields_name_en`, `md_fields_type`, `md_fields_length`, `md_decimals_length`, `is_null`, `is_indexed`, `is_unique`, `md_fields_desc`, `md_columns_id`, `lookup_flag`, `lookup_entity`, `lookup_type`, `public_flag`, `default_value`, `active_flag`, `create_by`, `create_date`, `last_update_by`, `last_update_date`, `is_key`, `md_fields_name_cn`) VALUES ('1382966519795630083', '100', '1382966519099375616', 'md_entity_id', 'md_entity_id', 'bigint', '19', '0', 'N', 'N', 'N', '元数据实体ID或数据视图ID', '1382964538565804035', 'N', NULL, NULL, 'N', NULL, 'Y', '1003', '2021-04-16 15:58:07', '1003', '2021-04-16 15:58:07', 'N', NULL);
INSERT INTO `demo`.`md_fields` (`md_fields_id`, `tenant_id`, `md_entity_id`, `md_fields_name`, `md_fields_name_en`, `md_fields_type`, `md_fields_length`, `md_decimals_length`, `is_null`, `is_indexed`, `is_unique`, `md_fields_desc`, `md_columns_id`, `lookup_flag`, `lookup_entity`, `lookup_type`, `public_flag`, `default_value`, `active_flag`, `create_by`, `create_date`, `last_update_by`, `last_update_date`, `is_key`, `md_fields_name_cn`) VALUES ('1382966519795630084', '100', '1382966519099375616', 'rule_id', 'rule_id', 'bigint', '19', '0', 'N', 'N', 'N', '规则ID', '1382964538565804037', 'N', NULL, NULL, 'N', NULL, 'Y', '1003', '2021-04-16 15:58:07', '1003', '2021-04-16 15:58:07', 'N', NULL);
INSERT INTO `demo`.`md_fields` (`md_fields_id`, `tenant_id`, `md_entity_id`, `md_fields_name`, `md_fields_name_en`, `md_fields_type`, `md_fields_length`, `md_decimals_length`, `is_null`, `is_indexed`, `is_unique`, `md_fields_desc`, `md_columns_id`, `lookup_flag`, `lookup_entity`, `lookup_type`, `public_flag`, `default_value`, `active_flag`, `create_by`, `create_date`, `last_update_by`, `last_update_date`, `is_key`, `md_fields_name_cn`) VALUES ('1382966519795630085', '100', '1382966519099375616', 'public_flag', 'public_flag', 'char', '1', NULL, 'N', 'N', 'N', '全局公共标识，Y是，N否', '1382964538565804039', 'N', NULL, NULL, 'N', NULL, 'Y', '1003', '2021-04-16 15:58:07', '1003', '2021-04-16 15:58:07', 'N', NULL);
INSERT INTO `demo`.`md_fields` (`md_fields_id`, `tenant_id`, `md_entity_id`, `md_fields_name`, `md_fields_name_en`, `md_fields_type`, `md_fields_length`, `md_decimals_length`, `is_null`, `is_indexed`, `is_unique`, `md_fields_desc`, `md_columns_id`, `lookup_flag`, `lookup_entity`, `lookup_type`, `public_flag`, `default_value`, `active_flag`, `create_by`, `create_date`, `last_update_by`, `last_update_date`, `is_key`, `md_fields_name_cn`) VALUES ('1382966520076648448', '100', '1382966519099375616', 'rule_entity_rel_id', 'rule_entity_rel_id', 'bigint', '19', '0', 'N', 'N', 'N', '规则与实体关系ID', '1382964538565804032', 'N', NULL, NULL, 'N', NULL, 'Y', '1003', '2021-04-16 15:58:07', '1003', '2021-04-16 15:58:07', 'N', NULL);
INSERT INTO `demo`.`md_fields` (`md_fields_id`, `tenant_id`, `md_entity_id`, `md_fields_name`, `md_fields_name_en`, `md_fields_type`, `md_fields_length`, `md_decimals_length`, `is_null`, `is_indexed`, `is_unique`, `md_fields_desc`, `md_columns_id`, `lookup_flag`, `lookup_entity`, `lookup_type`, `public_flag`, `default_value`, `active_flag`, `create_by`, `create_date`, `last_update_by`, `last_update_date`, `is_key`, `md_fields_name_cn`) VALUES ('1382966520076648454', '100', '1382966519099375616', 'rule_rel_desc', 'rule_rel_desc', 'varchar', '2000', NULL, 'Y', 'N', 'N', '规则关系描述', '1382964538565804038', 'N', NULL, NULL, 'N', NULL, 'Y', '1003', '2021-04-16 15:58:07', '1003', '2021-04-16 15:58:07', 'N', NULL);
INSERT INTO `demo`.`md_fields` (`md_fields_id`, `tenant_id`, `md_entity_id`, `md_fields_name`, `md_fields_name_en`, `md_fields_type`, `md_fields_length`, `md_decimals_length`, `is_null`, `is_indexed`, `is_unique`, `md_fields_desc`, `md_columns_id`, `lookup_flag`, `lookup_entity`, `lookup_type`, `public_flag`, `default_value`, `active_flag`, `create_by`, `create_date`, `last_update_by`, `last_update_date`, `is_key`, `md_fields_name_cn`) VALUES ('1382966520076648470', '100', '1382966519099375616', 'active_flag', 'active_flag', 'char', '1', NULL, 'N', 'N', 'N', '有效标识，Y有效，N无效', '1382964538565804054', 'N', NULL, NULL, 'N', NULL, 'Y', '1003', '2021-04-16 15:58:07', '1003', '2021-04-16 15:58:07', 'N', NULL);
INSERT INTO `demo`.`md_fields` (`md_fields_id`, `tenant_id`, `md_entity_id`, `md_fields_name`, `md_fields_name_en`, `md_fields_type`, `md_fields_length`, `md_decimals_length`, `is_null`, `is_indexed`, `is_unique`, `md_fields_desc`, `md_columns_id`, `lookup_flag`, `lookup_entity`, `lookup_type`, `public_flag`, `default_value`, `active_flag`, `create_by`, `create_date`, `last_update_by`, `last_update_date`, `is_key`, `md_fields_name_cn`) VALUES ('1382966520076648471', '100', '1382966519099375616', 'create_date', 'create_date', 'timestamp', NULL, NULL, 'N', 'N', 'N', '创建时间', '1382964538565804055', 'N', NULL, NULL, 'N', NULL, 'Y', '1003', '2021-04-16 15:58:07', '1003', '2021-04-16 15:58:07', 'N', NULL);
INSERT INTO `demo`.`md_fields` (`md_fields_id`, `tenant_id`, `md_entity_id`, `md_fields_name`, `md_fields_name_en`, `md_fields_type`, `md_fields_length`, `md_decimals_length`, `is_null`, `is_indexed`, `is_unique`, `md_fields_desc`, `md_columns_id`, `lookup_flag`, `lookup_entity`, `lookup_type`, `public_flag`, `default_value`, `active_flag`, `create_by`, `create_date`, `last_update_by`, `last_update_date`, `is_key`, `md_fields_name_cn`) VALUES ('1382966520076648472', '100', '1382966519099375616', 'create_by', 'create_by', 'bigint', '19', '0', 'N', 'N', 'N', '创建人ID，对用用户ID', '1382964538565804056', 'N', NULL, NULL, 'N', NULL, 'Y', '1003', '2021-04-16 15:58:07', '1003', '2021-04-16 15:58:07', 'N', NULL);
INSERT INTO `demo`.`md_fields` (`md_fields_id`, `tenant_id`, `md_entity_id`, `md_fields_name`, `md_fields_name_en`, `md_fields_type`, `md_fields_length`, `md_decimals_length`, `is_null`, `is_indexed`, `is_unique`, `md_fields_desc`, `md_columns_id`, `lookup_flag`, `lookup_entity`, `lookup_type`, `public_flag`, `default_value`, `active_flag`, `create_by`, `create_date`, `last_update_by`, `last_update_date`, `is_key`, `md_fields_name_cn`) VALUES ('1382966520076648473', '100', '1382966519099375616', 'last_update_date', 'last_update_date', 'timestamp', NULL, NULL, 'N', 'N', 'N', '最后更新时间', '1382964538565804057', 'N', NULL, NULL, 'N', NULL, 'Y', '1003', '2021-04-16 15:58:07', '1003', '2021-04-16 15:58:07', 'N', NULL);
INSERT INTO `demo`.`md_fields` (`md_fields_id`, `tenant_id`, `md_entity_id`, `md_fields_name`, `md_fields_name_en`, `md_fields_type`, `md_fields_length`, `md_decimals_length`, `is_null`, `is_indexed`, `is_unique`, `md_fields_desc`, `md_columns_id`, `lookup_flag`, `lookup_entity`, `lookup_type`, `public_flag`, `default_value`, `active_flag`, `create_by`, `create_date`, `last_update_by`, `last_update_date`, `is_key`, `md_fields_name_cn`) VALUES ('1382966520076648474', '100', '1382966519099375616', 'last_update_by', 'last_update_by', 'bigint', '19', '0', 'N', 'N', 'N', '最后更新人ID，对用用户ID', '1382964538565804058', 'N', NULL, NULL, 'N', NULL, 'Y', '1003', '2021-04-16 15:58:07', '1003', '2021-04-16 15:58:07', 'N', NULL);

INSERT INTO `demo`.`md_entities_rel` (`md_entity_rel_id`, `tenant_id`, `md_entity_rel_desc`, `rel_type`, `from_entity_id`, `to_entity_id`, `to_field_id`, `from_field_id`, `md_tables_id`, `from_columns_id`, `to_columns_id`, `text_column1`, `text_column2`, `text_column3`, `text_column4`, `text_column5`, `int_column1`, `int_column2`, `int_column3`, `num_column1`, `num_column2`, `num_column3`, `date_column1`, `date_column2`, `date_column3`, `active_flag`, `create_by`, `create_date`, `last_update_by`, `last_update_date`) VALUES ('1382992672975568896', '100', '校验规则 AND 租户 RELATION', '1:N', '30021', '1382966517711060992', '1382966518428286977', '400243', NULL, NULL, NULL, NULL, NULL, NULL, NULL, NULL, NULL, NULL, NULL, NULL, NULL, NULL, NULL, NULL, NULL, 'Y', '1003', '2021-04-16 17:42:02', '1003', '2021-04-16 17:42:02');
INSERT INTO `demo`.`md_entities_rel` (`md_entity_rel_id`, `tenant_id`, `md_entity_rel_desc`, `rel_type`, `from_entity_id`, `to_entity_id`, `to_field_id`, `from_field_id`, `md_tables_id`, `from_columns_id`, `to_columns_id`, `text_column1`, `text_column2`, `text_column3`, `text_column4`, `text_column5`, `int_column1`, `int_column2`, `int_column3`, `num_column1`, `num_column2`, `num_column3`, `date_column1`, `date_column2`, `date_column3`, `active_flag`, `create_by`, `create_date`, `last_update_by`, `last_update_date`) VALUES ('1382992672975568897', '100', '规则与实体关系 AND 租户 RELATION', '1:N', '30021', '1382966519099375616', '1382966519795630081', '400243', NULL, NULL, NULL, NULL, NULL, NULL, NULL, NULL, NULL, NULL, NULL, NULL, NULL, NULL, NULL, NULL, NULL, 'Y', '1003', '2021-04-16 17:42:02', '1003', '2021-04-16 17:42:02');
INSERT INTO `demo`.`md_entities_rel` (`md_entity_rel_id`, `tenant_id`, `md_entity_rel_desc`, `rel_type`, `from_entity_id`, `to_entity_id`, `to_field_id`, `from_field_id`, `md_tables_id`, `from_columns_id`, `to_columns_id`, `text_column1`, `text_column2`, `text_column3`, `text_column4`, `text_column5`, `int_column1`, `int_column2`, `int_column3`, `num_column1`, `num_column2`, `num_column3`, `date_column1`, `date_column2`, `date_column3`, `active_flag`, `create_by`, `create_date`, `last_update_by`, `last_update_date`) VALUES ('1382992672975568898', '100', '规则与实体关系 AND 校验规则 RELATION', '1:N', '1382966517711060992', '1382966519099375616', '1382966519795630084', '1382966518428286976', NULL, NULL, NULL, NULL, NULL, NULL, NULL, NULL, NULL, NULL, NULL, NULL, NULL, NULL, NULL, NULL, NULL, 'Y', '1003', '2021-04-16 17:42:02', '1003', '2021-04-16 17:42:02');
INSERT INTO `demo`.`md_entities_rel` (`md_entity_rel_id`, `tenant_id`, `md_entity_rel_desc`, `rel_type`, `from_entity_id`, `to_entity_id`, `to_field_id`, `from_field_id`, `md_tables_id`, `from_columns_id`, `to_columns_id`, `text_column1`, `text_column2`, `text_column3`, `text_column4`, `text_column5`, `int_column1`, `int_column2`, `int_column3`, `num_column1`, `num_column2`, `num_column3`, `date_column1`, `date_column2`, `date_column3`, `active_flag`, `create_by`, `create_date`, `last_update_by`, `last_update_date`) VALUES ('1382992672975568899', '100', '规则与实体关系 AND 元数据实体 RELATION', '1:N', '30015', '1382966519099375616', '1382966519795630083', '400172', NULL, NULL, NULL, NULL, NULL, NULL, NULL, NULL, NULL, NULL, NULL, NULL, NULL, NULL, NULL, NULL, NULL, 'Y', '1003', '2021-04-16 17:42:02', '1003', '2021-04-16 17:42:02');

commit;
INSERT INTO `demo`.`md_tables` (`md_tables_id`, `tenant_id`, `database_id`, `schema_code`, `md_tables_name`, `md_tables_desc`, `public_flag`, `text_column1`, `text_column2`, `text_column3`, `text_column4`, `text_column5`, `int_column1`, `int_column2`, `int_column3`, `num_column1`, `num_column2`, `num_column3`, `date_column1`, `date_column2`, `date_column3`, `active_flag`, `create_by`, `create_date`, `last_update_by`, `last_update_date`) VALUES ('1383224943724806144', '100', 'mysql', 'test', 'rules_ui_rel', '规则与UI关系', 'Y', NULL, NULL, NULL, NULL, NULL, NULL, NULL, NULL, NULL, NULL, NULL, NULL, NULL, NULL, 'Y', '1003', '2021-04-17 09:05:00', '1003', '2021-04-17 09:05:00');
INSERT INTO `demo`.`md_columns` (`md_columns_id`, `tenant_id`, `md_columns_name`, `md_columns_type`, `md_columns_length`, `md_dec_length`, `is_cols_null`, `md_columns_desc`, `is_key`, `public_flag`, `active_flag`, `md_tables_id`, `create_by`, `create_date`, `last_update_by`, `last_update_date`) VALUES ('1383224943934521344', '100', 'rule_ui_rel_id', 'bigint', '19', '0', 'N', '规则与UI关系ID', 'Y', 'Y', 'Y', '1383224943724806144', '1003', '2021-04-17 09:05:00', '1003', '2021-04-17 09:05:00');
INSERT INTO `demo`.`md_columns` (`md_columns_id`, `tenant_id`, `md_columns_name`, `md_columns_type`, `md_columns_length`, `md_dec_length`, `is_cols_null`, `md_columns_desc`, `is_key`, `public_flag`, `active_flag`, `md_tables_id`, `create_by`, `create_date`, `last_update_by`, `last_update_date`) VALUES ('1383224943934521345', '100', 'tenant_id', 'bigint', '19', '0', 'N', '租户ID', 'N', 'Y', 'Y', '1383224943724806144', '1003', '2021-04-17 09:05:00', '1003', '2021-04-17 09:05:00');
INSERT INTO `demo`.`md_columns` (`md_columns_id`, `tenant_id`, `md_columns_name`, `md_columns_type`, `md_columns_length`, `md_dec_length`, `is_cols_null`, `md_columns_desc`, `is_key`, `public_flag`, `active_flag`, `md_tables_id`, `create_by`, `create_date`, `last_update_by`, `last_update_date`) VALUES ('1383224943934521346', '100', 'ui_template_id', 'bigint', '19', '0', 'N', 'UI模板ID', 'N', 'Y', 'Y', '1383224943724806144', '1003', '2021-04-17 09:05:00', '1003', '2021-04-17 09:05:00');
INSERT INTO `demo`.`md_columns` (`md_columns_id`, `tenant_id`, `md_columns_name`, `md_columns_type`, `md_columns_length`, `md_dec_length`, `is_cols_null`, `md_columns_desc`, `is_key`, `public_flag`, `active_flag`, `md_tables_id`, `create_by`, `create_date`, `last_update_by`, `last_update_date`) VALUES ('1383224943934521347', '100', 'ui_fields_id', 'bigint', '19', '0', 'Y', 'UI属性ID', 'N', 'Y', 'Y', '1383224943724806144', '1003', '2021-04-17 09:05:00', '1003', '2021-04-17 09:05:00');
INSERT INTO `demo`.`md_columns` (`md_columns_id`, `tenant_id`, `md_columns_name`, `md_columns_type`, `md_columns_length`, `md_dec_length`, `is_cols_null`, `md_columns_desc`, `is_key`, `public_flag`, `active_flag`, `md_tables_id`, `create_by`, `create_date`, `last_update_by`, `last_update_date`) VALUES ('1383224943934521348', '100', 'rule_id', 'bigint', '19', '0', 'N', '规则ID', 'N', 'Y', 'Y', '1383224943724806144', '1003', '2021-04-17 09:05:00', '1003', '2021-04-17 09:05:00');
INSERT INTO `demo`.`md_columns` (`md_columns_id`, `tenant_id`, `md_columns_name`, `md_columns_type`, `md_columns_length`, `md_dec_length`, `is_cols_null`, `md_columns_desc`, `is_key`, `public_flag`, `active_flag`, `md_tables_id`, `create_by`, `create_date`, `last_update_by`, `last_update_date`) VALUES ('1383224943934521349', '100', 'rule_ui_desc', 'varchar', '2000', NULL, 'Y', '规则UI关系描述', 'N', 'Y', 'Y', '1383224943724806144', '1003', '2021-04-17 09:05:00', '1003', '2021-04-17 09:05:00');
INSERT INTO `demo`.`md_columns` (`md_columns_id`, `tenant_id`, `md_columns_name`, `md_columns_type`, `md_columns_length`, `md_dec_length`, `is_cols_null`, `md_columns_desc`, `is_key`, `public_flag`, `active_flag`, `md_tables_id`, `create_by`, `create_date`, `last_update_by`, `last_update_date`) VALUES ('1383224943934521350', '100', 'public_flag', 'char', '1', NULL, 'N', '全局公共标识，Y是，N否', 'N', 'Y', 'Y', '1383224943724806144', '1003', '2021-04-17 09:05:00', '1003', '2021-04-17 09:05:00');
INSERT INTO `demo`.`md_columns` (`md_columns_id`, `tenant_id`, `md_columns_name`, `md_columns_type`, `md_columns_length`, `md_dec_length`, `is_cols_null`, `md_columns_desc`, `is_key`, `public_flag`, `active_flag`, `md_tables_id`, `create_by`, `create_date`, `last_update_by`, `last_update_date`) VALUES ('1383224943934521351', '100', 'text_column1', 'varchar', '2000', NULL, 'Y', '预留文本字段1', 'N', 'Y', 'Y', '1383224943724806144', '1003', '2021-04-17 09:05:00', '1003', '2021-04-17 09:05:00');
INSERT INTO `demo`.`md_columns` (`md_columns_id`, `tenant_id`, `md_columns_name`, `md_columns_type`, `md_columns_length`, `md_dec_length`, `is_cols_null`, `md_columns_desc`, `is_key`, `public_flag`, `active_flag`, `md_tables_id`, `create_by`, `create_date`, `last_update_by`, `last_update_date`) VALUES ('1383224943934521352', '100', 'text_column2', 'varchar', '2000', NULL, 'Y', '预留文本字段2', 'N', 'Y', 'Y', '1383224943724806144', '1003', '2021-04-17 09:05:00', '1003', '2021-04-17 09:05:00');
INSERT INTO `demo`.`md_columns` (`md_columns_id`, `tenant_id`, `md_columns_name`, `md_columns_type`, `md_columns_length`, `md_dec_length`, `is_cols_null`, `md_columns_desc`, `is_key`, `public_flag`, `active_flag`, `md_tables_id`, `create_by`, `create_date`, `last_update_by`, `last_update_date`) VALUES ('1383224943934521353', '100', 'text_column3', 'varchar', '2000', NULL, 'Y', '预留文本字段3', 'N', 'Y', 'Y', '1383224943724806144', '1003', '2021-04-17 09:05:00', '1003', '2021-04-17 09:05:00');
INSERT INTO `demo`.`md_columns` (`md_columns_id`, `tenant_id`, `md_columns_name`, `md_columns_type`, `md_columns_length`, `md_dec_length`, `is_cols_null`, `md_columns_desc`, `is_key`, `public_flag`, `active_flag`, `md_tables_id`, `create_by`, `create_date`, `last_update_by`, `last_update_date`) VALUES ('1383224943934521354', '100', 'text_column4', 'varchar', '2000', NULL, 'Y', '预留文本字段4', 'N', 'Y', 'Y', '1383224943724806144', '1003', '2021-04-17 09:05:00', '1003', '2021-04-17 09:05:00');
INSERT INTO `demo`.`md_columns` (`md_columns_id`, `tenant_id`, `md_columns_name`, `md_columns_type`, `md_columns_length`, `md_dec_length`, `is_cols_null`, `md_columns_desc`, `is_key`, `public_flag`, `active_flag`, `md_tables_id`, `create_by`, `create_date`, `last_update_by`, `last_update_date`) VALUES ('1383224943934521355', '100', 'text_column5', 'varchar', '2000', NULL, 'Y', '预留文本字段5', 'N', 'Y', 'Y', '1383224943724806144', '1003', '2021-04-17 09:05:00', '1003', '2021-04-17 09:05:00');
INSERT INTO `demo`.`md_columns` (`md_columns_id`, `tenant_id`, `md_columns_name`, `md_columns_type`, `md_columns_length`, `md_dec_length`, `is_cols_null`, `md_columns_desc`, `is_key`, `public_flag`, `active_flag`, `md_tables_id`, `create_by`, `create_date`, `last_update_by`, `last_update_date`) VALUES ('1383224943934521356', '100', 'int_column1', 'bigint', '19', '0', 'Y', '预留整数字段1', 'N', 'Y', 'Y', '1383224943724806144', '1003', '2021-04-17 09:05:00', '1003', '2021-04-17 09:05:00');
INSERT INTO `demo`.`md_columns` (`md_columns_id`, `tenant_id`, `md_columns_name`, `md_columns_type`, `md_columns_length`, `md_dec_length`, `is_cols_null`, `md_columns_desc`, `is_key`, `public_flag`, `active_flag`, `md_tables_id`, `create_by`, `create_date`, `last_update_by`, `last_update_date`) VALUES ('1383224943934521357', '100', 'int_column2', 'bigint', '19', '0', 'Y', '预留整数字段2', 'N', 'Y', 'Y', '1383224943724806144', '1003', '2021-04-17 09:05:00', '1003', '2021-04-17 09:05:00');
INSERT INTO `demo`.`md_columns` (`md_columns_id`, `tenant_id`, `md_columns_name`, `md_columns_type`, `md_columns_length`, `md_dec_length`, `is_cols_null`, `md_columns_desc`, `is_key`, `public_flag`, `active_flag`, `md_tables_id`, `create_by`, `create_date`, `last_update_by`, `last_update_date`) VALUES ('1383224943934521358', '100', 'int_column3', 'bigint', '19', '0', 'Y', '预留整数字段3', 'N', 'Y', 'Y', '1383224943724806144', '1003', '2021-04-17 09:05:00', '1003', '2021-04-17 09:05:00');
INSERT INTO `demo`.`md_columns` (`md_columns_id`, `tenant_id`, `md_columns_name`, `md_columns_type`, `md_columns_length`, `md_dec_length`, `is_cols_null`, `md_columns_desc`, `is_key`, `public_flag`, `active_flag`, `md_tables_id`, `create_by`, `create_date`, `last_update_by`, `last_update_date`) VALUES ('1383224943934521359', '100', 'num_column1', 'decimal', '30', '8', 'Y', '预留数值字段1', 'N', 'Y', 'Y', '1383224943724806144', '1003', '2021-04-17 09:05:00', '1003', '2021-04-17 09:05:00');
INSERT INTO `demo`.`md_columns` (`md_columns_id`, `tenant_id`, `md_columns_name`, `md_columns_type`, `md_columns_length`, `md_dec_length`, `is_cols_null`, `md_columns_desc`, `is_key`, `public_flag`, `active_flag`, `md_tables_id`, `create_by`, `create_date`, `last_update_by`, `last_update_date`) VALUES ('1383224943934521360', '100', 'num_column2', 'decimal', '30', '8', 'Y', '预留数值字段2', 'N', 'Y', 'Y', '1383224943724806144', '1003', '2021-04-17 09:05:00', '1003', '2021-04-17 09:05:00');
INSERT INTO `demo`.`md_columns` (`md_columns_id`, `tenant_id`, `md_columns_name`, `md_columns_type`, `md_columns_length`, `md_dec_length`, `is_cols_null`, `md_columns_desc`, `is_key`, `public_flag`, `active_flag`, `md_tables_id`, `create_by`, `create_date`, `last_update_by`, `last_update_date`) VALUES ('1383224943934521361', '100', 'num_column3', 'decimal', '30', '8', 'Y', '预留数值字段3', 'N', 'Y', 'Y', '1383224943724806144', '1003', '2021-04-17 09:05:00', '1003', '2021-04-17 09:05:00');
INSERT INTO `demo`.`md_columns` (`md_columns_id`, `tenant_id`, `md_columns_name`, `md_columns_type`, `md_columns_length`, `md_dec_length`, `is_cols_null`, `md_columns_desc`, `is_key`, `public_flag`, `active_flag`, `md_tables_id`, `create_by`, `create_date`, `last_update_by`, `last_update_date`) VALUES ('1383224943934521362', '100', 'date_column1', 'datetime', NULL, NULL, 'Y', '预留日期字段1', 'N', 'Y', 'Y', '1383224943724806144', '1003', '2021-04-17 09:05:00', '1003', '2021-04-17 09:05:00');
INSERT INTO `demo`.`md_columns` (`md_columns_id`, `tenant_id`, `md_columns_name`, `md_columns_type`, `md_columns_length`, `md_dec_length`, `is_cols_null`, `md_columns_desc`, `is_key`, `public_flag`, `active_flag`, `md_tables_id`, `create_by`, `create_date`, `last_update_by`, `last_update_date`) VALUES ('1383224943934521363', '100', 'date_column2', 'datetime', NULL, NULL, 'Y', '预留日期字段2', 'N', 'Y', 'Y', '1383224943724806144', '1003', '2021-04-17 09:05:00', '1003', '2021-04-17 09:05:00');
INSERT INTO `demo`.`md_columns` (`md_columns_id`, `tenant_id`, `md_columns_name`, `md_columns_type`, `md_columns_length`, `md_dec_length`, `is_cols_null`, `md_columns_desc`, `is_key`, `public_flag`, `active_flag`, `md_tables_id`, `create_by`, `create_date`, `last_update_by`, `last_update_date`) VALUES ('1383224943934521364', '100', 'date_column3', 'datetime', NULL, NULL, 'Y', '预留日期字段3', 'N', 'Y', 'Y', '1383224943724806144', '1003', '2021-04-17 09:05:00', '1003', '2021-04-17 09:05:00');
INSERT INTO `demo`.`md_columns` (`md_columns_id`, `tenant_id`, `md_columns_name`, `md_columns_type`, `md_columns_length`, `md_dec_length`, `is_cols_null`, `md_columns_desc`, `is_key`, `public_flag`, `active_flag`, `md_tables_id`, `create_by`, `create_date`, `last_update_by`, `last_update_date`) VALUES ('1383224943934521365', '100', 'active_flag', 'char', '1', NULL, 'N', '有效标识，Y有效，N无效', 'N', 'Y', 'Y', '1383224943724806144', '1003', '2021-04-17 09:05:00', '1003', '2021-04-17 09:05:00');
INSERT INTO `demo`.`md_columns` (`md_columns_id`, `tenant_id`, `md_columns_name`, `md_columns_type`, `md_columns_length`, `md_dec_length`, `is_cols_null`, `md_columns_desc`, `is_key`, `public_flag`, `active_flag`, `md_tables_id`, `create_by`, `create_date`, `last_update_by`, `last_update_date`) VALUES ('1383224943934521366', '100', 'create_date', 'timestamp', NULL, NULL, 'N', '创建时间', 'N', 'Y', 'Y', '1383224943724806144', '1003', '2021-04-17 09:05:00', '1003', '2021-04-17 09:05:00');
INSERT INTO `demo`.`md_columns` (`md_columns_id`, `tenant_id`, `md_columns_name`, `md_columns_type`, `md_columns_length`, `md_dec_length`, `is_cols_null`, `md_columns_desc`, `is_key`, `public_flag`, `active_flag`, `md_tables_id`, `create_by`, `create_date`, `last_update_by`, `last_update_date`) VALUES ('1383224943934521367', '100', 'create_by', 'bigint', '19', '0', 'N', '创建人ID，对应用户ID', 'N', 'Y', 'Y', '1383224943724806144', '1003', '2021-04-17 09:05:00', '1003', '2021-04-17 09:05:00');
INSERT INTO `demo`.`md_columns` (`md_columns_id`, `tenant_id`, `md_columns_name`, `md_columns_type`, `md_columns_length`, `md_dec_length`, `is_cols_null`, `md_columns_desc`, `is_key`, `public_flag`, `active_flag`, `md_tables_id`, `create_by`, `create_date`, `last_update_by`, `last_update_date`) VALUES ('1383224943934521368', '100', 'last_update_date', 'timestamp', NULL, NULL, 'N', '最后更新时间', 'N', 'Y', 'Y', '1383224943724806144', '1003', '2021-04-17 09:05:00', '1003', '2021-04-17 09:05:00');
INSERT INTO `demo`.`md_columns` (`md_columns_id`, `tenant_id`, `md_columns_name`, `md_columns_type`, `md_columns_length`, `md_dec_length`, `is_cols_null`, `md_columns_desc`, `is_key`, `public_flag`, `active_flag`, `md_tables_id`, `create_by`, `create_date`, `last_update_by`, `last_update_date`) VALUES ('1383224943934521369', '100', 'last_update_by', 'bigint', '19', '0', 'N', '最后更新人ID，对应用户ID', 'N', 'Y', 'Y', '1383224943724806144', '1003', '2021-04-17 09:05:00', '1003', '2021-04-17 09:05:00');
commit;

INSERT INTO `demo`.`md_entities` (`md_entity_id`, `tenant_id`, `md_entity_name`, `md_entity_code`, `md_entity_name_en`, `md_entity_desc`, `md_tables_id`, `sys_flag`, `public_flag`, `text_column1`, `text_column2`, `text_column3`, `text_column4`, `text_column5`, `int_column1`, `int_column2`, `int_column3`, `num_column1`, `num_column2`, `num_column3`, `date_column1`, `date_column2`, `date_column3`, `active_flag`, `create_by`, `create_date`, `last_update_by`, `last_update_date`) VALUES ('1383225791343312896', '100', '规则与UI关系', 'rules_ui_rel', 'rules_ui_rel', '规则与UI关系', '1383224943724806144', 'Y', 'Y', NULL, NULL, NULL, NULL, NULL, NULL, NULL, NULL, NULL, NULL, NULL, NULL, NULL, NULL, 'Y', '1003', '2021-04-17 09:08:22', '1003', '2021-04-17 09:08:22');
INSERT INTO `demo`.`md_fields` (`md_fields_id`, `tenant_id`, `md_entity_id`, `md_fields_name`, `md_fields_name_en`, `md_fields_type`, `md_fields_length`, `md_decimals_length`, `is_null`, `is_indexed`, `is_unique`, `md_fields_desc`, `md_columns_id`, `lookup_flag`, `lookup_entity`, `lookup_type`, `public_flag`, `default_value`, `active_flag`, `create_by`, `create_date`, `last_update_by`, `last_update_date`, `is_key`, `md_fields_name_cn`) VALUES ('1383225792060538881', '100', '1383225791343312896', 'tenant_id', 'tenant_id', 'bigint', '19', '0', 'N', 'N', 'N', '租户ID', '1383224943934521345', 'N', NULL, NULL, 'N', NULL, 'Y', '1003', '2021-04-17 09:08:22', '1003', '2021-04-17 09:08:22', 'N', NULL);
INSERT INTO `demo`.`md_fields` (`md_fields_id`, `tenant_id`, `md_entity_id`, `md_fields_name`, `md_fields_name_en`, `md_fields_type`, `md_fields_length`, `md_decimals_length`, `is_null`, `is_indexed`, `is_unique`, `md_fields_desc`, `md_columns_id`, `lookup_flag`, `lookup_entity`, `lookup_type`, `public_flag`, `default_value`, `active_flag`, `create_by`, `create_date`, `last_update_by`, `last_update_date`, `is_key`, `md_fields_name_cn`) VALUES ('1383225792060538882', '100', '1383225791343312896', 'ui_template_id', 'ui_template_id', 'bigint', '19', '0', 'N', 'N', 'N', 'UI模板ID', '1383224943934521346', 'N', NULL, NULL, 'N', NULL, 'Y', '1003', '2021-04-17 09:08:22', '1003', '2021-04-17 09:08:22', 'N', NULL);
INSERT INTO `demo`.`md_fields` (`md_fields_id`, `tenant_id`, `md_entity_id`, `md_fields_name`, `md_fields_name_en`, `md_fields_type`, `md_fields_length`, `md_decimals_length`, `is_null`, `is_indexed`, `is_unique`, `md_fields_desc`, `md_columns_id`, `lookup_flag`, `lookup_entity`, `lookup_type`, `public_flag`, `default_value`, `active_flag`, `create_by`, `create_date`, `last_update_by`, `last_update_date`, `is_key`, `md_fields_name_cn`) VALUES ('1383225792060538883', '100', '1383225791343312896', 'rule_id', 'rule_id', 'bigint', '19', '0', 'N', 'N', 'N', '规则ID', '1383224943934521348', 'N', NULL, NULL, 'N', NULL, 'Y', '1003', '2021-04-17 09:08:22', '1003', '2021-04-17 09:08:22', 'N', NULL);
INSERT INTO `demo`.`md_fields` (`md_fields_id`, `tenant_id`, `md_entity_id`, `md_fields_name`, `md_fields_name_en`, `md_fields_type`, `md_fields_length`, `md_decimals_length`, `is_null`, `is_indexed`, `is_unique`, `md_fields_desc`, `md_columns_id`, `lookup_flag`, `lookup_entity`, `lookup_type`, `public_flag`, `default_value`, `active_flag`, `create_by`, `create_date`, `last_update_by`, `last_update_date`, `is_key`, `md_fields_name_cn`) VALUES ('1383225792341557248', '100', '1383225791343312896', 'rule_ui_rel_id', 'rule_ui_rel_id', 'bigint', '19', '0', 'N', 'N', 'N', '规则与UI关系ID', '1383224943934521344', 'N', NULL, NULL, 'N', NULL, 'Y', '1003', '2021-04-17 09:08:22', '1003', '2021-04-17 09:08:22', 'N', NULL);
INSERT INTO `demo`.`md_fields` (`md_fields_id`, `tenant_id`, `md_entity_id`, `md_fields_name`, `md_fields_name_en`, `md_fields_type`, `md_fields_length`, `md_decimals_length`, `is_null`, `is_indexed`, `is_unique`, `md_fields_desc`, `md_columns_id`, `lookup_flag`, `lookup_entity`, `lookup_type`, `public_flag`, `default_value`, `active_flag`, `create_by`, `create_date`, `last_update_by`, `last_update_date`, `is_key`, `md_fields_name_cn`) VALUES ('1383225792341557251', '100', '1383225791343312896', 'ui_fields_id', 'ui_fields_id', 'bigint', '19', '0', 'Y', 'N', 'N', 'UI属性ID', '1383224943934521347', 'N', NULL, NULL, 'N', NULL, 'Y', '1003', '2021-04-17 09:08:22', '1003', '2021-04-17 09:08:22', 'N', NULL);
INSERT INTO `demo`.`md_fields` (`md_fields_id`, `tenant_id`, `md_entity_id`, `md_fields_name`, `md_fields_name_en`, `md_fields_type`, `md_fields_length`, `md_decimals_length`, `is_null`, `is_indexed`, `is_unique`, `md_fields_desc`, `md_columns_id`, `lookup_flag`, `lookup_entity`, `lookup_type`, `public_flag`, `default_value`, `active_flag`, `create_by`, `create_date`, `last_update_by`, `last_update_date`, `is_key`, `md_fields_name_cn`) VALUES ('1383225792341557253', '100', '1383225791343312896', 'rule_ui_desc', 'rule_ui_desc', 'varchar', '2000', NULL, 'Y', 'N', 'N', '规则UI关系描述', '1383224943934521349', 'N', NULL, NULL, 'N', NULL, 'Y', '1003', '2021-04-17 09:08:22', '1003', '2021-04-17 09:08:22', 'N', NULL);
INSERT INTO `demo`.`md_fields` (`md_fields_id`, `tenant_id`, `md_entity_id`, `md_fields_name`, `md_fields_name_en`, `md_fields_type`, `md_fields_length`, `md_decimals_length`, `is_null`, `is_indexed`, `is_unique`, `md_fields_desc`, `md_columns_id`, `lookup_flag`, `lookup_entity`, `lookup_type`, `public_flag`, `default_value`, `active_flag`, `create_by`, `create_date`, `last_update_by`, `last_update_date`, `is_key`, `md_fields_name_cn`) VALUES ('1383225792341557254', '100', '1383225791343312896', 'public_flag', 'public_flag', 'char', '1', NULL, 'N', 'N', 'N', '全局公共标识，Y是，N否', '1383224943934521350', 'N', NULL, NULL, 'N', NULL, 'Y', '1003', '2021-04-17 09:08:22', '1003', '2021-04-17 09:08:22', 'N', NULL);
INSERT INTO `demo`.`md_fields` (`md_fields_id`, `tenant_id`, `md_entity_id`, `md_fields_name`, `md_fields_name_en`, `md_fields_type`, `md_fields_length`, `md_decimals_length`, `is_null`, `is_indexed`, `is_unique`, `md_fields_desc`, `md_columns_id`, `lookup_flag`, `lookup_entity`, `lookup_type`, `public_flag`, `default_value`, `active_flag`, `create_by`, `create_date`, `last_update_by`, `last_update_date`, `is_key`, `md_fields_name_cn`) VALUES ('1383225792341557269', '100', '1383225791343312896', 'active_flag', 'active_flag', 'char', '1', NULL, 'N', 'N', 'N', '有效标识，Y有效，N无效', '1383224943934521365', 'N', NULL, NULL, 'N', NULL, 'Y', '1003', '2021-04-17 09:08:22', '1003', '2021-04-17 09:08:22', 'N', NULL);
INSERT INTO `demo`.`md_fields` (`md_fields_id`, `tenant_id`, `md_entity_id`, `md_fields_name`, `md_fields_name_en`, `md_fields_type`, `md_fields_length`, `md_decimals_length`, `is_null`, `is_indexed`, `is_unique`, `md_fields_desc`, `md_columns_id`, `lookup_flag`, `lookup_entity`, `lookup_type`, `public_flag`, `default_value`, `active_flag`, `create_by`, `create_date`, `last_update_by`, `last_update_date`, `is_key`, `md_fields_name_cn`) VALUES ('1383225792341557270', '100', '1383225791343312896', 'create_date', 'create_date', 'timestamp', NULL, NULL, 'N', 'N', 'N', '创建时间', '1383224943934521366', 'N', NULL, NULL, 'N', NULL, 'Y', '1003', '2021-04-17 09:08:22', '1003', '2021-04-17 09:08:22', 'N', NULL);
INSERT INTO `demo`.`md_fields` (`md_fields_id`, `tenant_id`, `md_entity_id`, `md_fields_name`, `md_fields_name_en`, `md_fields_type`, `md_fields_length`, `md_decimals_length`, `is_null`, `is_indexed`, `is_unique`, `md_fields_desc`, `md_columns_id`, `lookup_flag`, `lookup_entity`, `lookup_type`, `public_flag`, `default_value`, `active_flag`, `create_by`, `create_date`, `last_update_by`, `last_update_date`, `is_key`, `md_fields_name_cn`) VALUES ('1383225792341557271', '100', '1383225791343312896', 'create_by', 'create_by', 'bigint', '19', '0', 'N', 'N', 'N', '创建人ID，对应用户ID', '1383224943934521367', 'N', NULL, NULL, 'N', NULL, 'Y', '1003', '2021-04-17 09:08:22', '1003', '2021-04-17 09:08:22', 'N', NULL);
INSERT INTO `demo`.`md_fields` (`md_fields_id`, `tenant_id`, `md_entity_id`, `md_fields_name`, `md_fields_name_en`, `md_fields_type`, `md_fields_length`, `md_decimals_length`, `is_null`, `is_indexed`, `is_unique`, `md_fields_desc`, `md_columns_id`, `lookup_flag`, `lookup_entity`, `lookup_type`, `public_flag`, `default_value`, `active_flag`, `create_by`, `create_date`, `last_update_by`, `last_update_date`, `is_key`, `md_fields_name_cn`) VALUES ('1383225792341557272', '100', '1383225791343312896', 'last_update_date', 'last_update_date', 'timestamp', NULL, NULL, 'N', 'N', 'N', '最后更新时间', '1383224943934521368', 'N', NULL, NULL, 'N', NULL, 'Y', '1003', '2021-04-17 09:08:22', '1003', '2021-04-17 09:08:22', 'N', NULL);
INSERT INTO `demo`.`md_fields` (`md_fields_id`, `tenant_id`, `md_entity_id`, `md_fields_name`, `md_fields_name_en`, `md_fields_type`, `md_fields_length`, `md_decimals_length`, `is_null`, `is_indexed`, `is_unique`, `md_fields_desc`, `md_columns_id`, `lookup_flag`, `lookup_entity`, `lookup_type`, `public_flag`, `default_value`, `active_flag`, `create_by`, `create_date`, `last_update_by`, `last_update_date`, `is_key`, `md_fields_name_cn`) VALUES ('1383225792341557273', '100', '1383225791343312896', 'last_update_by', 'last_update_by', 'bigint', '19', '0', 'N', 'N', 'N', '最后更新人ID，对应用户ID', '1383224943934521369', 'N', NULL, NULL, 'N', NULL, 'Y', '1003', '2021-04-17 09:08:22', '1003', '2021-04-17 09:08:22', 'N', NULL);

INSERT INTO `demo`.`md_entities_rel` (`md_entity_rel_id`, `tenant_id`, `md_entity_rel_desc`, `rel_type`, `from_entity_id`, `to_entity_id`, `to_field_id`, `from_field_id`, `md_tables_id`, `from_columns_id`, `to_columns_id`, `text_column1`, `text_column2`, `text_column3`, `text_column4`, `text_column5`, `int_column1`, `int_column2`, `int_column3`, `num_column1`, `num_column2`, `num_column3`, `date_column1`, `date_column2`, `date_column3`, `active_flag`, `create_by`, `create_date`, `last_update_by`, `last_update_date`) VALUES ('1383227206006554624', '100', '规则与UI关系 AND 租户 RELATION', '1:N', '30021', '1383225791343312896', '1383225792060538881', '400243', NULL, NULL, NULL, NULL, NULL, NULL, NULL, NULL, NULL, NULL, NULL, NULL, NULL, NULL, NULL, NULL, NULL, 'Y', '1003', '2021-04-17 09:13:59', '1003', '2021-04-17 09:13:59');
INSERT INTO `demo`.`md_entities_rel` (`md_entity_rel_id`, `tenant_id`, `md_entity_rel_desc`, `rel_type`, `from_entity_id`, `to_entity_id`, `to_field_id`, `from_field_id`, `md_tables_id`, `from_columns_id`, `to_columns_id`, `text_column1`, `text_column2`, `text_column3`, `text_column4`, `text_column5`, `int_column1`, `int_column2`, `int_column3`, `num_column1`, `num_column2`, `num_column3`, `date_column1`, `date_column2`, `date_column3`, `active_flag`, `create_by`, `create_date`, `last_update_by`, `last_update_date`) VALUES ('1383227206006554625', '100', '规则与UI关系 AND 校验规则 RELATION', '1:N', '1382966517711060992', '1383225791343312896', '1383225792060538883', '1382966518428286976', NULL, NULL, NULL, NULL, NULL, NULL, NULL, NULL, NULL, NULL, NULL, NULL, NULL, NULL, NULL, NULL, NULL, 'Y', '1003', '2021-04-17 09:13:59', '1003', '2021-04-17 09:13:59');

commit;

INSERT INTO `demo`.`rules` (`rule_id`, `tenant_id`, `rule_code`, `rule_name`, `rule_category`, `rule_type`, `rule_script`, `rule_demo`, `rule_desc`, `rule_desc_en`, `public_flag`, `active_flag`, `create_date`, `create_by`, `last_update_date`, `last_update_by`) VALUES ('6000001', '100', 'rule_url', '网址（URL）', 'Validation', 'regex', '[a-zA-z]+://[^\\s]*', '', '网址（URL）', '', 'Y', 'Y', '2021-04-17 16:03:44', '1003', '2021-04-16 18:47:39', '1003');
INSERT INTO `demo`.`rules` (`rule_id`, `tenant_id`, `rule_code`, `rule_name`, `rule_category`, `rule_type`, `rule_script`, `rule_demo`, `rule_desc`, `rule_desc_en`, `public_flag`, `active_flag`, `create_date`, `create_by`, `last_update_date`, `last_update_by`) VALUES ('6000002', '100', 'rule_ip', 'IP地址(IP Address)', 'Validation', 'regex', '((2[0-4]\\d|25[0-5]|[01]?\\d\\d?)\\.){3}(2[0-4]\\d|25[0-5]|[01]?\\d\\d?)', '', 'IP地址(IP Address)', '', 'Y', 'Y', '2021-04-17 16:03:44', '1003', '2021-04-16 18:47:39', '1003');
INSERT INTO `demo`.`rules` (`rule_id`, `tenant_id`, `rule_code`, `rule_name`, `rule_category`, `rule_type`, `rule_script`, `rule_demo`, `rule_desc`, `rule_desc_en`, `public_flag`, `active_flag`, `create_date`, `create_by`, `last_update_date`, `last_update_by`) VALUES ('6000003', '100', 'rule_email', '电子邮件(Email)', 'Validation', 'regex', '\\w+([-+.]\\w+)*@\\w+([-.]\\w+)*\\.\\w+([-.]\\w+)*', '', '电子邮件(Email)', '', 'Y', 'Y', '2021-04-17 16:03:44', '1003', '2021-04-16 18:47:39', '1003');
INSERT INTO `demo`.`rules` (`rule_id`, `tenant_id`, `rule_code`, `rule_name`, `rule_category`, `rule_type`, `rule_script`, `rule_demo`, `rule_desc`, `rule_desc_en`, `public_flag`, `active_flag`, `create_date`, `create_by`, `last_update_date`, `last_update_by`) VALUES ('6000004', '100', 'rule_qq', 'QQ号码', 'Validation', 'regex', '[1-9]\\d{4,}', '', 'QQ号码', '', 'Y', 'Y', '2021-04-17 16:03:44', '1003', '2021-04-16 18:47:39', '1003');
INSERT INTO `demo`.`rules` (`rule_id`, `tenant_id`, `rule_code`, `rule_name`, `rule_category`, `rule_type`, `rule_script`, `rule_demo`, `rule_desc`, `rule_desc_en`, `public_flag`, `active_flag`, `create_date`, `create_by`, `last_update_date`, `last_update_by`) VALUES ('6000005', '100', 'rule_html', 'HTML标记(包含内容或自闭合)', 'Validation', 'regex', '<(.*)(.*)>.*<\\/\\1>|<(.*) \\/>', '', 'HTML标记(包含内容或自闭合)', '', 'Y', 'Y', '2021-04-17 16:03:44', '1003', '2021-04-16 18:47:39', '1003');
INSERT INTO `demo`.`rules` (`rule_id`, `tenant_id`, `rule_code`, `rule_name`, `rule_category`, `rule_type`, `rule_script`, `rule_demo`, `rule_desc`, `rule_desc_en`, `public_flag`, `active_flag`, `create_date`, `create_by`, `last_update_date`, `last_update_by`) VALUES ('6000006', '100', 'rule_pwd', '密码(由数字/大写字母/小写字母/标点符号组成，四种都必有，8位以上)', 'Validation', 'regex', '(?=^.{8,}$)(?=.*\\d)(?=.*\\W+)(?=.*[A-Z])(?=.*[a-z])(?!.*\\n).*$', '', '密码(由数字/大写字母/小写字母/标点符号组成，四种都必有，8位以上)', '', 'Y', 'Y', '2021-04-17 16:03:44', '1003', '2021-04-16 18:47:39', '1003');
INSERT INTO `demo`.`rules` (`rule_id`, `tenant_id`, `rule_code`, `rule_name`, `rule_category`, `rule_type`, `rule_script`, `rule_demo`, `rule_desc`, `rule_desc_en`, `public_flag`, `active_flag`, `create_date`, `create_by`, `last_update_date`, `last_update_by`) VALUES ('6000007', '100', 'rule_date1', '日期(年-月-日)', 'Validation', 'regex', '(\\d{4}|\\d{2})-((1[0-2])|(0?[1-9]))-(([12][0-9])|(3[01])|(0?[1-9]))', '', '日期(年-月-日)', '', 'Y', 'Y', '2021-04-17 16:03:44', '1003', '2021-04-16 18:47:39', '1003');
INSERT INTO `demo`.`rules` (`rule_id`, `tenant_id`, `rule_code`, `rule_name`, `rule_category`, `rule_type`, `rule_script`, `rule_demo`, `rule_desc`, `rule_desc_en`, `public_flag`, `active_flag`, `create_date`, `create_by`, `last_update_date`, `last_update_by`) VALUES ('6000008', '100', 'rule_date2', '日期(月/日/年)', 'Validation', 'regex', '((1[0-2])|(0?[1-9]))/(([12][0-9])|(3[01])|(0?[1-9]))/(\\d{4}|\\d{2})', '', '日期(月/日/年)', '', 'Y', 'Y', '2021-04-17 16:03:44', '1003', '2021-04-16 18:47:39', '1003');
INSERT INTO `demo`.`rules` (`rule_id`, `tenant_id`, `rule_code`, `rule_name`, `rule_category`, `rule_type`, `rule_script`, `rule_demo`, `rule_desc`, `rule_desc_en`, `public_flag`, `active_flag`, `create_date`, `create_by`, `last_update_date`, `last_update_by`) VALUES ('6000009', '100', 'rule_time', '时间(小时:分钟, 24小时制)', 'Validation', 'regex', '((1|0?)[0-9]|2[0-3]):([0-5][0-9])', '', '时间(小时:分钟, 24小时制)', '', 'Y', 'Y', '2021-04-17 16:03:44', '1003', '2021-04-16 18:47:39', '1003');
INSERT INTO `demo`.`rules` (`rule_id`, `tenant_id`, `rule_code`, `rule_name`, `rule_category`, `rule_type`, `rule_script`, `rule_demo`, `rule_desc`, `rule_desc_en`, `public_flag`, `active_flag`, `create_date`, `create_by`, `last_update_date`, `last_update_by`) VALUES ('6000010', '100', 'rule_chinese_words', '汉字(字符)', 'Validation', 'regex', '[\\u4e00-\\u9fa5]', '', '汉字(字符)', '', 'Y', 'Y', '2021-04-17 16:03:44', '1003', '2021-04-16 18:47:39', '1003');
INSERT INTO `demo`.`rules` (`rule_id`, `tenant_id`, `rule_code`, `rule_name`, `rule_category`, `rule_type`, `rule_script`, `rule_demo`, `rule_desc`, `rule_desc_en`, `public_flag`, `active_flag`, `create_date`, `create_by`, `last_update_date`, `last_update_by`) VALUES ('6000011', '100', 'rule_chinese_char', '中文及全角标点符号(字符)', 'Validation', 'regex', '[\\u3000-\\u301e\\ufe10-\\ufe19\\ufe30-\\ufe44\\ufe50-\\ufe6b\\uff01-\\uffee]', '', '中文及全角标点符号(字符)', '', 'Y', 'Y', '2021-04-17 16:03:44', '1003', '2021-04-16 18:47:39', '1003');
INSERT INTO `demo`.`rules` (`rule_id`, `tenant_id`, `rule_code`, `rule_name`, `rule_category`, `rule_type`, `rule_script`, `rule_demo`, `rule_desc`, `rule_desc_en`, `public_flag`, `active_flag`, `create_date`, `create_by`, `last_update_date`, `last_update_by`) VALUES ('6000012', '100', 'rule_chn_phone_num', '中国大陆固定电话号码', 'Validation', 'regex', '(\\d{4}-|\\d{3}-)?(\\d{8}|\\d{7})', '', '中国大陆固定电话号码', '', 'Y', 'Y', '2021-04-17 16:03:44', '1003', '2021-04-16 18:47:39', '1003');
INSERT INTO `demo`.`rules` (`rule_id`, `tenant_id`, `rule_code`, `rule_name`, `rule_category`, `rule_type`, `rule_script`, `rule_demo`, `rule_desc`, `rule_desc_en`, `public_flag`, `active_flag`, `create_date`, `create_by`, `last_update_date`, `last_update_by`) VALUES ('6000013', '100', 'rule_chn_mphone_num', '中国大陆手机号码', 'Validation', 'regex', '1\\d{10}', '', '中国大陆手机号码', '', 'Y', 'Y', '2021-04-17 16:03:44', '1003', '2021-04-16 18:47:39', '1003');
INSERT INTO `demo`.`rules` (`rule_id`, `tenant_id`, `rule_code`, `rule_name`, `rule_category`, `rule_type`, `rule_script`, `rule_demo`, `rule_desc`, `rule_desc_en`, `public_flag`, `active_flag`, `create_date`, `create_by`, `last_update_date`, `last_update_by`) VALUES ('6000014', '100', 'rule_zip_code', '中国大陆邮政编码', 'Validation', 'regex', '[1-9]\\d{5}', '', '中国大陆邮政编码', '', 'Y', 'Y', '2021-04-17 16:03:44', '1003', '2021-04-16 18:47:39', '1003');
INSERT INTO `demo`.`rules` (`rule_id`, `tenant_id`, `rule_code`, `rule_name`, `rule_category`, `rule_type`, `rule_script`, `rule_demo`, `rule_desc`, `rule_desc_en`, `public_flag`, `active_flag`, `create_date`, `create_by`, `last_update_date`, `last_update_by`) VALUES ('6000015', '100', 'rule_chn_id_card_code', '中国大陆身份证号(15位或18位)', 'Validation', 'regex', '\\d{15}(\\d\\d[0-9xX])?', '', '中国大陆身份证号(15位或18位)', '', 'Y', 'Y', '2021-04-17 16:03:44', '1003', '2021-04-16 18:47:39', '1003');
INSERT INTO `demo`.`rules` (`rule_id`, `tenant_id`, `rule_code`, `rule_name`, `rule_category`, `rule_type`, `rule_script`, `rule_demo`, `rule_desc`, `rule_desc_en`, `public_flag`, `active_flag`, `create_date`, `create_by`, `last_update_date`, `last_update_by`) VALUES ('6000016', '100', 'rule_non_negative_num', '非负整数(正整数或零)', 'Validation', 'regex', '\\d+', '', '非负整数(正整数或零)', '', 'Y', 'Y', '2021-04-17 16:03:44', '1003', '2021-04-16 18:47:39', '1003');
INSERT INTO `demo`.`rules` (`rule_id`, `tenant_id`, `rule_code`, `rule_name`, `rule_category`, `rule_type`, `rule_script`, `rule_demo`, `rule_desc`, `rule_desc_en`, `public_flag`, `active_flag`, `create_date`, `create_by`, `last_update_date`, `last_update_by`) VALUES ('6000017', '100', 'rule_positive_integer', '正整数', 'Validation', 'regex', '[0-9]*[1-9][0-9]*', '', '正整数', '', 'Y', 'Y', '2021-04-17 16:03:44', '1003', '2021-04-16 18:47:39', '1003');
INSERT INTO `demo`.`rules` (`rule_id`, `tenant_id`, `rule_code`, `rule_name`, `rule_category`, `rule_type`, `rule_script`, `rule_demo`, `rule_desc`, `rule_desc_en`, `public_flag`, `active_flag`, `create_date`, `create_by`, `last_update_date`, `last_update_by`) VALUES ('6000018', '100', 'rule_negative_integer', '负整数', 'Validation', 'regex', '-[0-9]*[1-9][0-9]*', '', '负整数', '', 'Y', 'Y', '2021-04-17 16:03:44', '1003', '2021-04-16 18:47:39', '1003');
INSERT INTO `demo`.`rules` (`rule_id`, `tenant_id`, `rule_code`, `rule_name`, `rule_category`, `rule_type`, `rule_script`, `rule_demo`, `rule_desc`, `rule_desc_en`, `public_flag`, `active_flag`, `create_date`, `create_by`, `last_update_date`, `last_update_by`) VALUES ('6000019', '100', 'rule_integer', '整数', 'Validation', 'regex', '-?\\d+', '', '整数', '', 'Y', 'Y', '2021-04-17 16:03:44', '1003', '2021-04-16 18:47:39', '1003');
INSERT INTO `demo`.`rules` (`rule_id`, `tenant_id`, `rule_code`, `rule_name`, `rule_category`, `rule_type`, `rule_script`, `rule_demo`, `rule_desc`, `rule_desc_en`, `public_flag`, `active_flag`, `create_date`, `create_by`, `last_update_date`, `last_update_by`) VALUES ('6000020', '100', 'rule_decimal', '小数', 'Validation', 'regex', '(-?\\d+)(\\.\\d+)?', '', '小数', '', 'Y', 'Y', '2021-04-17 16:03:44', '1003', '2021-04-16 18:47:39', '1003');
INSERT INTO `demo`.`rules` (`rule_id`, `tenant_id`, `rule_code`, `rule_name`, `rule_category`, `rule_type`, `rule_script`, `rule_demo`, `rule_desc`, `rule_desc_en`, `public_flag`, `active_flag`, `create_date`, `create_by`, `last_update_date`, `last_update_by`) VALUES ('6000022', '100', 'rule_user', '用户账号，4-16位（字母，数字，下划线，减号）', 'Validation', 'regex', '/^[a-zA-Z0-9_-]{4,16}$/', '', '用户', '', 'Y', 'Y', '2021-04-17 16:03:44', '1003', '2021-04-16 18:47:39', '1003');
INSERT INTO `demo`.`rules` (`rule_id`, `tenant_id`, `rule_code`, `rule_name`, `rule_category`, `rule_type`, `rule_script`, `rule_demo`, `rule_desc`, `rule_desc_en`, `public_flag`, `active_flag`, `create_date`, `create_by`, `last_update_date`, `last_update_by`) VALUES ('6000024', '100', 'rule_hex', '十六进制值', 'Validation', 'regex', '/^#?([a-f0-9]{6}|[a-f0-9]{3})$/', '', '十六进制值', '', 'Y', 'Y', '2021-04-17 16:03:44', '1003', '2021-04-16 18:47:39', '1003');
INSERT INTO `demo`.`rules` (`rule_id`, `tenant_id`, `rule_code`, `rule_name`, `rule_category`, `rule_type`, `rule_script`, `rule_demo`, `rule_desc`, `rule_desc_en`, `public_flag`, `active_flag`, `create_date`, `create_by`, `last_update_date`, `last_update_by`) VALUES ('6000054', '100', 'rule_alphabet', '匹配英文字母组成的字符串', 'Validation', 'regex', '^[A-Za-z]+$', '', '匹配由26个英文字母组成的字符串', '', 'Y', 'Y', '2021-04-17 17:06:06', '1003', '2021-04-16 18:47:39', '1003');
INSERT INTO `demo`.`rules` (`rule_id`, `tenant_id`, `rule_code`, `rule_name`, `rule_category`, `rule_type`, `rule_script`, `rule_demo`, `rule_desc`, `rule_desc_en`, `public_flag`, `active_flag`, `create_date`, `create_by`, `last_update_date`, `last_update_by`) VALUES ('6000055', '100', 'rule_alphabet_upper', '匹配大写英文字母的字符串', 'Validation', 'regex', '^[A-Z]+$', '', '匹配由26个英文字母的大写组成的字符串', '', 'Y', 'Y', '2021-04-17 17:06:14', '1003', '2021-04-16 18:47:39', '1003');
INSERT INTO `demo`.`rules` (`rule_id`, `tenant_id`, `rule_code`, `rule_name`, `rule_category`, `rule_type`, `rule_script`, `rule_demo`, `rule_desc`, `rule_desc_en`, `public_flag`, `active_flag`, `create_date`, `create_by`, `last_update_date`, `last_update_by`) VALUES ('6000056', '100', 'rule_alphabet_lower', '匹配小写英文字母的字符串', 'Validation', 'regex', '^[a-z]+$', '', '匹配由26个英文字母的小写组成的字符串', '', 'Y', 'Y', '2021-04-17 17:06:19', '1003', '2021-04-16 18:47:39', '1003');
INSERT INTO `demo`.`rules` (`rule_id`, `tenant_id`, `rule_code`, `rule_name`, `rule_category`, `rule_type`, `rule_script`, `rule_demo`, `rule_desc`, `rule_desc_en`, `public_flag`, `active_flag`, `create_date`, `create_by`, `last_update_date`, `last_update_by`) VALUES ('6000057', '100', 'rule_alphabet_digital', '匹配数字和英文字母的字符串', 'Validation', 'regex', '^[A-Za-z0-9]+$', '', '匹配由数字和26个英文字母组成的字符串', '', 'Y', 'Y', '2021-04-17 17:06:24', '1003', '2021-04-16 18:47:39', '1003');
INSERT INTO `demo`.`rules` (`rule_id`, `tenant_id`, `rule_code`, `rule_name`, `rule_category`, `rule_type`, `rule_script`, `rule_demo`, `rule_desc`, `rule_desc_en`, `public_flag`, `active_flag`, `create_date`, `create_by`, `last_update_date`, `last_update_by`) VALUES ('6000058', '100', 'rule_alphabet_underline', '只有数字、英文字母或下划线字符串', 'Validation', 'regex', '^[a-zA-Z0-9_-]+$', '', '匹配由数字、26个英文字母或者下划线组成的字符串', '', 'Y', 'Y', '2021-04-17 17:53:41', '1003', '2021-04-16 18:47:39', '1003');
INSERT INTO `demo`.`rules` (`rule_id`, `tenant_id`, `rule_code`, `rule_name`, `rule_category`, `rule_type`, `rule_script`, `rule_demo`, `rule_desc`, `rule_desc_en`, `public_flag`, `active_flag`, `create_date`, `create_by`, `last_update_date`, `last_update_by`) VALUES ('6000059', '100', 'rule_discount_amount_calc', '折扣金额计算', 'Computing', 'formula', '%d*0.8+%s', '', '公式计算', NULL, 'Y', 'Y', '2021-04-19 10:50:43', '1003', '2021-04-17 15:57:34', '1003');
INSERT INTO `demo`.`rules` (`rule_id`, `tenant_id`, `rule_code`, `rule_name`, `rule_category`, `rule_type`, `rule_script`, `rule_demo`, `rule_desc`, `rule_desc_en`, `public_flag`, `active_flag`, `create_date`, `create_by`, `last_update_date`, `last_update_by`) VALUES ('6000060', '100', 'rule_total_amount_cacl', '汇总金额计算', 'Computing', 'formula', '%s*%s', ' ', '汇总金额计算', NULL, 'Y', 'Y', '2021-04-20 14:38:43', '1003', '2021-04-20 14:38:17', '1003');

INSERT INTO `demo`.`rules_entity_rel` (`rule_entity_rel_id`, `tenant_id`, `entity_type`, `md_entity_id`, `input_params`, `output_params`, `rule_id`, `rule_rel_desc`, `public_flag`, `text_column1`, `text_column2`, `text_column3`, `text_column4`, `text_column5`, `int_column1`, `int_column2`, `int_column3`, `num_column1`, `num_column2`, `num_column3`, `date_column1`, `date_column2`, `date_column3`, `active_flag`, `create_date`, `create_by`, `last_update_date`, `last_update_by`) VALUES ('7000001', '100', 'Entity', '30015', '[\"x\",\"y\"]', NULL, '6000059', NULL, 'N', NULL, NULL, NULL, NULL, NULL, NULL, NULL, NULL, NULL, NULL, NULL, NULL, NULL, NULL, 'Y', '2021-04-20 11:35:10', '1003', '0000-00-00 00:00:00', '1003');
INSERT INTO `demo`.`rules_entity_rel` (`rule_entity_rel_id`, `tenant_id`, `entity_type`, `md_entity_id`, `input_params`, `output_params`, `rule_id`, `rule_rel_desc`, `public_flag`, `text_column1`, `text_column2`, `text_column3`, `text_column4`, `text_column5`, `int_column1`, `int_column2`, `int_column3`, `num_column1`, `num_column2`, `num_column3`, `date_column1`, `date_column2`, `date_column3`, `active_flag`, `create_date`, `create_by`, `last_update_date`, `last_update_by`) VALUES ('7000002', '100', 'Entity', '30015', '[\'md_entity_code\']', NULL, '6000058', NULL, 'N', NULL, NULL, NULL, NULL, NULL, NULL, NULL, NULL, NULL, NULL, NULL, NULL, NULL, NULL, 'Y', '2021-04-20 10:48:46', '1003', '2021-04-17 17:07:35', '1003');

commit;
