INSERT INTO `lookup_classify` (`lookup_classify_id`, `tenant_id`, `lookup_code`, `lookup_name`, `lookup_name_en`, `public_flag`, `active_flag`, `create_by`, `create_date`, `last_update_by`, `last_update_date`) VALUES ('123001', '1', 'USER_TYPE', '用户类型', 'userType', 'N', 'Y', '1003', '2021-01-30 15:22:24', '1003', '2021-01-30 15:22:17');
INSERT INTO `lookup_classify` (`lookup_classify_id`, `tenant_id`, `lookup_code`, `lookup_name`, `lookup_name_en`, `public_flag`, `active_flag`, `create_by`, `create_date`, `last_update_by`, `last_update_date`) VALUES ('123002', '100', 'COMMON_YN_SELECT', '通用YN选择Lookup', 'COMMON_YN_SELECT', 'Y', 'Y', '1', '2021-04-08 14:36:37', '1', '2021-04-07 10:57:46');
INSERT INTO `lookup_classify` (`lookup_classify_id`, `tenant_id`, `lookup_code`, `lookup_name`, `lookup_name_en`, `public_flag`, `active_flag`, `create_by`, `create_date`, `last_update_by`, `last_update_date`) VALUES ('123003', '100', 'md_entities', 'md_entities的组件mapping关系', 'entity comp mapping', 'Y', 'Y', '1', '2021-04-08 16:39:41', '1', '2021-04-08 16:15:32');
INSERT INTO `lookup_classify` (`lookup_classify_id`, `tenant_id`, `lookup_code`, `lookup_name`, `lookup_name_en`, `public_flag`, `active_flag`, `create_by`, `create_date`, `last_update_by`, `last_update_date`) VALUES ('123004', '100', 'md_fields', 'md_fields组件mapping', 'md_fields', 'Y', 'Y', '1', '2021-04-08 17:33:37', '1', '2021-04-08 17:33:29');
INSERT INTO `lookup_classify` (`lookup_classify_id`, `tenant_id`, `lookup_code`, `lookup_name`, `lookup_name_en`, `public_flag`, `active_flag`, `create_by`, `create_date`, `last_update_by`, `last_update_date`) VALUES ('123005', '100', 'tenants', 'tenants组件mapping', 'tenants mapping', 'Y', 'Y', '1', '2021-04-08 17:44:25', '1', '2021-04-08 17:44:21');
INSERT INTO `lookup_classify` (`lookup_classify_id`, `tenant_id`, `lookup_code`, `lookup_name`, `lookup_name_en`, `public_flag`, `active_flag`, `create_by`, `create_date`, `last_update_by`, `last_update_date`) VALUES ('123006', '100', 'md_tables', 'md_tables组件mapping', 'md_tables mapping', 'Y', 'Y', '1', '2021-04-08 17:54:14', '1', '2021-04-08 17:54:09');
INSERT INTO `lookup_classify` (`lookup_classify_id`, `tenant_id`, `lookup_code`, `lookup_name`, `lookup_name_en`, `public_flag`, `active_flag`, `create_by`, `create_date`, `last_update_by`, `last_update_date`) VALUES ('123007', '100', 'md_columns', 'md_columns组件mapping', 'md_columns mapping', 'Y', 'Y', '1', '2021-04-08 17:54:14', '1', '2021-04-08 17:54:09');
INSERT INTO `lookup_classify` (`lookup_classify_id`, `tenant_id`, `lookup_code`, `lookup_name`, `lookup_name_en`, `public_flag`, `active_flag`, `create_by`, `create_date`, `last_update_by`, `last_update_date`) VALUES ('123008', '100', 'branchs', 'branchs组件mapping', 'branchs mapping', 'Y', 'Y', '1', '2021-04-09 09:59:57', '1', '2021-04-09 09:59:53');
INSERT INTO `lookup_classify` (`lookup_classify_id`, `tenant_id`, `lookup_code`, `lookup_name`, `lookup_name_en`, `public_flag`, `active_flag`, `create_by`, `create_date`, `last_update_by`, `last_update_date`) VALUES ('123009', '100', 'users', 'user组件mapping', 'user mapping', 'Y', 'Y', '1', '2021-04-09 10:44:54', '1', '2021-04-09 10:44:45');
INSERT INTO `lookup_classify` (`lookup_classify_id`, `tenant_id`, `lookup_code`, `lookup_name`, `lookup_name_en`, `public_flag`, `active_flag`, `create_by`, `create_date`, `last_update_by`, `last_update_date`) VALUES ('123010', '100', 'lookup_classify', 'lookup_classify组件mapping', 'lookup_classify mapping', 'Y', 'Y', '1', '2021-04-10 15:51:48', '1', '2021-04-10 15:51:43');
INSERT INTO `lookup_classify` (`lookup_classify_id`, `tenant_id`, `lookup_code`, `lookup_name`, `lookup_name_en`, `public_flag`, `active_flag`, `create_by`, `create_date`, `last_update_by`, `last_update_date`) VALUES ('123011', '100', 'entity_privileges', 'entity_privileges组件mapping', 'entity_privileges mapping', 'Y', 'Y', '1', '2021-04-12 16:44:18', '1', '2021-04-12 16:44:11');
INSERT INTO `lookup_classify` (`lookup_classify_id`, `tenant_id`, `lookup_code`, `lookup_name`, `lookup_name_en`, `public_flag`, `active_flag`, `create_by`, `create_date`, `last_update_by`, `last_update_date`) VALUES ('123012', '100', 'ui_template', 'UI页面模板组件选择', 'UI Template Component', 'Y', 'Y', '1003', '2021-04-21 17:55:40', '1003', '2021-04-21 17:55:22');
INSERT INTO `lookup_classify` (`lookup_classify_id`, `tenant_id`, `lookup_code`, `lookup_name`, `lookup_name_en`, `public_flag`, `active_flag`, `create_by`, `create_date`, `last_update_by`, `last_update_date`) VALUES ('1380787503765094400', '100', 'ENTITY_TYPE', '实体分类', 'Entity Type', 'Y', 'Y', '1003', '2021-04-10 16:46:53', '1003', '2021-04-10 16:46:53');
INSERT INTO `lookup_classify` (`lookup_classify_id`, `tenant_id`, `lookup_code`, `lookup_name`, `lookup_name_en`, `public_flag`, `active_flag`, `create_by`, `create_date`, `last_update_by`, `last_update_date`) VALUES ('1380803696193662976', '100', 'ENTITY_RELATION_TYPE', '实体关系类型', 'Entity Relation Type', 'Y', 'Y', '1003', '2021-04-10 16:43:49', '1003', '2021-04-10 16:43:49');
INSERT INTO `lookup_classify` (`lookup_classify_id`, `tenant_id`, `lookup_code`, `lookup_name`, `lookup_name_en`, `public_flag`, `active_flag`, `create_by`, `create_date`, `last_update_by`, `last_update_date`) VALUES ('1384808802555871232', '100', 'LOOKUP_COMPONENT_OPTIONS', 'Lookup组件字段类型选择', 'Lookup Component Options', 'Y', 'Y', '1003', '2021-04-21 18:03:56', '1003', '2021-04-21 17:58:41');
INSERT INTO `lookup_classify` (`lookup_classify_id`, `tenant_id`, `lookup_code`, `lookup_name`, `lookup_name_en`, `public_flag`, `active_flag`, `create_by`, `create_date`, `last_update_by`, `last_update_date`) VALUES ('1384812648841691136', '100', 'ui_entity_rel', 'UI实体', 'ui_entity_rel', 'Y', 'Y', '1003', '2021-04-21 18:13:58', '1003', '2021-04-21 18:13:58');
INSERT INTO `lookup_classify` (`lookup_classify_id`, `tenant_id`, `lookup_code`, `lookup_name`, `lookup_name_en`, `public_flag`, `active_flag`, `create_by`, `create_date`, `last_update_by`, `last_update_date`) VALUES ('1384813664781811712', '100', 'ui_fields', 'UI属性', 'UI Fields', 'Y', 'Y', '1003', '2021-04-21 18:18:00', '1003', '2021-04-21 18:18:00');
INSERT INTO `lookup_classify` (`lookup_classify_id`, `tenant_id`, `lookup_code`, `lookup_name`, `lookup_name_en`, `public_flag`, `active_flag`, `create_by`, `create_date`, `last_update_by`, `last_update_date`) VALUES ('1385114656991690752', '100', 'UI_DISPLAY_MODE', 'UI显示模式', 'UI Display Mode', 'Y', 'Y', '1003', '2021-04-22 14:14:03', '1003', '2021-04-22 14:14:03');
INSERT INTO `lookup_classify` (`lookup_classify_id`, `tenant_id`, `lookup_code`, `lookup_name`, `lookup_name_en`, `public_flag`, `active_flag`, `create_by`, `create_date`, `last_update_by`, `last_update_date`) VALUES ('1385115859855163392', '100', 'UI_TEMPLATE_TYPE', 'UI模板类型', 'ui_template_type', 'Y', 'Y', '1003', '2021-04-22 14:18:49', '1003', '2021-04-22 14:18:49');
INSERT INTO `lookup_classify` (`lookup_classify_id`, `tenant_id`, `lookup_code`, `lookup_name`, `lookup_name_en`, `public_flag`, `active_flag`, `create_by`, `create_date`, `last_update_by`, `last_update_date`) VALUES ('123013', '100', 'user_groups', '群组mapping', 'user group mapping', 'Y', 'Y', '1003', '2021-05-08 09:04:39', '1003', '2021-05-08 08:59:17');
INSERT INTO `lookup_classify` (`lookup_classify_id`, `tenant_id`, `lookup_code`, `lookup_name`, `lookup_name_en`, `public_flag`, `active_flag`, `create_by`, `create_date`, `last_update_by`, `last_update_date`) VALUES ('123014', '100', 'messages', '消息/国际化mapping', 'message mapping', 'Y', 'Y', '1003', '2021-05-08 16:35:26', '1003', '2021-05-08 16:35:21');
INSERT INTO `lookup_classify` (`lookup_classify_id`, `tenant_id`, `lookup_code`, `lookup_name`, `lookup_name_en`, `public_flag`, `active_flag`, `create_by`, `create_date`, `last_update_by`, `last_update_date`) VALUES ('123015', '100', 'PRIVILEGE_CODE_TYPE', 'CRUD操作权限码', 'CRUD Code', 'Y', 'Y', '1003', '2021-05-10 17:42:27', '1003', '2021-05-10 17:42:21');
INSERT INTO `lookup_classify` (`lookup_classify_id`, `tenant_id`, `lookup_code`, `lookup_name`, `lookup_name_en`, `public_flag`, `active_flag`, `create_by`, `create_date`, `last_update_by`, `last_update_date`) VALUES ('123016', '100', 'INDEX_MAPPING_TYPE', '索引映射类型', 'index mapping type', 'Y', 'Y', '1003', '2021-05-11 10:17:41', '1003', '2021-05-11 10:17:38');

INSERT INTO `lookup_item` (`lookup_item_id`, `tenant_id`, `lookup_classify_id`, `lookup_item_code`, `lookup_item_name`, `lookup_item_name_en`, `active_flag`, `create_by`, `create_date`, `last_update_by`, `last_update_date`) VALUES ('3002001', '100', '123002', 'Y', '是', 'Yes', 'Y', '1', '2021-04-07 14:18:08', '1', '2021-04-07 14:16:56');
INSERT INTO `lookup_item` (`lookup_item_id`, `tenant_id`, `lookup_classify_id`, `lookup_item_code`, `lookup_item_name`, `lookup_item_name_en`, `active_flag`, `create_by`, `create_date`, `last_update_by`, `last_update_date`) VALUES ('3002002', '100', '123002', 'N', '否', 'No', 'Y', '1', '2021-04-07 14:18:11', '1', '2021-04-07 14:17:42');
INSERT INTO `lookup_item` (`lookup_item_id`, `tenant_id`, `lookup_classify_id`, `lookup_item_code`, `lookup_item_name`, `lookup_item_name_en`, `active_flag`, `create_by`, `create_date`, `last_update_by`, `last_update_date`) VALUES ('3002003', '100', '123003', 'key', 'md_entity_id', 'md_entity_id', 'Y', '1', '2021-04-08 16:18:25', '1', '2021-04-08 16:18:16');
INSERT INTO `lookup_item` (`lookup_item_id`, `tenant_id`, `lookup_classify_id`, `lookup_item_code`, `lookup_item_name`, `lookup_item_name_en`, `active_flag`, `create_by`, `create_date`, `last_update_by`, `last_update_date`) VALUES ('3002004', '100', '123003', 'value', 'md_entity_id', 'md_entity_id', 'Y', '1', '2021-04-08 16:19:21', '1', '2021-04-08 16:19:17');
INSERT INTO `lookup_item` (`lookup_item_id`, `tenant_id`, `lookup_classify_id`, `lookup_item_code`, `lookup_item_name`, `lookup_item_name_en`, `active_flag`, `create_by`, `create_date`, `last_update_by`, `last_update_date`) VALUES ('3002005', '100', '123003', 'label', 'md_entity_name', 'md_entity_name', 'Y', '1', '2021-04-08 16:20:12', '1', '2021-04-08 16:20:08');
INSERT INTO `lookup_item` (`lookup_item_id`, `tenant_id`, `lookup_classify_id`, `lookup_item_code`, `lookup_item_name`, `lookup_item_name_en`, `active_flag`, `create_by`, `create_date`, `last_update_by`, `last_update_date`) VALUES ('3002006', '100', '123004', 'key', 'md_fields_name', 'md_fields_name', 'Y', '1', '2021-04-27 15:15:15', '1', '2021-04-08 17:34:33');
INSERT INTO `lookup_item` (`lookup_item_id`, `tenant_id`, `lookup_classify_id`, `lookup_item_code`, `lookup_item_name`, `lookup_item_name_en`, `active_flag`, `create_by`, `create_date`, `last_update_by`, `last_update_date`) VALUES ('3002007', '100', '123004', 'value', 'md_fields_id', 'md_fields_id', 'Y', '1', '2021-04-08 17:34:55', '1', '2021-04-08 17:34:33');
INSERT INTO `lookup_item` (`lookup_item_id`, `tenant_id`, `lookup_classify_id`, `lookup_item_code`, `lookup_item_name`, `lookup_item_name_en`, `active_flag`, `create_by`, `create_date`, `last_update_by`, `last_update_date`) VALUES ('3002008', '100', '123004', 'label', 'md_fields_name_cn', 'md_fields_name_cn', 'Y', '1', '2021-04-27 15:09:13', '1', '2021-04-08 17:34:33');
INSERT INTO `lookup_item` (`lookup_item_id`, `tenant_id`, `lookup_classify_id`, `lookup_item_code`, `lookup_item_name`, `lookup_item_name_en`, `active_flag`, `create_by`, `create_date`, `last_update_by`, `last_update_date`) VALUES ('3002009', '100', '123005', 'key', 'tenant_id', 'tenant_id', 'Y', '1', '2021-04-08 17:34:55', '1', '2021-04-08 17:34:33');
INSERT INTO `lookup_item` (`lookup_item_id`, `tenant_id`, `lookup_classify_id`, `lookup_item_code`, `lookup_item_name`, `lookup_item_name_en`, `active_flag`, `create_by`, `create_date`, `last_update_by`, `last_update_date`) VALUES ('3002010', '100', '123005', 'value', 'tenant_id', 'tenant_id', 'Y', '1', '2021-04-08 17:34:55', '1', '2021-04-08 17:34:33');
INSERT INTO `lookup_item` (`lookup_item_id`, `tenant_id`, `lookup_classify_id`, `lookup_item_code`, `lookup_item_name`, `lookup_item_name_en`, `active_flag`, `create_by`, `create_date`, `last_update_by`, `last_update_date`) VALUES ('3002011', '100', '123005', 'label', 'tenant_name', 'tenant_name', 'Y', '1', '2021-04-08 17:34:55', '1', '2021-04-08 17:34:33');
INSERT INTO `lookup_item` (`lookup_item_id`, `tenant_id`, `lookup_classify_id`, `lookup_item_code`, `lookup_item_name`, `lookup_item_name_en`, `active_flag`, `create_by`, `create_date`, `last_update_by`, `last_update_date`) VALUES ('3002012', '100', '123006', 'key', 'md_tables_id', 'md_tables_id', 'Y', '1', '2021-04-08 17:34:55', '1', '2021-04-08 17:34:33');
INSERT INTO `lookup_item` (`lookup_item_id`, `tenant_id`, `lookup_classify_id`, `lookup_item_code`, `lookup_item_name`, `lookup_item_name_en`, `active_flag`, `create_by`, `create_date`, `last_update_by`, `last_update_date`) VALUES ('3002013', '100', '123006', 'value', 'md_tables_id', 'md_tables_id', 'Y', '1', '2021-04-08 17:34:55', '1', '2021-04-08 17:34:33');
INSERT INTO `lookup_item` (`lookup_item_id`, `tenant_id`, `lookup_classify_id`, `lookup_item_code`, `lookup_item_name`, `lookup_item_name_en`, `active_flag`, `create_by`, `create_date`, `last_update_by`, `last_update_date`) VALUES ('3002014', '100', '123006', 'label', 'md_tables_name', 'md_tables_name', 'Y', '1', '2021-04-08 17:34:55', '1', '2021-04-08 17:34:33');
INSERT INTO `lookup_item` (`lookup_item_id`, `tenant_id`, `lookup_classify_id`, `lookup_item_code`, `lookup_item_name`, `lookup_item_name_en`, `active_flag`, `create_by`, `create_date`, `last_update_by`, `last_update_date`) VALUES ('3002015', '100', '123007', 'key', 'md_columns_id', 'md_columns_id', 'Y', '1', '2021-04-08 17:34:55', '1', '2021-04-08 17:34:33');
INSERT INTO `lookup_item` (`lookup_item_id`, `tenant_id`, `lookup_classify_id`, `lookup_item_code`, `lookup_item_name`, `lookup_item_name_en`, `active_flag`, `create_by`, `create_date`, `last_update_by`, `last_update_date`) VALUES ('3002016', '100', '123007', 'value', 'md_columns_id', 'md_columns_id', 'Y', '1', '2021-04-08 17:34:55', '1', '2021-04-08 17:34:33');
INSERT INTO `lookup_item` (`lookup_item_id`, `tenant_id`, `lookup_classify_id`, `lookup_item_code`, `lookup_item_name`, `lookup_item_name_en`, `active_flag`, `create_by`, `create_date`, `last_update_by`, `last_update_date`) VALUES ('3002017', '100', '123007', 'label', 'md_columns_name', 'md_columns_name', 'Y', '1', '2021-04-08 17:34:55', '1', '2021-04-08 17:34:33');
INSERT INTO `lookup_item` (`lookup_item_id`, `tenant_id`, `lookup_classify_id`, `lookup_item_code`, `lookup_item_name`, `lookup_item_name_en`, `active_flag`, `create_by`, `create_date`, `last_update_by`, `last_update_date`) VALUES ('3002018', '100', '123008', 'key', 'branch_id', 'branch_id', 'Y', '1', '2021-04-08 17:34:55', '1', '2021-04-08 17:34:33');
INSERT INTO `lookup_item` (`lookup_item_id`, `tenant_id`, `lookup_classify_id`, `lookup_item_code`, `lookup_item_name`, `lookup_item_name_en`, `active_flag`, `create_by`, `create_date`, `last_update_by`, `last_update_date`) VALUES ('3002019', '100', '123008', 'value', 'branch_id', 'branch_id', 'Y', '1', '2021-04-08 17:34:55', '1', '2021-04-08 17:34:33');
INSERT INTO `lookup_item` (`lookup_item_id`, `tenant_id`, `lookup_classify_id`, `lookup_item_code`, `lookup_item_name`, `lookup_item_name_en`, `active_flag`, `create_by`, `create_date`, `last_update_by`, `last_update_date`) VALUES ('3002020', '100', '123008', 'label', 'branch_name', 'branch_name', 'Y', '1', '2021-04-08 17:34:55', '1', '2021-04-08 17:34:33');
INSERT INTO `lookup_item` (`lookup_item_id`, `tenant_id`, `lookup_classify_id`, `lookup_item_code`, `lookup_item_name`, `lookup_item_name_en`, `active_flag`, `create_by`, `create_date`, `last_update_by`, `last_update_date`) VALUES ('3002021', '100', '123009', 'key', 'user_id', 'user_id', 'Y', '1', '2021-04-08 17:34:55', '1', '2021-04-08 17:34:33');
INSERT INTO `lookup_item` (`lookup_item_id`, `tenant_id`, `lookup_classify_id`, `lookup_item_code`, `lookup_item_name`, `lookup_item_name_en`, `active_flag`, `create_by`, `create_date`, `last_update_by`, `last_update_date`) VALUES ('3002022', '100', '123009', 'value', 'user_id', 'user_id', 'Y', '1', '2021-04-08 17:34:55', '1', '2021-04-08 17:34:33');
INSERT INTO `lookup_item` (`lookup_item_id`, `tenant_id`, `lookup_classify_id`, `lookup_item_code`, `lookup_item_name`, `lookup_item_name_en`, `active_flag`, `create_by`, `create_date`, `last_update_by`, `last_update_date`) VALUES ('3002023', '100', '123009', 'label', 'user_name', 'user_name', 'Y', '1', '2021-04-08 17:34:55', '1', '2021-04-08 17:34:33');
INSERT INTO `lookup_item` (`lookup_item_id`, `tenant_id`, `lookup_classify_id`, `lookup_item_code`, `lookup_item_name`, `lookup_item_name_en`, `active_flag`, `create_by`, `create_date`, `last_update_by`, `last_update_date`) VALUES ('3002024', '100', '123010', 'key', 'lookup_classify_id', 'lookup_classify_id', 'Y', '1', '2021-04-08 17:34:55', '1', '2021-04-08 17:34:33');
INSERT INTO `lookup_item` (`lookup_item_id`, `tenant_id`, `lookup_classify_id`, `lookup_item_code`, `lookup_item_name`, `lookup_item_name_en`, `active_flag`, `create_by`, `create_date`, `last_update_by`, `last_update_date`) VALUES ('3002025', '100', '123010', 'value', 'lookup_classify_id', 'lookup_classify_id', 'Y', '1', '2021-04-08 17:34:55', '1', '2021-04-08 17:34:33');
INSERT INTO `lookup_item` (`lookup_item_id`, `tenant_id`, `lookup_classify_id`, `lookup_item_code`, `lookup_item_name`, `lookup_item_name_en`, `active_flag`, `create_by`, `create_date`, `last_update_by`, `last_update_date`) VALUES ('3002026', '100', '123010', 'label', 'lookup_name', 'lookup_name', 'Y', '1', '2021-04-08 17:34:55', '1', '2021-04-08 17:34:33');
INSERT INTO `lookup_item` (`lookup_item_id`, `tenant_id`, `lookup_classify_id`, `lookup_item_code`, `lookup_item_name`, `lookup_item_name_en`, `active_flag`, `create_by`, `create_date`, `last_update_by`, `last_update_date`) VALUES ('3002027', '100', '123011', 'key', 'entity_privilege_id', 'entity_privilege_id', 'Y', '1', '2021-04-08 17:34:55', '1', '2021-04-08 17:34:33');
INSERT INTO `lookup_item` (`lookup_item_id`, `tenant_id`, `lookup_classify_id`, `lookup_item_code`, `lookup_item_name`, `lookup_item_name_en`, `active_flag`, `create_by`, `create_date`, `last_update_by`, `last_update_date`) VALUES ('3002028', '100', '123011', 'value', 'entity_privilege_id', 'entity_privilege_id', 'Y', '1', '2021-04-08 17:34:55', '1', '2021-04-08 17:34:33');
INSERT INTO `lookup_item` (`lookup_item_id`, `tenant_id`, `lookup_classify_id`, `lookup_item_code`, `lookup_item_name`, `lookup_item_name_en`, `active_flag`, `create_by`, `create_date`, `last_update_by`, `last_update_date`) VALUES ('3002029', '100', '123011', 'label', 'ent_privilege_desc', 'ent_privilege_desc', 'Y', '1', '2021-04-08 17:34:55', '1', '2021-04-08 17:34:33');
INSERT INTO `lookup_item` (`lookup_item_id`, `tenant_id`, `lookup_classify_id`, `lookup_item_code`, `lookup_item_name`, `lookup_item_name_en`, `active_flag`, `create_by`, `create_date`, `last_update_by`, `last_update_date`) VALUES ('3002031', '100', '123004', 'label_en', 'md_fields_name_en', 'md_fields_name_en', 'Y', '1', '2021-04-27 15:10:30', '1', '2021-04-08 17:34:33');
INSERT INTO `lookup_item` (`lookup_item_id`, `tenant_id`, `lookup_classify_id`, `lookup_item_code`, `lookup_item_name`, `lookup_item_name_en`, `active_flag`, `create_by`, `create_date`, `last_update_by`, `last_update_date`) VALUES ('3002032', '100', '123013', 'key', 'group_id', 'group_id', 'Y', '1003', '2021-04-08 17:34:55', '1003', '2021-04-08 17:34:33');
INSERT INTO `lookup_item` (`lookup_item_id`, `tenant_id`, `lookup_classify_id`, `lookup_item_code`, `lookup_item_name`, `lookup_item_name_en`, `active_flag`, `create_by`, `create_date`, `last_update_by`, `last_update_date`) VALUES ('3002033', '100', '123013', 'value', 'group_id', 'group_id', 'Y', '1003', '2021-04-08 17:34:55', '1003', '2021-04-08 17:34:33');
INSERT INTO `lookup_item` (`lookup_item_id`, `tenant_id`, `lookup_classify_id`, `lookup_item_code`, `lookup_item_name`, `lookup_item_name_en`, `active_flag`, `create_by`, `create_date`, `last_update_by`, `last_update_date`) VALUES ('3002034', '100', '123013', 'label', 'user_group_name', 'user_group_name', 'Y', '1003', '2021-04-08 17:34:55', '1003', '2021-04-08 17:34:33');
INSERT INTO `lookup_item` (`lookup_item_id`, `tenant_id`, `lookup_classify_id`, `lookup_item_code`, `lookup_item_name`, `lookup_item_name_en`, `active_flag`, `create_by`, `create_date`, `last_update_by`, `last_update_date`) VALUES ('3002035', '100', '123013', 'label_en', 'user_group_name', 'user_group_name', 'Y', '1003', '2021-04-27 15:10:30', '1003', '2021-04-08 17:34:33');
INSERT INTO `lookup_item` (`lookup_item_id`, `tenant_id`, `lookup_classify_id`, `lookup_item_code`, `lookup_item_name`, `lookup_item_name_en`, `active_flag`, `create_by`, `create_date`, `last_update_by`, `last_update_date`) VALUES ('3002036', '100', '123013', 'desc', 'user_group_desc', 'user_group_desc', 'Y', '1003', '2021-04-27 15:10:30', '1003', '2021-04-08 17:34:33');
INSERT INTO `lookup_item` (`lookup_item_id`, `tenant_id`, `lookup_classify_id`, `lookup_item_code`, `lookup_item_name`, `lookup_item_name_en`, `active_flag`, `create_by`, `create_date`, `last_update_by`, `last_update_date`) VALUES ('3002037', '100', '123014', 'key', 'message_id', 'message_id', 'Y', '1003', '2021-04-08 17:34:55', '1003', '2021-04-08 17:34:33');
INSERT INTO `lookup_item` (`lookup_item_id`, `tenant_id`, `lookup_classify_id`, `lookup_item_code`, `lookup_item_name`, `lookup_item_name_en`, `active_flag`, `create_by`, `create_date`, `last_update_by`, `last_update_date`) VALUES ('3002038', '100', '123014', 'value', 'message_key', 'message_key', 'Y', '1003', '2021-04-08 17:34:55', '1003', '2021-04-08 17:34:33');
INSERT INTO `lookup_item` (`lookup_item_id`, `tenant_id`, `lookup_classify_id`, `lookup_item_code`, `lookup_item_name`, `lookup_item_name_en`, `active_flag`, `create_by`, `create_date`, `last_update_by`, `last_update_date`) VALUES ('3002039', '100', '123014', 'label', 'message_title', 'message_title', 'Y', '1003', '2021-04-08 17:34:55', '1003', '2021-04-08 17:34:33');
INSERT INTO `lookup_item` (`lookup_item_id`, `tenant_id`, `lookup_classify_id`, `lookup_item_code`, `lookup_item_name`, `lookup_item_name_en`, `active_flag`, `create_by`, `create_date`, `last_update_by`, `last_update_date`) VALUES ('3002040', '100', '123014', 'label_en', 'message_title_en', 'message_title_en', 'Y', '1003', '2021-04-27 15:10:30', '1003', '2021-04-08 17:34:33');
INSERT INTO `lookup_item` (`lookup_item_id`, `tenant_id`, `lookup_classify_id`, `lookup_item_code`, `lookup_item_name`, `lookup_item_name_en`, `active_flag`, `create_by`, `create_date`, `last_update_by`, `last_update_date`) VALUES ('3002041', '100', '123014', 'desc', 'messages', 'messages', 'Y', '1003', '2021-04-27 15:10:30', '1003', '2021-04-08 17:34:33');
INSERT INTO `lookup_item` (`lookup_item_id`, `tenant_id`, `lookup_classify_id`, `lookup_item_code`, `lookup_item_name`, `lookup_item_name_en`, `active_flag`, `create_by`, `create_date`, `last_update_by`, `last_update_date`) VALUES ('3002042', '100', '123015', 'CREATE', '新增', 'Create', 'Y', '1003', '2021-05-10 17:45:07', '1003', '2021-05-10 17:45:01');
INSERT INTO `lookup_item` (`lookup_item_id`, `tenant_id`, `lookup_classify_id`, `lookup_item_code`, `lookup_item_name`, `lookup_item_name_en`, `active_flag`, `create_by`, `create_date`, `last_update_by`, `last_update_date`) VALUES ('3002043', '100', '123015', 'UPDATE', '更新', 'Update', 'Y', '1003', '2021-05-10 17:45:07', '1003', '2021-05-10 17:45:01');
INSERT INTO `lookup_item` (`lookup_item_id`, `tenant_id`, `lookup_classify_id`, `lookup_item_code`, `lookup_item_name`, `lookup_item_name_en`, `active_flag`, `create_by`, `create_date`, `last_update_by`, `last_update_date`) VALUES ('3002044', '100', '123015', 'READ', '查询/读取', 'Read', 'Y', '1003', '2021-05-10 17:45:07', '1003', '2021-05-10 17:45:01');
INSERT INTO `lookup_item` (`lookup_item_id`, `tenant_id`, `lookup_classify_id`, `lookup_item_code`, `lookup_item_name`, `lookup_item_name_en`, `active_flag`, `create_by`, `create_date`, `last_update_by`, `last_update_date`) VALUES ('3002045', '100', '123015', 'DELETE', '删除', 'Delete', 'Y', '1003', '2021-05-10 17:45:07', '1003', '2021-05-10 17:45:01');
INSERT INTO `lookup_item` (`lookup_item_id`, `tenant_id`, `lookup_classify_id`, `lookup_item_code`, `lookup_item_name`, `lookup_item_name_en`, `active_flag`, `create_by`, `create_date`, `last_update_by`, `last_update_date`) VALUES ('3002046', '100', '123016', 'Text', '文本', 'Text', 'Y', '1003', '2021-05-11 10:19:59', '1003', '2021-05-11 10:19:47');
INSERT INTO `lookup_item` (`lookup_item_id`, `tenant_id`, `lookup_classify_id`, `lookup_item_code`, `lookup_item_name`, `lookup_item_name_en`, `active_flag`, `create_by`, `create_date`, `last_update_by`, `last_update_date`) VALUES ('3002047', '100', '123016', 'Int', '整数', 'Int', 'Y', '1003', '2021-05-11 10:19:59', '1003', '2021-05-11 10:19:47');
INSERT INTO `lookup_item` (`lookup_item_id`, `tenant_id`, `lookup_classify_id`, `lookup_item_code`, `lookup_item_name`, `lookup_item_name_en`, `active_flag`, `create_by`, `create_date`, `last_update_by`, `last_update_date`) VALUES ('3002048', '100', '123016', 'Date', '日期', 'Date', 'Y', '1003', '2021-05-11 10:21:09', '1003', '2021-05-11 10:19:47');
INSERT INTO `lookup_item` (`lookup_item_id`, `tenant_id`, `lookup_classify_id`, `lookup_item_code`, `lookup_item_name`, `lookup_item_name_en`, `active_flag`, `create_by`, `create_date`, `last_update_by`, `last_update_date`) VALUES ('3002049', '100', '123016', 'Decimal', '数值(带小数)', 'Decimal', 'Y', '1003', '2021-05-11 10:19:59', '1003', '2021-05-11 10:19:47');
INSERT INTO `lookup_item` (`lookup_item_id`, `tenant_id`, `lookup_classify_id`, `lookup_item_code`, `lookup_item_name`, `lookup_item_name_en`, `active_flag`, `create_by`, `create_date`, `last_update_by`, `last_update_date`) VALUES ('3002050', '100', '123008', 'parent', 'parent_branch_id', 'parent_branch_id', 'Y', '1003', '2021-05-12 17:30:46', '1003', '2021-05-12 17:30:36');
INSERT INTO `lookup_item` (`lookup_item_id`, `tenant_id`, `lookup_classify_id`, `lookup_item_code`, `lookup_item_name`, `lookup_item_name_en`, `active_flag`, `create_by`, `create_date`, `last_update_by`, `last_update_date`) VALUES ('3002051', '100', '123008', 'level', ' ', NULL, 'Y', '1003', '2021-05-12 17:33:37', '1003', '2021-05-12 17:31:57');
INSERT INTO `lookup_item` (`lookup_item_id`, `tenant_id`, `lookup_classify_id`, `lookup_item_code`, `lookup_item_name`, `lookup_item_name_en`, `active_flag`, `create_by`, `create_date`, `last_update_by`, `last_update_date`) VALUES ('1380799883479052288', '100', '1380787503765094400', 'Entity', '实体', 'Entity', 'Y', '1003', '2021-04-10 16:28:40', '1003', '2021-04-10 16:28:40');
INSERT INTO `lookup_item` (`lookup_item_id`, `tenant_id`, `lookup_classify_id`, `lookup_item_code`, `lookup_item_name`, `lookup_item_name_en`, `active_flag`, `create_by`, `create_date`, `last_update_by`, `last_update_date`) VALUES ('1380799993919270912', '100', '1380787503765094400', 'View', '视图', 'View', 'Y', '1003', '2021-04-10 16:29:07', '1003', '2021-04-10 16:29:07');
INSERT INTO `lookup_item` (`lookup_item_id`, `tenant_id`, `lookup_classify_id`, `lookup_item_code`, `lookup_item_name`, `lookup_item_name_en`, `active_flag`, `create_by`, `create_date`, `last_update_by`, `last_update_date`) VALUES ('1380803953644236800', '100', '1380803696193662976', '1:1', '一比一', 'one2one', 'Y', '1003', '2021-04-22 16:51:21', '1003', '2021-04-22 16:51:21');
INSERT INTO `lookup_item` (`lookup_item_id`, `tenant_id`, `lookup_classify_id`, `lookup_item_code`, `lookup_item_name`, `lookup_item_name_en`, `active_flag`, `create_by`, `create_date`, `last_update_by`, `last_update_date`) VALUES ('1380804025425555456', '100', '1380803696193662976', '1:N', '一对多', 'one2many', 'Y', '1003', '2021-04-22 16:51:51', '1003', '2021-04-22 16:51:51');
INSERT INTO `lookup_item` (`lookup_item_id`, `tenant_id`, `lookup_classify_id`, `lookup_item_code`, `lookup_item_name`, `lookup_item_name_en`, `active_flag`, `create_by`, `create_date`, `last_update_by`, `last_update_date`) VALUES ('1380804114533543936', '100', '1380803696193662976', 'N:1', '多对一', 'many2one', 'Y', '1003', '2021-04-22 16:49:52', '1003', '2021-04-22 16:49:52');
INSERT INTO `lookup_item` (`lookup_item_id`, `tenant_id`, `lookup_classify_id`, `lookup_item_code`, `lookup_item_name`, `lookup_item_name_en`, `active_flag`, `create_by`, `create_date`, `last_update_by`, `last_update_date`) VALUES ('1380804199606611968', '100', '1380803696193662976', 'N:M', '多对多', 'many2many', 'Y', '1003', '2021-04-22 16:50:46', '1003', '2021-04-22 16:50:46');
INSERT INTO `lookup_item` (`lookup_item_id`, `tenant_id`, `lookup_classify_id`, `lookup_item_code`, `lookup_item_name`, `lookup_item_name_en`, `active_flag`, `create_by`, `create_date`, `last_update_by`, `last_update_date`) VALUES ('1384809591261184000', '100', '1384808802555871232', 'key', 'key键', 'key', 'Y', '1003', '2021-04-21 18:01:49', '1003', '2021-04-21 18:01:49');
INSERT INTO `lookup_item` (`lookup_item_id`, `tenant_id`, `lookup_classify_id`, `lookup_item_code`, `lookup_item_name`, `lookup_item_name_en`, `active_flag`, `create_by`, `create_date`, `last_update_by`, `last_update_date`) VALUES ('1384809717010612224', '100', '1384808802555871232', 'label', '显示标签', 'label', 'Y', '1003', '2021-04-21 18:02:19', '1003', '2021-04-21 18:02:19');
INSERT INTO `lookup_item` (`lookup_item_id`, `tenant_id`, `lookup_classify_id`, `lookup_item_code`, `lookup_item_name`, `lookup_item_name_en`, `active_flag`, `create_by`, `create_date`, `last_update_by`, `last_update_date`) VALUES ('1384809944090230784', '100', '1384808802555871232', 'value', '值', 'value', 'Y', '1003', '2021-04-21 18:03:13', '1003', '2021-04-21 18:03:13');
INSERT INTO `lookup_item` (`lookup_item_id`, `tenant_id`, `lookup_classify_id`, `lookup_item_code`, `lookup_item_name`, `lookup_item_name_en`, `active_flag`, `create_by`, `create_date`, `last_update_by`, `last_update_date`) VALUES ('1384811259243610112', '100', '123012', 'key', 'ui_template_id', 'ui_template_id', 'Y', '1003', '2021-04-21 18:08:27', '1003', '2021-04-21 18:08:27');
INSERT INTO `lookup_item` (`lookup_item_id`, `tenant_id`, `lookup_classify_id`, `lookup_item_code`, `lookup_item_name`, `lookup_item_name_en`, `active_flag`, `create_by`, `create_date`, `last_update_by`, `last_update_date`) VALUES ('1384811318316187648', '100', '123012', 'value', 'ui_template_id', 'ui_template_id', 'Y', '1003', '2021-04-21 18:08:41', '1003', '2021-04-21 18:08:41');
INSERT INTO `lookup_item` (`lookup_item_id`, `tenant_id`, `lookup_classify_id`, `lookup_item_code`, `lookup_item_name`, `lookup_item_name_en`, `active_flag`, `create_by`, `create_date`, `last_update_by`, `last_update_date`) VALUES ('1384811525879709696', '100', '123012', 'label', 'ui_template_name', 'ui_template_name', 'Y', '1003', '2021-04-21 18:09:31', '1003', '2021-04-21 18:09:31');
INSERT INTO `lookup_item` (`lookup_item_id`, `tenant_id`, `lookup_classify_id`, `lookup_item_code`, `lookup_item_name`, `lookup_item_name_en`, `active_flag`, `create_by`, `create_date`, `last_update_by`, `last_update_date`) VALUES ('1384812897786216448', '100', '1384812648841691136', 'key', 'ui_entity_rel_id', 'ui_entity_rel_id', 'Y', '1003', '2021-04-21 18:14:58', '1003', '2021-04-21 18:14:58');
INSERT INTO `lookup_item` (`lookup_item_id`, `tenant_id`, `lookup_classify_id`, `lookup_item_code`, `lookup_item_name`, `lookup_item_name_en`, `active_flag`, `create_by`, `create_date`, `last_update_by`, `last_update_date`) VALUES ('1384812957911564288', '100', '1384812648841691136', 'value', 'ui_entity_rel_id', 'ui_entity_rel_id', 'Y', '1003', '2021-04-22 18:03:48', '1003', '2021-04-22 18:03:48');
INSERT INTO `lookup_item` (`lookup_item_id`, `tenant_id`, `lookup_classify_id`, `lookup_item_code`, `lookup_item_name`, `lookup_item_name_en`, `active_flag`, `create_by`, `create_date`, `last_update_by`, `last_update_date`) VALUES ('1384813128271609856', '100', '1384812648841691136', 'label', 'ui_entity_rel_desc', 'ui_entity_rel_desc', 'Y', '1003', '2021-04-21 18:15:53', '1003', '2021-04-21 18:15:53');
INSERT INTO `lookup_item` (`lookup_item_id`, `tenant_id`, `lookup_classify_id`, `lookup_item_code`, `lookup_item_name`, `lookup_item_name_en`, `active_flag`, `create_by`, `create_date`, `last_update_by`, `last_update_date`) VALUES ('1384813840653172736', '100', '1384813664781811712', 'key', 'ui_fields_id', 'ui_fields_id', 'Y', '1003', '2021-04-21 18:18:42', '1003', '2021-04-21 18:18:42');
INSERT INTO `lookup_item` (`lookup_item_id`, `tenant_id`, `lookup_classify_id`, `lookup_item_code`, `lookup_item_name`, `lookup_item_name_en`, `active_flag`, `create_by`, `create_date`, `last_update_by`, `last_update_date`) VALUES ('1384813898417127424', '100', '1384813664781811712', 'value', 'ui_fields_id', 'ui_fields_id', 'Y', '1003', '2021-04-21 18:18:56', '1003', '2021-04-21 18:18:56');
INSERT INTO `lookup_item` (`lookup_item_id`, `tenant_id`, `lookup_classify_id`, `lookup_item_code`, `lookup_item_name`, `lookup_item_name_en`, `active_flag`, `create_by`, `create_date`, `last_update_by`, `last_update_date`) VALUES ('1384814023667433472', '100', '1384813664781811712', 'label', 'ui_fields_name_cn', 'ui_fields_name_cn', 'Y', '1003', '2021-04-21 18:19:26', '1003', '2021-04-21 18:19:26');
INSERT INTO `lookup_item` (`lookup_item_id`, `tenant_id`, `lookup_classify_id`, `lookup_item_code`, `lookup_item_name`, `lookup_item_name_en`, `active_flag`, `create_by`, `create_date`, `last_update_by`, `last_update_date`) VALUES ('1385114818782773248', '100', '1385114656991690752', 'Waterfall', '瀑布式', 'Waterfall', 'Y', '1003', '2021-04-22 14:14:41', '1003', '2021-04-22 14:14:41');
INSERT INTO `lookup_item` (`lookup_item_id`, `tenant_id`, `lookup_classify_id`, `lookup_item_code`, `lookup_item_name`, `lookup_item_name_en`, `active_flag`, `create_by`, `create_date`, `last_update_by`, `last_update_date`) VALUES ('1385114985372139520', '100', '1385114656991690752', 'MultiTab', '多页签', 'MultiTab', 'Y', '1003', '2021-04-22 14:15:21', '1003', '2021-04-22 14:15:21');
INSERT INTO `lookup_item` (`lookup_item_id`, `tenant_id`, `lookup_classify_id`, `lookup_item_code`, `lookup_item_name`, `lookup_item_name_en`, `active_flag`, `create_by`, `create_date`, `last_update_by`, `last_update_date`) VALUES ('1385116086557294592', '100', '1385115859855163392', 'html', 'html', 'html', 'Y', '1003', '2021-04-22 14:19:43', '1003', '2021-04-22 14:19:43');
INSERT INTO `lookup_item` (`lookup_item_id`, `tenant_id`, `lookup_classify_id`, `lookup_item_code`, `lookup_item_name`, `lookup_item_name_en`, `active_flag`, `create_by`, `create_date`, `last_update_by`, `last_update_date`) VALUES ('1385116165108219904', '100', '1385115859855163392', 'html5', 'html5', 'html5', 'Y', '1003', '2021-04-22 14:20:02', '1003', '2021-04-22 14:20:02');
INSERT INTO `lookup_item` (`lookup_item_id`, `tenant_id`, `lookup_classify_id`, `lookup_item_code`, `lookup_item_name`, `lookup_item_name_en`, `active_flag`, `create_by`, `create_date`, `last_update_by`, `last_update_date`) VALUES ('1385116492565921792', '100', '1385115859855163392', 'xml', 'xml', 'xml', 'Y', '1003', '2021-04-22 14:21:44', '1003', '2021-04-22 14:21:44');
INSERT INTO `lookup_item` (`lookup_item_id`, `tenant_id`, `lookup_classify_id`, `lookup_item_code`, `lookup_item_name`, `lookup_item_name_en`, `active_flag`, `create_by`, `create_date`, `last_update_by`, `last_update_date`) VALUES ('1385144388172988416', '100', '123003', 'label_en', 'md_entity_name_en', 'md_entity_name_en', 'Y', '1003', '2021-04-22 16:12:11', '1003', '2021-04-22 16:12:11');
INSERT INTO `messages` (`message_id`, `message_key`, `tenant_id`, `message_type`, `message_title`, `message_title_en`, `messages`, `messages_en`, `text_column1`, `text_column2`, `text_column3`, `int_column1`, `int_column2`, `num_column1`, `num_column2`, `date_column1`, `date_column2`, `public_flag`, `active_flag`, `create_date`, `create_by`, `last_update_date`, `last_update_by`) VALUES ('101101110001', 'test_faq_message', '100', 'I18N', '字段填写规则', 'fill in rules', '注意填写的规则；\\n首先:填写xxx;\\n然后，再按规则xxx填写。\\nmessage 属性虽然支持传入 HTML 片段，但是在网站上动态渲染任意 HTML 是非常危险的，因为容易导致 XSS 攻击。因此在 dangerouslyUseHTMLString 打开的情况下，请确保 message 的内容是可信的，永远不要将用户提交的内容赋值给 message 属性。\\nmessage 属性虽然支持传入 HTML 片段，但是在网站上动态渲染任意 HTML 是非常危险的，因为容易导致 XSS 攻击。因此在 dangerouslyUseHTMLString 打开的情况下，请确保 message 的内容是可信的，永远不要将用户提交的内容赋值给 message 属性。', 'just filled in something', NULL, NULL, NULL, NULL, NULL, NULL, NULL, NULL, NULL, 'Y', 'Y', '2021-05-10 09:25:52', '1003', '2021-05-08 16:17:43', '1003');
INSERT INTO `messages` (`message_id`, `message_key`, `tenant_id`, `message_type`, `message_title`, `message_title_en`, `messages`, `messages_en`, `text_column1`, `text_column2`, `text_column3`, `int_column1`, `int_column2`, `num_column1`, `num_column2`, `date_column1`, `date_column2`, `public_flag`, `active_flag`, `create_date`, `create_by`, `last_update_date`, `last_update_by`) VALUES ('101101110002', 'save_success_hint', '100', 'I18N', 'save_success_hint', 'save_success_hint', '保存成功^u^！', 'Save Success.', NULL, NULL, NULL, NULL, NULL, NULL, NULL, NULL, NULL, 'Y', 'Y', '2021-05-11 16:11:40', '1003', '2021-05-11 16:09:24', '1003');
INSERT INTO `messages` (`message_id`, `message_key`, `tenant_id`, `message_type`, `message_title`, `message_title_en`, `messages`, `messages_en`, `text_column1`, `text_column2`, `text_column3`, `int_column1`, `int_column2`, `num_column1`, `num_column2`, `date_column1`, `date_column2`, `public_flag`, `active_flag`, `create_date`, `create_by`, `last_update_date`, `last_update_by`) VALUES ('101101110003', 'no_privllege_validate', '100', 'I18N', '无权访问提示', 'no privllege validate', '{}，您无权访问服务{}(实体ID={},实体编码={})，请申请权限或找业务管理员帮忙。', 'Hi,{},You do not get the privelege to access the Service({}) the Entity(ID={},Code={}),please apply or ask the business Manager for help.', NULL, NULL, NULL, NULL, NULL, NULL, NULL, NULL, NULL, 'Y', 'Y', '2021-05-12 09:30:48', '1003', '2021-05-12 09:27:47', '1003');
INSERT INTO `messages` (`message_id`, `message_key`, `tenant_id`, `message_type`, `message_title`, `message_title_en`, `messages`, `messages_en`, `text_column1`, `text_column2`, `text_column3`, `int_column1`, `int_column2`, `num_column1`, `num_column2`, `date_column1`, `date_column2`, `public_flag`, `active_flag`, `create_date`, `create_by`, `last_update_date`, `last_update_by`) VALUES ('101101110004', 'delete_data_hint', '100', 'I18N', '删除数据提示', 'delete data hint', '删除操作警告：操作人{},由于输入条件不满足，即输入参数[{}]不匹配实体[{}]属性[{}]或为空，不能做删除动作!', 'Delete Operation Hint:the User{} can not delete the current Record,Because of the Input Params({}) not Match the Entity({}) Fields({}) or Null.', NULL, NULL, NULL, NULL, NULL, NULL, NULL, NULL, NULL, 'Y', 'Y', '2021-05-12 09:43:33', '1003', '2021-05-12 09:43:28', '1003');

commit;
