INSERT INTO `data_privileges` (`data_privilege_id`, `tenant_id`, `md_entity_id`, `md_entity_type`, `data_privilege_code`, `data_privilege_type`, `data_privilege_desc`, `text_column1`, `text_column2`, `text_column3`, `text_column4`, `text_column5`, `int_column1`, `int_column2`, `int_column3`, `num_column1`, `num_column2`, `num_column3`, `date_column1`, `date_column2`, `date_column3`, `active_flag`, `create_by`, `create_date`, `last_update_by`, `last_update_date`) VALUES ('11000007', '100', '30016', 'Entity', '30016', 'All', '元数据实体权限实体', '', '', '', '', '', NULL, NULL, NULL, '1.00000000', '1.00000000', '1.00000000', '2021-02-24 18:10:40', '2021-02-24 18:10:43', '2021-02-24 18:10:46', 'Y', '1003', '2021-01-18 11:13:56', '1003', '2021-01-18 10:53:54');
INSERT INTO `data_privileges` (`data_privilege_id`, `tenant_id`, `md_entity_id`, `md_entity_type`, `data_privilege_code`, `data_privilege_type`, `data_privilege_desc`, `text_column1`, `text_column2`, `text_column3`, `text_column4`, `text_column5`, `int_column1`, `int_column2`, `int_column3`, `num_column1`, `num_column2`, `num_column3`, `date_column1`, `date_column2`, `date_column3`, `active_flag`, `create_by`, `create_date`, `last_update_by`, `last_update_date`) VALUES ('11000008', '100', '30005', 'Entity', '30005', 'All', '部门实体', '', '', '', '', '', NULL, NULL, NULL, '1.00000000', '1.00000000', '1.00000000', '2021-02-24 18:10:00', '2021-02-24 18:10:00', '2021-02-24 18:10:00', 'Y', '1003', '2021-01-18 11:13:00', '1003', '2021-01-18 10:53:00');
INSERT INTO `data_privileges` (`data_privilege_id`, `tenant_id`, `md_entity_id`, `md_entity_type`, `data_privilege_code`, `data_privilege_type`, `data_privilege_desc`, `text_column1`, `text_column2`, `text_column3`, `text_column4`, `text_column5`, `int_column1`, `int_column2`, `int_column3`, `num_column1`, `num_column2`, `num_column3`, `date_column1`, `date_column2`, `date_column3`, `active_flag`, `create_by`, `create_date`, `last_update_by`, `last_update_date`) VALUES ('11000009', '100', '30006', 'Entity', '30006', 'All', '大字段数据实体', '', '', '', '', '', NULL, NULL, NULL, '1.00000000', '1.00000000', '1.00000000', '2021-02-24 18:10:00', '2021-02-24 18:10:00', '2021-02-24 18:10:00', 'Y', '1003', '2021-01-18 11:13:00', '1003', '2021-01-18 10:53:00');
INSERT INTO `data_privileges` (`data_privilege_id`, `tenant_id`, `md_entity_id`, `md_entity_type`, `data_privilege_code`, `data_privilege_type`, `data_privilege_desc`, `text_column1`, `text_column2`, `text_column3`, `text_column4`, `text_column5`, `int_column1`, `int_column2`, `int_column3`, `num_column1`, `num_column2`, `num_column3`, `date_column1`, `date_column2`, `date_column3`, `active_flag`, `create_by`, `create_date`, `last_update_by`, `last_update_date`) VALUES ('11000010', '100', '30007', 'Entity', '30007', 'All', 'lookup多值字段实体', '', '', '', '', '', NULL, NULL, NULL, '1.00000000', '1.00000000', '1.00000000', '2021-02-24 18:10:00', '2021-02-24 18:10:00', '2021-02-24 18:10:00', 'Y', '1003', '2021-01-18 11:13:00', '1003', '2021-01-18 10:53:00');
INSERT INTO `data_privileges` (`data_privilege_id`, `tenant_id`, `md_entity_id`, `md_entity_type`, `data_privilege_code`, `data_privilege_type`, `data_privilege_desc`, `text_column1`, `text_column2`, `text_column3`, `text_column4`, `text_column5`, `int_column1`, `int_column2`, `int_column3`, `num_column1`, `num_column2`, `num_column3`, `date_column1`, `date_column2`, `date_column3`, `active_flag`, `create_by`, `create_date`, `last_update_by`, `last_update_date`) VALUES ('11000011', '100', '30008', 'Entity', '30008', 'All', '数据字段和权限关系', '', '', '', '', '', NULL, NULL, NULL, '1.00000000', '1.00000000', '1.00000000', '2021-02-24 18:10:00', '2021-02-24 18:10:00', '2021-02-24 18:10:00', 'Y', '1003', '2021-01-18 11:13:00', '1003', '2021-01-18 10:53:00');
INSERT INTO `data_privileges` (`data_privilege_id`, `tenant_id`, `md_entity_id`, `md_entity_type`, `data_privilege_code`, `data_privilege_type`, `data_privilege_desc`, `text_column1`, `text_column2`, `text_column3`, `text_column4`, `text_column5`, `int_column1`, `int_column2`, `int_column3`, `num_column1`, `num_column2`, `num_column3`, `date_column1`, `date_column2`, `date_column3`, `active_flag`, `create_by`, `create_date`, `last_update_by`, `last_update_date`) VALUES ('11000012', '100', '30009', 'Entity', '30009', 'All', '数据权限', '', '', '', '', '', NULL, NULL, NULL, '1.00000000', '1.00000000', '1.00000000', '2021-02-24 18:10:00', '2021-02-24 18:10:00', '2021-02-24 18:10:00', 'Y', '1003', '2021-01-18 11:13:00', '1003', '2021-01-18 10:53:00');
INSERT INTO `data_privileges` (`data_privilege_id`, `tenant_id`, `md_entity_id`, `md_entity_type`, `data_privilege_code`, `data_privilege_type`, `data_privilege_desc`, `text_column1`, `text_column2`, `text_column3`, `text_column4`, `text_column5`, `int_column1`, `int_column2`, `int_column3`, `num_column1`, `num_column2`, `num_column3`, `date_column1`, `date_column2`, `date_column3`, `active_flag`, `create_by`, `create_date`, `last_update_by`, `last_update_date`) VALUES ('11000013', '100', '30010', 'Entity', '30010', 'All', '数据权限关系', '', '', '', '', '', NULL, NULL, NULL, '1.00000000', '1.00000000', '1.00000000', '2021-02-24 18:10:00', '2021-02-24 18:10:00', '2021-02-24 18:10:00', 'Y', '1003', '2021-01-18 11:13:00', '1003', '2021-01-18 10:53:00');
INSERT INTO `data_privileges` (`data_privilege_id`, `tenant_id`, `md_entity_id`, `md_entity_type`, `data_privilege_code`, `data_privilege_type`, `data_privilege_desc`, `text_column1`, `text_column2`, `text_column3`, `text_column4`, `text_column5`, `int_column1`, `int_column2`, `int_column3`, `num_column1`, `num_column2`, `num_column3`, `date_column1`, `date_column2`, `date_column3`, `active_flag`, `create_by`, `create_date`, `last_update_by`, `last_update_date`) VALUES ('11000014', '100', '30011', 'Entity', '30011', 'All', '数据视图', '', '', '', '', '', NULL, NULL, NULL, '1.00000000', '1.00000000', '1.00000000', '2021-02-24 18:10:00', '2021-02-24 18:10:00', '2021-02-24 18:10:00', 'Y', '1003', '2021-01-18 11:13:00', '1003', '2021-01-18 10:53:00');
INSERT INTO `data_privileges` (`data_privilege_id`, `tenant_id`, `md_entity_id`, `md_entity_type`, `data_privilege_code`, `data_privilege_type`, `data_privilege_desc`, `text_column1`, `text_column2`, `text_column3`, `text_column4`, `text_column5`, `int_column1`, `int_column2`, `int_column3`, `num_column1`, `num_column2`, `num_column3`, `date_column1`, `date_column2`, `date_column3`, `active_flag`, `create_by`, `create_date`, `last_update_by`, `last_update_date`) VALUES ('11000015', '100', '30012', 'Entity', '30012', 'All', 'Lookup分类', '', '', '', '', '', NULL, NULL, NULL, '1.00000000', '1.00000000', '1.00000000', '2021-02-24 18:10:00', '2021-02-24 18:10:00', '2021-02-24 18:10:00', 'Y', '1003', '2021-01-18 11:13:00', '1003', '2021-01-18 10:53:00');
INSERT INTO `data_privileges` (`data_privilege_id`, `tenant_id`, `md_entity_id`, `md_entity_type`, `data_privilege_code`, `data_privilege_type`, `data_privilege_desc`, `text_column1`, `text_column2`, `text_column3`, `text_column4`, `text_column5`, `int_column1`, `int_column2`, `int_column3`, `num_column1`, `num_column2`, `num_column3`, `date_column1`, `date_column2`, `date_column3`, `active_flag`, `create_by`, `create_date`, `last_update_by`, `last_update_date`) VALUES ('11000016', '100', '30013', 'Entity', '30013', 'All', 'Lookup条目', '', '', '', '', '', NULL, NULL, NULL, '1.00000000', '1.00000000', '1.00000000', '2021-02-24 18:10:00', '2021-02-24 18:10:00', '2021-02-24 18:10:00', 'Y', '1003', '2021-01-18 11:13:00', '1003', '2021-01-18 10:53:00');
INSERT INTO `data_privileges` (`data_privilege_id`, `tenant_id`, `md_entity_id`, `md_entity_type`, `data_privilege_code`, `data_privilege_type`, `data_privilege_desc`, `text_column1`, `text_column2`, `text_column3`, `text_column4`, `text_column5`, `int_column1`, `int_column2`, `int_column3`, `num_column1`, `num_column2`, `num_column3`, `date_column1`, `date_column2`, `date_column3`, `active_flag`, `create_by`, `create_date`, `last_update_by`, `last_update_date`) VALUES ('11000017', '100', '30014', 'Entity', '30014', 'All', '元数据数据库字段', '', '', '', '', '', NULL, NULL, NULL, '1.00000000', '1.00000000', '1.00000000', '2021-02-24 18:10:00', '2021-02-24 18:10:00', '2021-02-24 18:10:00', 'Y', '1003', '2021-01-18 11:13:00', '1003', '2021-01-18 10:53:00');
INSERT INTO `data_privileges` (`data_privilege_id`, `tenant_id`, `md_entity_id`, `md_entity_type`, `data_privilege_code`, `data_privilege_type`, `data_privilege_desc`, `text_column1`, `text_column2`, `text_column3`, `text_column4`, `text_column5`, `int_column1`, `int_column2`, `int_column3`, `num_column1`, `num_column2`, `num_column3`, `date_column1`, `date_column2`, `date_column3`, `active_flag`, `create_by`, `create_date`, `last_update_by`, `last_update_date`) VALUES ('11000018', '100', '30017', 'Entity', '30017', 'All', '元数据属性', '', '', '', '', '', NULL, NULL, NULL, '1.00000000', '1.00000000', '1.00000000', '2021-02-24 18:10:00', '2021-02-24 18:10:00', '2021-02-24 18:10:00', 'Y', '1003', '2021-01-18 11:13:00', '1003', '2021-01-18 10:53:00');
INSERT INTO `data_privileges` (`data_privilege_id`, `tenant_id`, `md_entity_id`, `md_entity_type`, `data_privilege_code`, `data_privilege_type`, `data_privilege_desc`, `text_column1`, `text_column2`, `text_column3`, `text_column4`, `text_column5`, `int_column1`, `int_column2`, `int_column3`, `num_column1`, `num_column2`, `num_column3`, `date_column1`, `date_column2`, `date_column3`, `active_flag`, `create_by`, `create_date`, `last_update_by`, `last_update_date`) VALUES ('11000019', '100', '30018', 'Entity', '30018', 'All', '元数据数据表', '', '', '', '', '', NULL, NULL, NULL, '1.00000000', '1.00000000', '1.00000000', '2021-02-24 18:10:00', '2021-02-24 18:10:00', '2021-02-24 18:10:00', 'Y', '1003', '2021-01-18 11:13:00', '1003', '2021-01-18 10:53:00');
INSERT INTO `data_privileges` (`data_privilege_id`, `tenant_id`, `md_entity_id`, `md_entity_type`, `data_privilege_code`, `data_privilege_type`, `data_privilege_desc`, `text_column1`, `text_column2`, `text_column3`, `text_column4`, `text_column5`, `int_column1`, `int_column2`, `int_column3`, `num_column1`, `num_column2`, `num_column3`, `date_column1`, `date_column2`, `date_column3`, `active_flag`, `create_by`, `create_date`, `last_update_by`, `last_update_date`) VALUES ('11000020', '100', '30019', 'Entity', '30019', 'All', '角色权限条目管理', '', '', '', '', '', NULL, NULL, NULL, '1.00000000', '1.00000000', '1.00000000', '2021-02-24 18:10:00', '2021-02-24 18:10:00', '2021-02-24 18:10:00', 'Y', '1003', '2021-01-18 11:13:00', '1003', '2021-01-18 10:53:00');
INSERT INTO `data_privileges` (`data_privilege_id`, `tenant_id`, `md_entity_id`, `md_entity_type`, `data_privilege_code`, `data_privilege_type`, `data_privilege_desc`, `text_column1`, `text_column2`, `text_column3`, `text_column4`, `text_column5`, `int_column1`, `int_column2`, `int_column3`, `num_column1`, `num_column2`, `num_column3`, `date_column1`, `date_column2`, `date_column3`, `active_flag`, `create_by`, `create_date`, `last_update_by`, `last_update_date`) VALUES ('11000021', '100', '30020', 'Entity', '30020', 'All', '角色', '', '', '', '', '', NULL, NULL, NULL, '1.00000000', '1.00000000', '1.00000000', '2021-02-24 18:10:00', '2021-02-24 18:10:00', '2021-02-24 18:10:00', 'Y', '1003', '2021-01-18 11:13:00', '1003', '2021-01-18 10:53:00');
INSERT INTO `data_privileges` (`data_privilege_id`, `tenant_id`, `md_entity_id`, `md_entity_type`, `data_privilege_code`, `data_privilege_type`, `data_privilege_desc`, `text_column1`, `text_column2`, `text_column3`, `text_column4`, `text_column5`, `int_column1`, `int_column2`, `int_column3`, `num_column1`, `num_column2`, `num_column3`, `date_column1`, `date_column2`, `date_column3`, `active_flag`, `create_by`, `create_date`, `last_update_by`, `last_update_date`) VALUES ('11000022', '100', '30021', 'Entity', '30021', 'All', '租户', '', '', '', '', '', NULL, NULL, NULL, '1.00000000', '1.00000000', '1.00000000', '2021-02-24 18:10:00', '2021-02-24 18:10:00', '2021-02-24 18:10:00', 'Y', '1003', '2021-01-18 11:13:00', '1003', '2021-01-18 10:53:00');
INSERT INTO `data_privileges` (`data_privilege_id`, `tenant_id`, `md_entity_id`, `md_entity_type`, `data_privilege_code`, `data_privilege_type`, `data_privilege_desc`, `text_column1`, `text_column2`, `text_column3`, `text_column4`, `text_column5`, `int_column1`, `int_column2`, `int_column3`, `num_column1`, `num_column2`, `num_column3`, `date_column1`, `date_column2`, `date_column3`, `active_flag`, `create_by`, `create_date`, `last_update_by`, `last_update_date`) VALUES ('11000023', '100', '30022', 'Entity', '30022', 'All', '用户群组', '', '', '', '', '', NULL, NULL, NULL, '1.00000000', '1.00000000', '1.00000000', '2021-02-24 18:10:00', '2021-02-24 18:10:00', '2021-02-24 18:10:00', 'Y', '1003', '2021-01-18 11:13:00', '1003', '2021-01-18 10:53:00');
INSERT INTO `data_privileges` (`data_privilege_id`, `tenant_id`, `md_entity_id`, `md_entity_type`, `data_privilege_code`, `data_privilege_type`, `data_privilege_desc`, `text_column1`, `text_column2`, `text_column3`, `text_column4`, `text_column5`, `int_column1`, `int_column2`, `int_column3`, `num_column1`, `num_column2`, `num_column3`, `date_column1`, `date_column2`, `date_column3`, `active_flag`, `create_by`, `create_date`, `last_update_by`, `last_update_date`) VALUES ('11000024', '100', '30023', 'Entity', '30023', 'All', '用户和群组关系', '', '', '', '', '', NULL, NULL, NULL, '1.00000000', '1.00000000', '1.00000000', '2021-02-24 18:10:00', '2021-02-24 18:10:00', '2021-02-24 18:10:00', 'Y', '1003', '2021-01-18 11:13:00', '1003', '2021-01-18 10:53:00');
INSERT INTO `data_privileges` (`data_privilege_id`, `tenant_id`, `md_entity_id`, `md_entity_type`, `data_privilege_code`, `data_privilege_type`, `data_privilege_desc`, `text_column1`, `text_column2`, `text_column3`, `text_column4`, `text_column5`, `int_column1`, `int_column2`, `int_column3`, `num_column1`, `num_column2`, `num_column3`, `date_column1`, `date_column2`, `date_column3`, `active_flag`, `create_by`, `create_date`, `last_update_by`, `last_update_date`) VALUES ('11000025', '100', '30024', 'Entity', '30024', 'All', '用户和角色关系', '', '', '', '', '', NULL, NULL, NULL, '1.00000000', '1.00000000', '1.00000000', '2021-02-24 18:10:00', '2021-02-24 18:10:00', '2021-02-24 18:10:00', 'Y', '1003', '2021-01-18 11:13:00', '1003', '2021-01-18 10:53:00');
INSERT INTO `data_privileges` (`data_privilege_id`, `tenant_id`, `md_entity_id`, `md_entity_type`, `data_privilege_code`, `data_privilege_type`, `data_privilege_desc`, `text_column1`, `text_column2`, `text_column3`, `text_column4`, `text_column5`, `int_column1`, `int_column2`, `int_column3`, `num_column1`, `num_column2`, `num_column3`, `date_column1`, `date_column2`, `date_column3`, `active_flag`, `create_by`, `create_date`, `last_update_by`, `last_update_date`) VALUES ('11000026', '100', '30025', 'Entity', '30025', 'All', '用户', '', '', '', '', '', NULL, NULL, NULL, '1.00000000', '1.00000000', '1.00000000', '2021-02-24 18:10:00', '2021-02-24 18:10:00', '2021-02-24 18:10:00', 'Y', '1003', '2021-01-18 11:13:00', '1003', '2021-01-18 10:53:00');
INSERT INTO `data_privileges` (`data_privilege_id`, `tenant_id`, `md_entity_id`, `md_entity_type`, `data_privilege_code`, `data_privilege_type`, `data_privilege_desc`, `text_column1`, `text_column2`, `text_column3`, `text_column4`, `text_column5`, `int_column1`, `int_column2`, `int_column3`, `num_column1`, `num_column2`, `num_column3`, `date_column1`, `date_column2`, `date_column3`, `active_flag`, `create_by`, `create_date`, `last_update_by`, `last_update_date`) VALUES ('11000027', '100', '30026', 'Entity', '30026', 'All', '视图输入参数', '', '', '', '', '', NULL, NULL, NULL, '1.00000000', '1.00000000', '1.00000000', '2021-02-24 18:10:00', '2021-02-24 18:10:00', '2021-02-24 18:10:00', 'Y', '1003', '2021-01-18 11:13:00', '1003', '2021-01-18 10:53:00');
INSERT INTO `data_privileges` (`data_privilege_id`, `tenant_id`, `md_entity_id`, `md_entity_type`, `data_privilege_code`, `data_privilege_type`, `data_privilege_desc`, `text_column1`, `text_column2`, `text_column3`, `text_column4`, `text_column5`, `int_column1`, `int_column2`, `int_column3`, `num_column1`, `num_column2`, `num_column3`, `date_column1`, `date_column2`, `date_column3`, `active_flag`, `create_by`, `create_date`, `last_update_by`, `last_update_date`) VALUES ('11000028', '100', '30027', 'Entity', '30027', 'All', '视图输出参数', '', '', '', '', '', NULL, NULL, NULL, '1.00000000', '1.00000000', '1.00000000', '2021-02-24 18:10:00', '2021-02-24 18:10:00', '2021-02-24 18:10:00', 'Y', '1003', '2021-01-18 11:13:00', '1003', '2021-01-18 10:53:00');
INSERT INTO `data_privileges` (`data_privilege_id`, `tenant_id`, `md_entity_id`, `md_entity_type`, `data_privilege_code`, `data_privilege_type`, `data_privilege_desc`, `text_column1`, `text_column2`, `text_column3`, `text_column4`, `text_column5`, `int_column1`, `int_column2`, `int_column3`, `num_column1`, `num_column2`, `num_column3`, `date_column1`, `date_column2`, `date_column3`, `active_flag`, `create_by`, `create_date`, `last_update_by`, `last_update_date`) VALUES ('11000029', '100', '30028', 'Entity', '30028', 'All', '实体关系数据记录', '', '', '', '', '', NULL, NULL, NULL, '1.00000000', '1.00000000', '1.00000000', '2021-02-24 18:10:00', '2021-02-24 18:10:00', '2021-02-24 18:10:00', 'Y', '1003', '2021-01-18 11:13:00', '1003', '2021-01-18 10:53:00');
INSERT INTO `data_privileges` (`data_privilege_id`, `tenant_id`, `md_entity_id`, `md_entity_type`, `data_privilege_code`, `data_privilege_type`, `data_privilege_desc`, `text_column1`, `text_column2`, `text_column3`, `text_column4`, `text_column5`, `int_column1`, `int_column2`, `int_column3`, `num_column1`, `num_column2`, `num_column3`, `date_column1`, `date_column2`, `date_column3`, `active_flag`, `create_by`, `create_date`, `last_update_by`, `last_update_date`) VALUES ('11000030', '100', '30029', 'Entity', '30029', 'All', '元数据实体权限信息', '', '', '', '', '', NULL, NULL, NULL, '1.00000000', '1.00000000', '1.00000000', '2021-02-24 18:10:00', '2021-02-24 18:10:00', '2021-02-24 18:10:00', 'Y', '1003', '2021-01-18 11:13:00', '1003', '2021-01-18 10:53:00');
INSERT INTO `data_privileges` (`data_privilege_id`, `tenant_id`, `md_entity_id`, `md_entity_type`, `data_privilege_code`, `data_privilege_type`, `data_privilege_desc`, `text_column1`, `text_column2`, `text_column3`, `text_column4`, `text_column5`, `int_column1`, `int_column2`, `int_column3`, `num_column1`, `num_column2`, `num_column3`, `date_column1`, `date_column2`, `date_column3`, `active_flag`, `create_by`, `create_date`, `last_update_by`, `last_update_date`, `public_flag`) VALUES ('11000007', '100', '30016', 'Entity', '30016', 'All', '元数据实体权限实体', '', '', '', '', '', NULL, NULL, NULL, '1.00000000', '1.00000000', '1.00000000', '2021-02-24 18:10:40', '2021-02-24 18:10:43', '2021-02-24 18:10:46', 'Y', '1003', '2021-04-14 17:01:49', '1003', '2021-01-18 10:53:54', 'Y');
INSERT INTO `data_privileges` (`data_privilege_id`, `tenant_id`, `md_entity_id`, `md_entity_type`, `data_privilege_code`, `data_privilege_type`, `data_privilege_desc`, `text_column1`, `text_column2`, `text_column3`, `text_column4`, `text_column5`, `int_column1`, `int_column2`, `int_column3`, `num_column1`, `num_column2`, `num_column3`, `date_column1`, `date_column2`, `date_column3`, `active_flag`, `create_by`, `create_date`, `last_update_by`, `last_update_date`, `public_flag`) VALUES ('11000008', '100', '30005', 'Entity', '30005', 'All', '部门实体', '', '', '', '', '', NULL, NULL, NULL, '1.00000000', '1.00000000', '1.00000000', '2021-02-24 18:10:00', '2021-02-24 18:10:00', '2021-02-24 18:10:00', 'Y', '1003', '2021-04-14 17:01:49', '1003', '2021-01-18 10:53:00', 'Y');
INSERT INTO `data_privileges` (`data_privilege_id`, `tenant_id`, `md_entity_id`, `md_entity_type`, `data_privilege_code`, `data_privilege_type`, `data_privilege_desc`, `text_column1`, `text_column2`, `text_column3`, `text_column4`, `text_column5`, `int_column1`, `int_column2`, `int_column3`, `num_column1`, `num_column2`, `num_column3`, `date_column1`, `date_column2`, `date_column3`, `active_flag`, `create_by`, `create_date`, `last_update_by`, `last_update_date`, `public_flag`) VALUES ('11000009', '100', '30006', 'Entity', '30006', 'All', '大字段数据实体', '', '', '', '', '', NULL, NULL, NULL, '1.00000000', '1.00000000', '1.00000000', '2021-02-24 18:10:00', '2021-02-24 18:10:00', '2021-02-24 18:10:00', 'Y', '1003', '2021-04-14 17:01:49', '1003', '2021-01-18 10:53:00', 'Y');
INSERT INTO `data_privileges` (`data_privilege_id`, `tenant_id`, `md_entity_id`, `md_entity_type`, `data_privilege_code`, `data_privilege_type`, `data_privilege_desc`, `text_column1`, `text_column2`, `text_column3`, `text_column4`, `text_column5`, `int_column1`, `int_column2`, `int_column3`, `num_column1`, `num_column2`, `num_column3`, `date_column1`, `date_column2`, `date_column3`, `active_flag`, `create_by`, `create_date`, `last_update_by`, `last_update_date`, `public_flag`) VALUES ('11000010', '100', '30007', 'Entity', '30007', 'All', 'lookup多值字段实体', '', '', '', '', '', NULL, NULL, NULL, '1.00000000', '1.00000000', '1.00000000', '2021-02-24 18:10:00', '2021-02-24 18:10:00', '2021-02-24 18:10:00', 'Y', '1003', '2021-04-14 17:01:49', '1003', '2021-01-18 10:53:00', 'Y');
INSERT INTO `data_privileges` (`data_privilege_id`, `tenant_id`, `md_entity_id`, `md_entity_type`, `data_privilege_code`, `data_privilege_type`, `data_privilege_desc`, `text_column1`, `text_column2`, `text_column3`, `text_column4`, `text_column5`, `int_column1`, `int_column2`, `int_column3`, `num_column1`, `num_column2`, `num_column3`, `date_column1`, `date_column2`, `date_column3`, `active_flag`, `create_by`, `create_date`, `last_update_by`, `last_update_date`, `public_flag`) VALUES ('11000011', '100', '30008', 'Entity', '30008', 'All', '数据字段和权限关系', '', '', '', '', '', NULL, NULL, NULL, '1.00000000', '1.00000000', '1.00000000', '2021-02-24 18:10:00', '2021-02-24 18:10:00', '2021-02-24 18:10:00', 'Y', '1003', '2021-04-14 17:01:49', '1003', '2021-01-18 10:53:00', 'Y');
INSERT INTO `data_privileges` (`data_privilege_id`, `tenant_id`, `md_entity_id`, `md_entity_type`, `data_privilege_code`, `data_privilege_type`, `data_privilege_desc`, `text_column1`, `text_column2`, `text_column3`, `text_column4`, `text_column5`, `int_column1`, `int_column2`, `int_column3`, `num_column1`, `num_column2`, `num_column3`, `date_column1`, `date_column2`, `date_column3`, `active_flag`, `create_by`, `create_date`, `last_update_by`, `last_update_date`, `public_flag`) VALUES ('11000012', '100', '30009', 'Entity', '30009', 'All', '数据权限', '', '', '', '', '', NULL, NULL, NULL, '1.00000000', '1.00000000', '1.00000000', '2021-02-24 18:10:00', '2021-02-24 18:10:00', '2021-02-24 18:10:00', 'Y', '1003', '2021-04-14 17:01:49', '1003', '2021-01-18 10:53:00', 'Y');
INSERT INTO `data_privileges` (`data_privilege_id`, `tenant_id`, `md_entity_id`, `md_entity_type`, `data_privilege_code`, `data_privilege_type`, `data_privilege_desc`, `text_column1`, `text_column2`, `text_column3`, `text_column4`, `text_column5`, `int_column1`, `int_column2`, `int_column3`, `num_column1`, `num_column2`, `num_column3`, `date_column1`, `date_column2`, `date_column3`, `active_flag`, `create_by`, `create_date`, `last_update_by`, `last_update_date`, `public_flag`) VALUES ('11000013', '100', '30010', 'Entity', '30010', 'All', '数据权限关系', '', '', '', '', '', NULL, NULL, NULL, '1.00000000', '1.00000000', '1.00000000', '2021-02-24 18:10:00', '2021-02-24 18:10:00', '2021-02-24 18:10:00', 'Y', '1003', '2021-04-14 17:01:49', '1003', '2021-01-18 10:53:00', 'Y');
INSERT INTO `data_privileges` (`data_privilege_id`, `tenant_id`, `md_entity_id`, `md_entity_type`, `data_privilege_code`, `data_privilege_type`, `data_privilege_desc`, `text_column1`, `text_column2`, `text_column3`, `text_column4`, `text_column5`, `int_column1`, `int_column2`, `int_column3`, `num_column1`, `num_column2`, `num_column3`, `date_column1`, `date_column2`, `date_column3`, `active_flag`, `create_by`, `create_date`, `last_update_by`, `last_update_date`, `public_flag`) VALUES ('11000014', '100', '30011', 'Entity', '30011', 'All', '数据视图', '', '', '', '', '', NULL, NULL, NULL, '1.00000000', '1.00000000', '1.00000000', '2021-02-24 18:10:00', '2021-02-24 18:10:00', '2021-02-24 18:10:00', 'Y', '1003', '2021-04-14 17:01:49', '1003', '2021-01-18 10:53:00', 'Y');
INSERT INTO `data_privileges` (`data_privilege_id`, `tenant_id`, `md_entity_id`, `md_entity_type`, `data_privilege_code`, `data_privilege_type`, `data_privilege_desc`, `text_column1`, `text_column2`, `text_column3`, `text_column4`, `text_column5`, `int_column1`, `int_column2`, `int_column3`, `num_column1`, `num_column2`, `num_column3`, `date_column1`, `date_column2`, `date_column3`, `active_flag`, `create_by`, `create_date`, `last_update_by`, `last_update_date`, `public_flag`) VALUES ('11000015', '100', '30012', 'Entity', '30012', 'All', 'Lookup分类', '', '', '', '', '', NULL, NULL, NULL, '1.00000000', '1.00000000', '1.00000000', '2021-02-24 18:10:00', '2021-02-24 18:10:00', '2021-02-24 18:10:00', 'Y', '1003', '2021-04-14 17:01:49', '1003', '2021-01-18 10:53:00', 'Y');
INSERT INTO `data_privileges` (`data_privilege_id`, `tenant_id`, `md_entity_id`, `md_entity_type`, `data_privilege_code`, `data_privilege_type`, `data_privilege_desc`, `text_column1`, `text_column2`, `text_column3`, `text_column4`, `text_column5`, `int_column1`, `int_column2`, `int_column3`, `num_column1`, `num_column2`, `num_column3`, `date_column1`, `date_column2`, `date_column3`, `active_flag`, `create_by`, `create_date`, `last_update_by`, `last_update_date`, `public_flag`) VALUES ('11000016', '100', '30013', 'Entity', '30013', 'All', 'Lookup条目', '', '', '', '', '', NULL, NULL, NULL, '1.00000000', '1.00000000', '1.00000000', '2021-02-24 18:10:00', '2021-02-24 18:10:00', '2021-02-24 18:10:00', 'Y', '1003', '2021-04-14 17:01:49', '1003', '2021-01-18 10:53:00', 'Y');
INSERT INTO `data_privileges` (`data_privilege_id`, `tenant_id`, `md_entity_id`, `md_entity_type`, `data_privilege_code`, `data_privilege_type`, `data_privilege_desc`, `text_column1`, `text_column2`, `text_column3`, `text_column4`, `text_column5`, `int_column1`, `int_column2`, `int_column3`, `num_column1`, `num_column2`, `num_column3`, `date_column1`, `date_column2`, `date_column3`, `active_flag`, `create_by`, `create_date`, `last_update_by`, `last_update_date`, `public_flag`) VALUES ('11000017', '100', '30014', 'Entity', '30014', 'All', '元数据数据库字段', '', '', '', '', '', NULL, NULL, NULL, '1.00000000', '1.00000000', '1.00000000', '2021-02-24 18:10:00', '2021-02-24 18:10:00', '2021-02-24 18:10:00', 'Y', '1003', '2021-04-14 17:01:49', '1003', '2021-01-18 10:53:00', 'Y');
INSERT INTO `data_privileges` (`data_privilege_id`, `tenant_id`, `md_entity_id`, `md_entity_type`, `data_privilege_code`, `data_privilege_type`, `data_privilege_desc`, `text_column1`, `text_column2`, `text_column3`, `text_column4`, `text_column5`, `int_column1`, `int_column2`, `int_column3`, `num_column1`, `num_column2`, `num_column3`, `date_column1`, `date_column2`, `date_column3`, `active_flag`, `create_by`, `create_date`, `last_update_by`, `last_update_date`, `public_flag`) VALUES ('11000018', '100', '30017', 'Entity', '30017', 'All', '元数据属性', '', '', '', '', '', NULL, NULL, NULL, '1.00000000', '1.00000000', '1.00000000', '2021-02-24 18:10:00', '2021-02-24 18:10:00', '2021-02-24 18:10:00', 'Y', '1003', '2021-04-14 17:01:49', '1003', '2021-01-18 10:53:00', 'Y');
INSERT INTO `data_privileges` (`data_privilege_id`, `tenant_id`, `md_entity_id`, `md_entity_type`, `data_privilege_code`, `data_privilege_type`, `data_privilege_desc`, `text_column1`, `text_column2`, `text_column3`, `text_column4`, `text_column5`, `int_column1`, `int_column2`, `int_column3`, `num_column1`, `num_column2`, `num_column3`, `date_column1`, `date_column2`, `date_column3`, `active_flag`, `create_by`, `create_date`, `last_update_by`, `last_update_date`, `public_flag`) VALUES ('11000019', '100', '30018', 'Entity', '30018', 'All', '元数据数据表', '', '', '', '', '', NULL, NULL, NULL, '1.00000000', '1.00000000', '1.00000000', '2021-02-24 18:10:00', '2021-02-24 18:10:00', '2021-02-24 18:10:00', 'Y', '1003', '2021-04-14 17:01:49', '1003', '2021-01-18 10:53:00', 'Y');
INSERT INTO `data_privileges` (`data_privilege_id`, `tenant_id`, `md_entity_id`, `md_entity_type`, `data_privilege_code`, `data_privilege_type`, `data_privilege_desc`, `text_column1`, `text_column2`, `text_column3`, `text_column4`, `text_column5`, `int_column1`, `int_column2`, `int_column3`, `num_column1`, `num_column2`, `num_column3`, `date_column1`, `date_column2`, `date_column3`, `active_flag`, `create_by`, `create_date`, `last_update_by`, `last_update_date`, `public_flag`) VALUES ('11000020', '100', '30019', 'Entity', '30019', 'All', '角色权限条目管理', '', '', '', '', '', NULL, NULL, NULL, '1.00000000', '1.00000000', '1.00000000', '2021-02-24 18:10:00', '2021-02-24 18:10:00', '2021-02-24 18:10:00', 'Y', '1003', '2021-04-14 17:01:49', '1003', '2021-01-18 10:53:00', 'Y');
INSERT INTO `data_privileges` (`data_privilege_id`, `tenant_id`, `md_entity_id`, `md_entity_type`, `data_privilege_code`, `data_privilege_type`, `data_privilege_desc`, `text_column1`, `text_column2`, `text_column3`, `text_column4`, `text_column5`, `int_column1`, `int_column2`, `int_column3`, `num_column1`, `num_column2`, `num_column3`, `date_column1`, `date_column2`, `date_column3`, `active_flag`, `create_by`, `create_date`, `last_update_by`, `last_update_date`, `public_flag`) VALUES ('11000021', '100', '30020', 'Entity', '30020', 'All', '角色', '', '', '', '', '', NULL, NULL, NULL, '1.00000000', '1.00000000', '1.00000000', '2021-02-24 18:10:00', '2021-02-24 18:10:00', '2021-02-24 18:10:00', 'Y', '1003', '2021-04-14 17:01:49', '1003', '2021-01-18 10:53:00', 'Y');
INSERT INTO `data_privileges` (`data_privilege_id`, `tenant_id`, `md_entity_id`, `md_entity_type`, `data_privilege_code`, `data_privilege_type`, `data_privilege_desc`, `text_column1`, `text_column2`, `text_column3`, `text_column4`, `text_column5`, `int_column1`, `int_column2`, `int_column3`, `num_column1`, `num_column2`, `num_column3`, `date_column1`, `date_column2`, `date_column3`, `active_flag`, `create_by`, `create_date`, `last_update_by`, `last_update_date`, `public_flag`) VALUES ('11000022', '100', '30021', 'Entity', '30021', 'All', '租户', '', '', '', '', '', NULL, NULL, NULL, '1.00000000', '1.00000000', '1.00000000', '2021-02-24 18:10:00', '2021-02-24 18:10:00', '2021-02-24 18:10:00', 'Y', '1003', '2021-04-14 17:01:49', '1003', '2021-01-18 10:53:00', 'Y');
INSERT INTO `data_privileges` (`data_privilege_id`, `tenant_id`, `md_entity_id`, `md_entity_type`, `data_privilege_code`, `data_privilege_type`, `data_privilege_desc`, `text_column1`, `text_column2`, `text_column3`, `text_column4`, `text_column5`, `int_column1`, `int_column2`, `int_column3`, `num_column1`, `num_column2`, `num_column3`, `date_column1`, `date_column2`, `date_column3`, `active_flag`, `create_by`, `create_date`, `last_update_by`, `last_update_date`, `public_flag`) VALUES ('11000023', '100', '30022', 'Entity', '30022', 'All', '用户群组', '', '', '', '', '', NULL, NULL, NULL, '1.00000000', '1.00000000', '1.00000000', '2021-02-24 18:10:00', '2021-02-24 18:10:00', '2021-02-24 18:10:00', 'Y', '1003', '2021-04-14 17:01:49', '1003', '2021-01-18 10:53:00', 'Y');
INSERT INTO `data_privileges` (`data_privilege_id`, `tenant_id`, `md_entity_id`, `md_entity_type`, `data_privilege_code`, `data_privilege_type`, `data_privilege_desc`, `text_column1`, `text_column2`, `text_column3`, `text_column4`, `text_column5`, `int_column1`, `int_column2`, `int_column3`, `num_column1`, `num_column2`, `num_column3`, `date_column1`, `date_column2`, `date_column3`, `active_flag`, `create_by`, `create_date`, `last_update_by`, `last_update_date`, `public_flag`) VALUES ('11000024', '100', '30023', 'Entity', '30023', 'All', '用户和群组关系', '', '', '', '', '', NULL, NULL, NULL, '1.00000000', '1.00000000', '1.00000000', '2021-02-24 18:10:00', '2021-02-24 18:10:00', '2021-02-24 18:10:00', 'Y', '1003', '2021-04-14 17:01:49', '1003', '2021-01-18 10:53:00', 'Y');
INSERT INTO `data_privileges` (`data_privilege_id`, `tenant_id`, `md_entity_id`, `md_entity_type`, `data_privilege_code`, `data_privilege_type`, `data_privilege_desc`, `text_column1`, `text_column2`, `text_column3`, `text_column4`, `text_column5`, `int_column1`, `int_column2`, `int_column3`, `num_column1`, `num_column2`, `num_column3`, `date_column1`, `date_column2`, `date_column3`, `active_flag`, `create_by`, `create_date`, `last_update_by`, `last_update_date`, `public_flag`) VALUES ('11000025', '100', '30024', 'Entity', '30024', 'All', '用户和角色关系', '', '', '', '', '', NULL, NULL, NULL, '1.00000000', '1.00000000', '1.00000000', '2021-02-24 18:10:00', '2021-02-24 18:10:00', '2021-02-24 18:10:00', 'Y', '1003', '2021-04-14 17:01:49', '1003', '2021-01-18 10:53:00', 'Y');
INSERT INTO `data_privileges` (`data_privilege_id`, `tenant_id`, `md_entity_id`, `md_entity_type`, `data_privilege_code`, `data_privilege_type`, `data_privilege_desc`, `text_column1`, `text_column2`, `text_column3`, `text_column4`, `text_column5`, `int_column1`, `int_column2`, `int_column3`, `num_column1`, `num_column2`, `num_column3`, `date_column1`, `date_column2`, `date_column3`, `active_flag`, `create_by`, `create_date`, `last_update_by`, `last_update_date`, `public_flag`) VALUES ('11000026', '100', '30025', 'Entity', '30025', 'All', '用户', '', '', '', '', '', NULL, NULL, NULL, '1.00000000', '1.00000000', '1.00000000', '2021-02-24 18:10:00', '2021-02-24 18:10:00', '2021-02-24 18:10:00', 'Y', '1003', '2021-04-14 17:01:49', '1003', '2021-01-18 10:53:00', 'Y');
INSERT INTO `data_privileges` (`data_privilege_id`, `tenant_id`, `md_entity_id`, `md_entity_type`, `data_privilege_code`, `data_privilege_type`, `data_privilege_desc`, `text_column1`, `text_column2`, `text_column3`, `text_column4`, `text_column5`, `int_column1`, `int_column2`, `int_column3`, `num_column1`, `num_column2`, `num_column3`, `date_column1`, `date_column2`, `date_column3`, `active_flag`, `create_by`, `create_date`, `last_update_by`, `last_update_date`, `public_flag`) VALUES ('11000027', '100', '30026', 'Entity', '30026', 'All', '视图输入参数', '', '', '', '', '', NULL, NULL, NULL, '1.00000000', '1.00000000', '1.00000000', '2021-02-24 18:10:00', '2021-02-24 18:10:00', '2021-02-24 18:10:00', 'Y', '1003', '2021-04-14 17:01:49', '1003', '2021-01-18 10:53:00', 'Y');
INSERT INTO `data_privileges` (`data_privilege_id`, `tenant_id`, `md_entity_id`, `md_entity_type`, `data_privilege_code`, `data_privilege_type`, `data_privilege_desc`, `text_column1`, `text_column2`, `text_column3`, `text_column4`, `text_column5`, `int_column1`, `int_column2`, `int_column3`, `num_column1`, `num_column2`, `num_column3`, `date_column1`, `date_column2`, `date_column3`, `active_flag`, `create_by`, `create_date`, `last_update_by`, `last_update_date`, `public_flag`) VALUES ('11000028', '100', '30027', 'Entity', '30027', 'All', '视图输出参数', '', '', '', '', '', NULL, NULL, NULL, '1.00000000', '1.00000000', '1.00000000', '2021-02-24 18:10:00', '2021-02-24 18:10:00', '2021-02-24 18:10:00', 'Y', '1003', '2021-04-14 17:01:49', '1003', '2021-01-18 10:53:00', 'Y');
INSERT INTO `data_privileges` (`data_privilege_id`, `tenant_id`, `md_entity_id`, `md_entity_type`, `data_privilege_code`, `data_privilege_type`, `data_privilege_desc`, `text_column1`, `text_column2`, `text_column3`, `text_column4`, `text_column5`, `int_column1`, `int_column2`, `int_column3`, `num_column1`, `num_column2`, `num_column3`, `date_column1`, `date_column2`, `date_column3`, `active_flag`, `create_by`, `create_date`, `last_update_by`, `last_update_date`, `public_flag`) VALUES ('11000029', '100', '30028', 'Entity', '30028', 'All', '实体关系数据记录', '', '', '', '', '', NULL, NULL, NULL, '1.00000000', '1.00000000', '1.00000000', '2021-02-24 18:10:00', '2021-02-24 18:10:00', '2021-02-24 18:10:00', 'Y', '1003', '2021-04-14 17:01:49', '1003', '2021-01-18 10:53:00', 'Y');
INSERT INTO `data_privileges` (`data_privilege_id`, `tenant_id`, `md_entity_id`, `md_entity_type`, `data_privilege_code`, `data_privilege_type`, `data_privilege_desc`, `text_column1`, `text_column2`, `text_column3`, `text_column4`, `text_column5`, `int_column1`, `int_column2`, `int_column3`, `num_column1`, `num_column2`, `num_column3`, `date_column1`, `date_column2`, `date_column3`, `active_flag`, `create_by`, `create_date`, `last_update_by`, `last_update_date`, `public_flag`) VALUES ('11000030', '100', '30029', 'Entity', '30029', 'All', '元数据实体权限信息', '', '', '', '', '', NULL, NULL, NULL, '1.00000000', '1.00000000', '1.00000000', '2021-02-24 18:10:00', '2021-02-24 18:10:00', '2021-02-24 18:10:00', 'Y', '1003', '2021-04-14 17:01:49', '1003', '2021-01-18 10:53:00', 'Y');
INSERT INTO `data_privileges` (`data_privilege_id`, `tenant_id`, `md_entity_id`, `md_entity_type`, `data_privilege_code`, `data_privilege_type`, `data_privilege_desc`, `text_column1`, `text_column2`, `text_column3`, `text_column4`, `text_column5`, `int_column1`, `int_column2`, `int_column3`, `num_column1`, `num_column2`, `num_column3`, `date_column1`, `date_column2`, `date_column3`, `active_flag`, `create_by`, `create_date`, `last_update_by`, `last_update_date`, `public_flag`) VALUES ('11000033', '100', '30047', 'Entity', '30047', 'All', '通用文本型索引表', '', '', '', '', '', NULL, NULL, NULL, '1.00000000', '1.00000000', '1.00000000', '2021-02-24 18:10:00', '2021-02-24 18:10:00', '2021-02-24 18:10:00', 'Y', '1003', '2021-04-14 17:05:31', '1003', '2021-01-18 10:53:00', 'Y');
INSERT INTO `data_privileges` (`data_privilege_id`, `tenant_id`, `md_entity_id`, `md_entity_type`, `data_privilege_code`, `data_privilege_type`, `data_privilege_desc`, `text_column1`, `text_column2`, `text_column3`, `text_column4`, `text_column5`, `int_column1`, `int_column2`, `int_column3`, `num_column1`, `num_column2`, `num_column3`, `date_column1`, `date_column2`, `date_column3`, `active_flag`, `create_by`, `create_date`, `last_update_by`, `last_update_date`, `public_flag`) VALUES ('11000035', '100', '30030', 'Entity', '30030', 'All', '项目团队', NULL, NULL, NULL, NULL, NULL, NULL, NULL, NULL, NULL, NULL, NULL, NULL, NULL, NULL, 'Y', '1003', '2021-04-14 17:01:49', '1003', '2021-04-14 16:59:24', 'Y');
INSERT INTO `data_privileges` (`data_privilege_id`, `tenant_id`, `md_entity_id`, `md_entity_type`, `data_privilege_code`, `data_privilege_type`, `data_privilege_desc`, `text_column1`, `text_column2`, `text_column3`, `text_column4`, `text_column5`, `int_column1`, `int_column2`, `int_column3`, `num_column1`, `num_column2`, `num_column3`, `date_column1`, `date_column2`, `date_column3`, `active_flag`, `create_by`, `create_date`, `last_update_by`, `last_update_date`, `public_flag`) VALUES ('11000037', '100', '30043', 'Entity', '30043', 'All', '通用日期型索引表', NULL, NULL, NULL, NULL, NULL, NULL, NULL, NULL, NULL, NULL, NULL, NULL, NULL, NULL, 'Y', '1003', '2021-04-14 17:01:49', '1003', '2021-04-14 16:59:24', 'Y');
INSERT INTO `data_privileges` (`data_privilege_id`, `tenant_id`, `md_entity_id`, `md_entity_type`, `data_privilege_code`, `data_privilege_type`, `data_privilege_desc`, `text_column1`, `text_column2`, `text_column3`, `text_column4`, `text_column5`, `int_column1`, `int_column2`, `int_column3`, `num_column1`, `num_column2`, `num_column3`, `date_column1`, `date_column2`, `date_column3`, `active_flag`, `create_by`, `create_date`, `last_update_by`, `last_update_date`, `public_flag`) VALUES ('11000038', '100', '30044', 'Entity', '30044', 'All', '通用数值型索引表', NULL, NULL, NULL, NULL, NULL, NULL, NULL, NULL, NULL, NULL, NULL, NULL, NULL, NULL, 'Y', '1003', '2021-04-14 17:01:49', '1003', '2021-04-14 16:59:24', 'Y');
INSERT INTO `data_privileges` (`data_privilege_id`, `tenant_id`, `md_entity_id`, `md_entity_type`, `data_privilege_code`, `data_privilege_type`, `data_privilege_desc`, `text_column1`, `text_column2`, `text_column3`, `text_column4`, `text_column5`, `int_column1`, `int_column2`, `int_column3`, `num_column1`, `num_column2`, `num_column3`, `date_column1`, `date_column2`, `date_column3`, `active_flag`, `create_by`, `create_date`, `last_update_by`, `last_update_date`, `public_flag`) VALUES ('11000039', '100', '30045', 'Entity', '30045', 'All', '通用整型索引表', NULL, NULL, NULL, NULL, NULL, NULL, NULL, NULL, NULL, NULL, NULL, NULL, NULL, NULL, 'Y', '1003', '2021-04-14 17:01:49', '1003', '2021-04-14 16:59:24', 'Y');
INSERT INTO `data_privileges` (`data_privilege_id`, `tenant_id`, `md_entity_id`, `md_entity_type`, `data_privilege_code`, `data_privilege_type`, `data_privilege_desc`, `text_column1`, `text_column2`, `text_column3`, `text_column4`, `text_column5`, `int_column1`, `int_column2`, `int_column3`, `num_column1`, `num_column2`, `num_column3`, `date_column1`, `date_column2`, `date_column3`, `active_flag`, `create_by`, `create_date`, `last_update_by`, `last_update_date`, `public_flag`) VALUES ('1382966518164045824', '100', '1382966517711060992', 'Entity', '1382966517711060992:校验规则', 'All', '1382966517711060992:校验规则', NULL, NULL, NULL, NULL, NULL, NULL, NULL, NULL, NULL, NULL, NULL, NULL, NULL, NULL, 'Y', '1003', '2021-04-21 14:40:48', '1003', '2021-04-16 15:58:06', 'Y');
INSERT INTO `data_privileges` (`data_privilege_id`, `tenant_id`, `md_entity_id`, `md_entity_type`, `data_privilege_code`, `data_privilege_type`, `data_privilege_desc`, `text_column1`, `text_column2`, `text_column3`, `text_column4`, `text_column5`, `int_column1`, `int_column2`, `int_column3`, `num_column1`, `num_column2`, `num_column3`, `date_column1`, `date_column2`, `date_column3`, `active_flag`, `create_by`, `create_date`, `last_update_by`, `last_update_date`, `public_flag`) VALUES ('1382966519548166144', '100', '1382966519099375616', 'Entity', '1382966519099375616:规则与实体关系', 'All', '1382966519099375616:规则与实体关系', NULL, NULL, NULL, NULL, NULL, NULL, NULL, NULL, NULL, NULL, NULL, NULL, NULL, NULL, 'Y', '1003', '2021-04-21 14:40:59', '1003', '2021-04-16 15:58:07', 'Y');
INSERT INTO `data_privileges` (`data_privilege_id`, `tenant_id`, `md_entity_id`, `md_entity_type`, `data_privilege_code`, `data_privilege_type`, `data_privilege_desc`, `text_column1`, `text_column2`, `text_column3`, `text_column4`, `text_column5`, `int_column1`, `int_column2`, `int_column3`, `num_column1`, `num_column2`, `num_column3`, `date_column1`, `date_column2`, `date_column3`, `active_flag`, `create_by`, `create_date`, `last_update_by`, `last_update_date`, `public_flag`) VALUES ('1383225791813074944', '100', '1383225791343312896', 'Entity', '1383225791343312896:规则与UI关系', 'All', '1383225791343312896:规则与UI关系', NULL, NULL, NULL, NULL, NULL, NULL, NULL, NULL, NULL, NULL, NULL, NULL, NULL, NULL, 'Y', '1003', '2021-04-21 14:40:59', '1003', '2021-04-17 09:08:22', 'Y');
INSERT INTO `data_privileges` (`data_privilege_id`, `tenant_id`, `md_entity_id`, `md_entity_type`, `data_privilege_code`, `data_privilege_type`, `data_privilege_desc`, `text_column1`, `text_column2`, `text_column3`, `text_column4`, `text_column5`, `int_column1`, `int_column2`, `int_column3`, `num_column1`, `num_column2`, `num_column3`, `date_column1`, `date_column2`, `date_column3`, `active_flag`, `create_by`, `create_date`, `last_update_by`, `last_update_date`, `public_flag`) VALUES ('1383259437374717952', '100', '1383259380718059520', 'Entity', '1383259380718059520:校验规则', 'All', '1383259380718059520:校验规则', NULL, NULL, NULL, NULL, NULL, NULL, NULL, NULL, NULL, NULL, NULL, NULL, NULL, NULL, 'Y', '1003', '2021-04-21 14:40:59', '1003', '2021-04-17 11:22:04', 'Y');
INSERT INTO `data_privileges` (`data_privilege_id`, `tenant_id`, `md_entity_id`, `md_entity_type`, `data_privilege_code`, `data_privilege_type`, `data_privilege_desc`, `text_column1`, `text_column2`, `text_column3`, `text_column4`, `text_column5`, `int_column1`, `int_column2`, `int_column3`, `num_column1`, `num_column2`, `num_column3`, `date_column1`, `date_column2`, `date_column3`, `active_flag`, `create_by`, `create_date`, `last_update_by`, `last_update_date`, `public_flag`) VALUES ('1384682419506724864', '100', '1384682419049545728', 'Entity', '1384682419049545728:UI模板和实体关系', 'All', '1384682419049545728:UI模板和实体关系', NULL, NULL, NULL, NULL, NULL, NULL, NULL, NULL, NULL, NULL, NULL, NULL, NULL, NULL, 'Y', '1003', '2021-04-21 14:40:59', '1003', '2021-04-21 09:36:29', 'Y');
INSERT INTO `data_privileges` (`data_privilege_id`, `tenant_id`, `md_entity_id`, `md_entity_type`, `data_privilege_code`, `data_privilege_type`, `data_privilege_desc`, `text_column1`, `text_column2`, `text_column3`, `text_column4`, `text_column5`, `int_column1`, `int_column2`, `int_column3`, `num_column1`, `num_column2`, `num_column3`, `date_column1`, `date_column2`, `date_column3`, `active_flag`, `create_by`, `create_date`, `last_update_by`, `last_update_date`, `public_flag`) VALUES ('1384685499216379904', '100', '1384685498692091904', 'Entity', '1384685498692091904:UI页面字段', 'All', '1384685498692091904:UI页面字段', NULL, NULL, NULL, NULL, NULL, NULL, NULL, NULL, NULL, NULL, NULL, NULL, NULL, NULL, 'Y', '1003', '2021-04-21 14:40:59', '1003', '2021-04-21 09:48:43', 'Y');
INSERT INTO `data_privileges` (`data_privilege_id`, `tenant_id`, `md_entity_id`, `md_entity_type`, `data_privilege_code`, `data_privilege_type`, `data_privilege_desc`, `text_column1`, `text_column2`, `text_column3`, `text_column4`, `text_column5`, `int_column1`, `int_column2`, `int_column3`, `num_column1`, `num_column2`, `num_column3`, `date_column1`, `date_column2`, `date_column3`, `active_flag`, `create_by`, `create_date`, `last_update_by`, `last_update_date`, `public_flag`) VALUES ('1384718859464687616', '100', '1384718859007508480', 'Entity', '1384718859007508480:UI页面模板', 'All', '1384718859007508480:UI页面模板', NULL, NULL, NULL, NULL, NULL, NULL, NULL, NULL, NULL, NULL, NULL, NULL, NULL, NULL, 'Y', '1003', '2021-04-21 14:40:59', '1003', '2021-04-21 12:01:17', 'Y');
INSERT INTO `data_privileges` (`data_privilege_id`, `tenant_id`, `md_entity_id`, `md_entity_type`, `data_privilege_code`, `data_privilege_type`, `data_privilege_desc`, `text_column1`, `text_column2`, `text_column3`, `text_column4`, `text_column5`, `int_column1`, `int_column2`, `int_column3`, `num_column1`, `num_column2`, `num_column3`, `date_column1`, `date_column2`, `date_column3`, `active_flag`, `create_by`, `create_date`, `last_update_by`, `last_update_date`, `public_flag`) VALUES ('1384718860857196544', '100', '1384718860400017408', 'Entity', '1384718860400017408:UI模板和实体关系', 'All', '1384718860400017408:UI模板和实体关系', NULL, NULL, NULL, NULL, NULL, NULL, NULL, NULL, NULL, NULL, NULL, NULL, NULL, NULL, 'Y', '1003', '2021-04-21 14:40:59', '1003', '2021-04-21 12:01:17', 'Y');
INSERT INTO `data_privileges` (`data_privilege_id`, `tenant_id`, `md_entity_id`, `md_entity_type`, `data_privilege_code`, `data_privilege_type`, `data_privilege_desc`, `text_column1`, `text_column2`, `text_column3`, `text_column4`, `text_column5`, `int_column1`, `int_column2`, `int_column3`, `num_column1`, `num_column2`, `num_column3`, `date_column1`, `date_column2`, `date_column3`, `active_flag`, `create_by`, `create_date`, `last_update_by`, `last_update_date`, `public_flag`) VALUES ('1384718862216151040', '100', '1384718861767360512', 'Entity', '1384718861767360512:UI属性', 'All', '1384718861767360512:UI属性', NULL, NULL, NULL, NULL, NULL, NULL, NULL, NULL, NULL, NULL, NULL, NULL, NULL, NULL, 'Y', '1003', '2021-04-21 14:40:59', '1003', '2021-04-21 12:01:18', 'Y');
commit;
INSERT INTO `data_privileges_rel` (`data_privilege_rel_id`, `tenant_id`, `data_privilege_id`, `group_id`, `text_column1`, `text_column2`, `text_column3`, `text_column4`, `text_column5`, `int_column1`, `int_column2`, `int_column3`, `num_column1`, `num_column2`, `num_column3`, `date_column1`, `date_column2`, `date_column3`, `active_flag`, `create_by`, `create_date`, `last_update_by`, `last_update_date`) VALUES ('22000006', '100', '11000007', '2100002', '', '', '', '', '', NULL, NULL, NULL, '1.00000000', '1.00000000', '1.00000000', '2021-02-24 18:12:24', '2021-02-24 18:12:21', '2021-02-24 18:12:31', 'Y', '1001', '2021-01-19 14:55:41', '1001', '2021-01-18 11:17:33');
INSERT INTO `data_privileges_rel` (`data_privilege_rel_id`, `tenant_id`, `data_privilege_id`, `group_id`, `text_column1`, `text_column2`, `text_column3`, `text_column4`, `text_column5`, `int_column1`, `int_column2`, `int_column3`, `num_column1`, `num_column2`, `num_column3`, `date_column1`, `date_column2`, `date_column3`, `active_flag`, `create_by`, `create_date`, `last_update_by`, `last_update_date`) VALUES ('220000029', '100', '11000008', '2100002', '', '', '', '', '', NULL, NULL, NULL, '1.00000000', '1.00000000', '1.00000000', '2021-02-24 18:12:00', '2021-02-24 18:12:00', '2021-02-24 18:12:00', 'Y', '1001', '2021-01-19 14:55:00', '1001', '2021-01-18 11:17:00');
INSERT INTO `data_privileges_rel` (`data_privilege_rel_id`, `tenant_id`, `data_privilege_id`, `group_id`, `text_column1`, `text_column2`, `text_column3`, `text_column4`, `text_column5`, `int_column1`, `int_column2`, `int_column3`, `num_column1`, `num_column2`, `num_column3`, `date_column1`, `date_column2`, `date_column3`, `active_flag`, `create_by`, `create_date`, `last_update_by`, `last_update_date`) VALUES ('22000007', '100', '11000009', '2100002', '', '', '', '', '', NULL, NULL, NULL, '1.00000000', '1.00000000', '1.00000000', '2021-02-24 18:12:00', '2021-02-24 18:12:00', '2021-02-24 18:12:00', 'Y', '1001', '2021-01-19 14:55:00', '1001', '2021-01-18 11:17:00');
INSERT INTO `data_privileges_rel` (`data_privilege_rel_id`, `tenant_id`, `data_privilege_id`, `group_id`, `text_column1`, `text_column2`, `text_column3`, `text_column4`, `text_column5`, `int_column1`, `int_column2`, `int_column3`, `num_column1`, `num_column2`, `num_column3`, `date_column1`, `date_column2`, `date_column3`, `active_flag`, `create_by`, `create_date`, `last_update_by`, `last_update_date`) VALUES ('22000008', '100', '11000010', '2100002', '', '', '', '', '', NULL, NULL, NULL, '1.00000000', '1.00000000', '1.00000000', '2021-02-24 18:12:00', '2021-02-24 18:12:00', '2021-02-24 18:12:00', 'Y', '1001', '2021-01-19 14:55:00', '1001', '2021-01-18 11:17:00');
INSERT INTO `data_privileges_rel` (`data_privilege_rel_id`, `tenant_id`, `data_privilege_id`, `group_id`, `text_column1`, `text_column2`, `text_column3`, `text_column4`, `text_column5`, `int_column1`, `int_column2`, `int_column3`, `num_column1`, `num_column2`, `num_column3`, `date_column1`, `date_column2`, `date_column3`, `active_flag`, `create_by`, `create_date`, `last_update_by`, `last_update_date`) VALUES ('22000009', '100', '11000011', '2100002', '', '', '', '', '', NULL, NULL, NULL, '1.00000000', '1.00000000', '1.00000000', '2021-02-24 18:12:00', '2021-02-24 18:12:00', '2021-02-24 18:12:00', 'Y', '1001', '2021-01-19 14:55:00', '1001', '2021-01-18 11:17:00');
INSERT INTO `data_privileges_rel` (`data_privilege_rel_id`, `tenant_id`, `data_privilege_id`, `group_id`, `text_column1`, `text_column2`, `text_column3`, `text_column4`, `text_column5`, `int_column1`, `int_column2`, `int_column3`, `num_column1`, `num_column2`, `num_column3`, `date_column1`, `date_column2`, `date_column3`, `active_flag`, `create_by`, `create_date`, `last_update_by`, `last_update_date`) VALUES ('22000010', '100', '11000012', '2100002', '', '', '', '', '', NULL, NULL, NULL, '1.00000000', '1.00000000', '1.00000000', '2021-02-24 18:12:00', '2021-02-24 18:12:00', '2021-02-24 18:12:00', 'Y', '1001', '2021-01-19 14:55:00', '1001', '2021-01-18 11:17:00');
INSERT INTO `data_privileges_rel` (`data_privilege_rel_id`, `tenant_id`, `data_privilege_id`, `group_id`, `text_column1`, `text_column2`, `text_column3`, `text_column4`, `text_column5`, `int_column1`, `int_column2`, `int_column3`, `num_column1`, `num_column2`, `num_column3`, `date_column1`, `date_column2`, `date_column3`, `active_flag`, `create_by`, `create_date`, `last_update_by`, `last_update_date`) VALUES ('22000011', '100', '11000013', '2100002', '', '', '', '', '', NULL, NULL, NULL, '1.00000000', '1.00000000', '1.00000000', '2021-02-24 18:12:00', '2021-02-24 18:12:00', '2021-02-24 18:12:00', 'Y', '1001', '2021-01-19 14:55:00', '1001', '2021-01-18 11:17:00');
INSERT INTO `data_privileges_rel` (`data_privilege_rel_id`, `tenant_id`, `data_privilege_id`, `group_id`, `text_column1`, `text_column2`, `text_column3`, `text_column4`, `text_column5`, `int_column1`, `int_column2`, `int_column3`, `num_column1`, `num_column2`, `num_column3`, `date_column1`, `date_column2`, `date_column3`, `active_flag`, `create_by`, `create_date`, `last_update_by`, `last_update_date`) VALUES ('22000012', '100', '11000014', '2100002', '', '', '', '', '', NULL, NULL, NULL, '1.00000000', '1.00000000', '1.00000000', '2021-02-24 18:12:00', '2021-02-24 18:12:00', '2021-02-24 18:12:00', 'Y', '1001', '2021-01-19 14:55:00', '1001', '2021-01-18 11:17:00');
INSERT INTO `data_privileges_rel` (`data_privilege_rel_id`, `tenant_id`, `data_privilege_id`, `group_id`, `text_column1`, `text_column2`, `text_column3`, `text_column4`, `text_column5`, `int_column1`, `int_column2`, `int_column3`, `num_column1`, `num_column2`, `num_column3`, `date_column1`, `date_column2`, `date_column3`, `active_flag`, `create_by`, `create_date`, `last_update_by`, `last_update_date`) VALUES ('22000013', '100', '11000015', '2100002', '', '', '', '', '', NULL, NULL, NULL, '1.00000000', '1.00000000', '1.00000000', '2021-02-24 18:12:00', '2021-02-24 18:12:00', '2021-02-24 18:12:00', 'Y', '1001', '2021-01-19 14:55:00', '1001', '2021-01-18 11:17:00');
INSERT INTO `data_privileges_rel` (`data_privilege_rel_id`, `tenant_id`, `data_privilege_id`, `group_id`, `text_column1`, `text_column2`, `text_column3`, `text_column4`, `text_column5`, `int_column1`, `int_column2`, `int_column3`, `num_column1`, `num_column2`, `num_column3`, `date_column1`, `date_column2`, `date_column3`, `active_flag`, `create_by`, `create_date`, `last_update_by`, `last_update_date`) VALUES ('22000014', '100', '11000016', '2100002', '', '', '', '', '', NULL, NULL, NULL, '1.00000000', '1.00000000', '1.00000000', '2021-02-24 18:12:00', '2021-02-24 18:12:00', '2021-02-24 18:12:00', 'Y', '1001', '2021-01-19 14:55:00', '1001', '2021-01-18 11:17:00');
INSERT INTO `data_privileges_rel` (`data_privilege_rel_id`, `tenant_id`, `data_privilege_id`, `group_id`, `text_column1`, `text_column2`, `text_column3`, `text_column4`, `text_column5`, `int_column1`, `int_column2`, `int_column3`, `num_column1`, `num_column2`, `num_column3`, `date_column1`, `date_column2`, `date_column3`, `active_flag`, `create_by`, `create_date`, `last_update_by`, `last_update_date`) VALUES ('22000015', '100', '11000017', '2100002', '', '', '', '', '', NULL, NULL, NULL, '1.00000000', '1.00000000', '1.00000000', '2021-02-24 18:12:00', '2021-02-24 18:12:00', '2021-02-24 18:12:00', 'Y', '1001', '2021-01-19 14:55:00', '1001', '2021-01-18 11:17:00');
INSERT INTO `data_privileges_rel` (`data_privilege_rel_id`, `tenant_id`, `data_privilege_id`, `group_id`, `text_column1`, `text_column2`, `text_column3`, `text_column4`, `text_column5`, `int_column1`, `int_column2`, `int_column3`, `num_column1`, `num_column2`, `num_column3`, `date_column1`, `date_column2`, `date_column3`, `active_flag`, `create_by`, `create_date`, `last_update_by`, `last_update_date`) VALUES ('22000016', '100', '11000018', '2100002', '', '', '', '', '', NULL, NULL, NULL, '1.00000000', '1.00000000', '1.00000000', '2021-02-24 18:12:00', '2021-02-24 18:12:00', '2021-02-24 18:12:00', 'Y', '1001', '2021-01-19 14:55:00', '1001', '2021-01-18 11:17:00');
INSERT INTO `data_privileges_rel` (`data_privilege_rel_id`, `tenant_id`, `data_privilege_id`, `group_id`, `text_column1`, `text_column2`, `text_column3`, `text_column4`, `text_column5`, `int_column1`, `int_column2`, `int_column3`, `num_column1`, `num_column2`, `num_column3`, `date_column1`, `date_column2`, `date_column3`, `active_flag`, `create_by`, `create_date`, `last_update_by`, `last_update_date`) VALUES ('22000017', '100', '11000019', '2100002', '', '', '', '', '', NULL, NULL, NULL, '1.00000000', '1.00000000', '1.00000000', '2021-02-24 18:12:00', '2021-02-24 18:12:00', '2021-02-24 18:12:00', 'Y', '1001', '2021-01-19 14:55:00', '1001', '2021-01-18 11:17:00');
INSERT INTO `data_privileges_rel` (`data_privilege_rel_id`, `tenant_id`, `data_privilege_id`, `group_id`, `text_column1`, `text_column2`, `text_column3`, `text_column4`, `text_column5`, `int_column1`, `int_column2`, `int_column3`, `num_column1`, `num_column2`, `num_column3`, `date_column1`, `date_column2`, `date_column3`, `active_flag`, `create_by`, `create_date`, `last_update_by`, `last_update_date`) VALUES ('22000018', '100', '11000020', '2100002', '', '', '', '', '', NULL, NULL, NULL, '1.00000000', '1.00000000', '1.00000000', '2021-02-24 18:12:00', '2021-02-24 18:12:00', '2021-02-24 18:12:00', 'Y', '1001', '2021-01-19 14:55:00', '1001', '2021-01-18 11:17:00');
INSERT INTO `data_privileges_rel` (`data_privilege_rel_id`, `tenant_id`, `data_privilege_id`, `group_id`, `text_column1`, `text_column2`, `text_column3`, `text_column4`, `text_column5`, `int_column1`, `int_column2`, `int_column3`, `num_column1`, `num_column2`, `num_column3`, `date_column1`, `date_column2`, `date_column3`, `active_flag`, `create_by`, `create_date`, `last_update_by`, `last_update_date`) VALUES ('22000019', '100', '11000021', '2100002', '', '', '', '', '', NULL, NULL, NULL, '1.00000000', '1.00000000', '1.00000000', '2021-02-24 18:12:00', '2021-02-24 18:12:00', '2021-02-24 18:12:00', 'Y', '1001', '2021-01-19 14:55:00', '1001', '2021-01-18 11:17:00');
INSERT INTO `data_privileges_rel` (`data_privilege_rel_id`, `tenant_id`, `data_privilege_id`, `group_id`, `text_column1`, `text_column2`, `text_column3`, `text_column4`, `text_column5`, `int_column1`, `int_column2`, `int_column3`, `num_column1`, `num_column2`, `num_column3`, `date_column1`, `date_column2`, `date_column3`, `active_flag`, `create_by`, `create_date`, `last_update_by`, `last_update_date`) VALUES ('22000020', '100', '11000022', '2100002', '', '', '', '', '', NULL, NULL, NULL, '1.00000000', '1.00000000', '1.00000000', '2021-02-24 18:12:00', '2021-02-24 18:12:00', '2021-02-24 18:12:00', 'Y', '1001', '2021-01-19 14:55:00', '1001', '2021-01-18 11:17:00');
INSERT INTO `data_privileges_rel` (`data_privilege_rel_id`, `tenant_id`, `data_privilege_id`, `group_id`, `text_column1`, `text_column2`, `text_column3`, `text_column4`, `text_column5`, `int_column1`, `int_column2`, `int_column3`, `num_column1`, `num_column2`, `num_column3`, `date_column1`, `date_column2`, `date_column3`, `active_flag`, `create_by`, `create_date`, `last_update_by`, `last_update_date`) VALUES ('22000021', '100', '11000023', '2100002', '', '', '', '', '', NULL, NULL, NULL, '1.00000000', '1.00000000', '1.00000000', '2021-02-24 18:12:00', '2021-02-24 18:12:00', '2021-02-24 18:12:00', 'Y', '1001', '2021-01-19 14:55:00', '1001', '2021-01-18 11:17:00');
INSERT INTO `data_privileges_rel` (`data_privilege_rel_id`, `tenant_id`, `data_privilege_id`, `group_id`, `text_column1`, `text_column2`, `text_column3`, `text_column4`, `text_column5`, `int_column1`, `int_column2`, `int_column3`, `num_column1`, `num_column2`, `num_column3`, `date_column1`, `date_column2`, `date_column3`, `active_flag`, `create_by`, `create_date`, `last_update_by`, `last_update_date`) VALUES ('22000022', '100', '11000024', '2100002', '', '', '', '', '', NULL, NULL, NULL, '1.00000000', '1.00000000', '1.00000000', '2021-02-24 18:12:00', '2021-02-24 18:12:00', '2021-02-24 18:12:00', 'Y', '1001', '2021-01-19 14:55:00', '1001', '2021-01-18 11:17:00');
INSERT INTO `data_privileges_rel` (`data_privilege_rel_id`, `tenant_id`, `data_privilege_id`, `group_id`, `text_column1`, `text_column2`, `text_column3`, `text_column4`, `text_column5`, `int_column1`, `int_column2`, `int_column3`, `num_column1`, `num_column2`, `num_column3`, `date_column1`, `date_column2`, `date_column3`, `active_flag`, `create_by`, `create_date`, `last_update_by`, `last_update_date`) VALUES ('22000023', '100', '11000025', '2100002', '', '', '', '', '', NULL, NULL, NULL, '1.00000000', '1.00000000', '1.00000000', '2021-02-24 18:12:00', '2021-02-24 18:12:00', '2021-02-24 18:12:00', 'Y', '1001', '2021-01-19 14:55:00', '1001', '2021-01-18 11:17:00');
INSERT INTO `data_privileges_rel` (`data_privilege_rel_id`, `tenant_id`, `data_privilege_id`, `group_id`, `text_column1`, `text_column2`, `text_column3`, `text_column4`, `text_column5`, `int_column1`, `int_column2`, `int_column3`, `num_column1`, `num_column2`, `num_column3`, `date_column1`, `date_column2`, `date_column3`, `active_flag`, `create_by`, `create_date`, `last_update_by`, `last_update_date`) VALUES ('22000024', '100', '11000026', '2100002', '', '', '', '', '', NULL, NULL, NULL, '1.00000000', '1.00000000', '1.00000000', '2021-02-24 18:12:00', '2021-02-24 18:12:00', '2021-02-24 18:12:00', 'Y', '1001', '2021-01-19 14:55:00', '1001', '2021-01-18 11:17:00');
INSERT INTO `data_privileges_rel` (`data_privilege_rel_id`, `tenant_id`, `data_privilege_id`, `group_id`, `text_column1`, `text_column2`, `text_column3`, `text_column4`, `text_column5`, `int_column1`, `int_column2`, `int_column3`, `num_column1`, `num_column2`, `num_column3`, `date_column1`, `date_column2`, `date_column3`, `active_flag`, `create_by`, `create_date`, `last_update_by`, `last_update_date`) VALUES ('22000025', '100', '11000027', '2100002', '', '', '', '', '', NULL, NULL, NULL, '1.00000000', '1.00000000', '1.00000000', '2021-02-24 18:12:00', '2021-02-24 18:12:00', '2021-02-24 18:12:00', 'Y', '1001', '2021-01-19 14:55:00', '1001', '2021-01-18 11:17:00');
INSERT INTO `data_privileges_rel` (`data_privilege_rel_id`, `tenant_id`, `data_privilege_id`, `group_id`, `text_column1`, `text_column2`, `text_column3`, `text_column4`, `text_column5`, `int_column1`, `int_column2`, `int_column3`, `num_column1`, `num_column2`, `num_column3`, `date_column1`, `date_column2`, `date_column3`, `active_flag`, `create_by`, `create_date`, `last_update_by`, `last_update_date`) VALUES ('22000026', '100', '11000028', '2100002', '', '', '', '', '', NULL, NULL, NULL, '1.00000000', '1.00000000', '1.00000000', '2021-02-24 18:12:00', '2021-02-24 18:12:00', '2021-02-24 18:12:00', 'Y', '1001', '2021-01-19 14:55:00', '1001', '2021-01-18 11:17:00');
INSERT INTO `data_privileges_rel` (`data_privilege_rel_id`, `tenant_id`, `data_privilege_id`, `group_id`, `text_column1`, `text_column2`, `text_column3`, `text_column4`, `text_column5`, `int_column1`, `int_column2`, `int_column3`, `num_column1`, `num_column2`, `num_column3`, `date_column1`, `date_column2`, `date_column3`, `active_flag`, `create_by`, `create_date`, `last_update_by`, `last_update_date`) VALUES ('22000027', '100', '11000029', '2100002', '', '', '', '', '', NULL, NULL, NULL, '1.00000000', '1.00000000', '1.00000000', '2021-02-24 18:12:00', '2021-02-24 18:12:00', '2021-02-24 18:12:00', 'Y', '1001', '2021-01-19 14:55:00', '1001', '2021-01-18 11:17:00');
INSERT INTO `data_privileges_rel` (`data_privilege_rel_id`, `tenant_id`, `data_privilege_id`, `group_id`, `text_column1`, `text_column2`, `text_column3`, `text_column4`, `text_column5`, `int_column1`, `int_column2`, `int_column3`, `num_column1`, `num_column2`, `num_column3`, `date_column1`, `date_column2`, `date_column3`, `active_flag`, `create_by`, `create_date`, `last_update_by`, `last_update_date`) VALUES ('22000028', '100', '11000030', '2100002', '', '', '', '', '', NULL, NULL, NULL, '1.00000000', '1.00000000', '1.00000000', '2021-02-24 18:12:00', '2021-02-24 18:12:00', '2021-02-24 18:12:00', 'Y', '1001', '2021-01-19 14:55:00', '1001', '2021-01-18 11:17:00');

INSERT INTO `data_privileges_rel` (`data_privilege_rel_id`, `tenant_id`, `data_privilege_id`, `group_id`, `text_column1`, `text_column2`, `text_column3`, `text_column4`, `text_column5`, `int_column1`, `int_column2`, `int_column3`, `num_column1`, `num_column2`, `num_column3`, `date_column1`, `date_column2`, `date_column3`, `active_flag`, `create_by`, `create_date`, `last_update_by`, `last_update_date`) VALUES ('22000006', '100', '11000007', '2100002', '', '', '', '', '', NULL, NULL, NULL, '1.00000000', '1.00000000', '1.00000000', '2021-02-24 18:12:24', '2021-02-24 18:12:21', '2021-02-24 18:12:31', 'Y', '1001', '2021-01-19 14:55:41', '1001', '2021-01-18 11:17:33');
INSERT INTO `data_privileges_rel` (`data_privilege_rel_id`, `tenant_id`, `data_privilege_id`, `group_id`, `text_column1`, `text_column2`, `text_column3`, `text_column4`, `text_column5`, `int_column1`, `int_column2`, `int_column3`, `num_column1`, `num_column2`, `num_column3`, `date_column1`, `date_column2`, `date_column3`, `active_flag`, `create_by`, `create_date`, `last_update_by`, `last_update_date`) VALUES ('22000007', '100', '11000009', '2100002', '', '', '', '', '', NULL, NULL, NULL, '1.00000000', '1.00000000', '1.00000000', '2021-02-24 18:12:00', '2021-02-24 18:12:00', '2021-02-24 18:12:00', 'Y', '1001', '2021-01-19 14:55:00', '1001', '2021-01-18 11:17:00');
INSERT INTO `data_privileges_rel` (`data_privilege_rel_id`, `tenant_id`, `data_privilege_id`, `group_id`, `text_column1`, `text_column2`, `text_column3`, `text_column4`, `text_column5`, `int_column1`, `int_column2`, `int_column3`, `num_column1`, `num_column2`, `num_column3`, `date_column1`, `date_column2`, `date_column3`, `active_flag`, `create_by`, `create_date`, `last_update_by`, `last_update_date`) VALUES ('22000008', '100', '11000010', '2100002', '', '', '', '', '', NULL, NULL, NULL, '1.00000000', '1.00000000', '1.00000000', '2021-02-24 18:12:00', '2021-02-24 18:12:00', '2021-02-24 18:12:00', 'Y', '1001', '2021-01-19 14:55:00', '1001', '2021-01-18 11:17:00');
INSERT INTO `data_privileges_rel` (`data_privilege_rel_id`, `tenant_id`, `data_privilege_id`, `group_id`, `text_column1`, `text_column2`, `text_column3`, `text_column4`, `text_column5`, `int_column1`, `int_column2`, `int_column3`, `num_column1`, `num_column2`, `num_column3`, `date_column1`, `date_column2`, `date_column3`, `active_flag`, `create_by`, `create_date`, `last_update_by`, `last_update_date`) VALUES ('22000009', '100', '11000011', '2100002', '', '', '', '', '', NULL, NULL, NULL, '1.00000000', '1.00000000', '1.00000000', '2021-02-24 18:12:00', '2021-02-24 18:12:00', '2021-02-24 18:12:00', 'Y', '1001', '2021-01-19 14:55:00', '1001', '2021-01-18 11:17:00');
INSERT INTO `data_privileges_rel` (`data_privilege_rel_id`, `tenant_id`, `data_privilege_id`, `group_id`, `text_column1`, `text_column2`, `text_column3`, `text_column4`, `text_column5`, `int_column1`, `int_column2`, `int_column3`, `num_column1`, `num_column2`, `num_column3`, `date_column1`, `date_column2`, `date_column3`, `active_flag`, `create_by`, `create_date`, `last_update_by`, `last_update_date`) VALUES ('22000010', '100', '11000012', '2100002', '', '', '', '', '', NULL, NULL, NULL, '1.00000000', '1.00000000', '1.00000000', '2021-02-24 18:12:00', '2021-02-24 18:12:00', '2021-02-24 18:12:00', 'Y', '1001', '2021-01-19 14:55:00', '1001', '2021-01-18 11:17:00');
INSERT INTO `data_privileges_rel` (`data_privilege_rel_id`, `tenant_id`, `data_privilege_id`, `group_id`, `text_column1`, `text_column2`, `text_column3`, `text_column4`, `text_column5`, `int_column1`, `int_column2`, `int_column3`, `num_column1`, `num_column2`, `num_column3`, `date_column1`, `date_column2`, `date_column3`, `active_flag`, `create_by`, `create_date`, `last_update_by`, `last_update_date`) VALUES ('22000011', '100', '11000013', '2100002', '', '', '', '', '', NULL, NULL, NULL, '1.00000000', '1.00000000', '1.00000000', '2021-02-24 18:12:00', '2021-02-24 18:12:00', '2021-02-24 18:12:00', 'Y', '1001', '2021-01-19 14:55:00', '1001', '2021-01-18 11:17:00');
INSERT INTO `data_privileges_rel` (`data_privilege_rel_id`, `tenant_id`, `data_privilege_id`, `group_id`, `text_column1`, `text_column2`, `text_column3`, `text_column4`, `text_column5`, `int_column1`, `int_column2`, `int_column3`, `num_column1`, `num_column2`, `num_column3`, `date_column1`, `date_column2`, `date_column3`, `active_flag`, `create_by`, `create_date`, `last_update_by`, `last_update_date`) VALUES ('22000012', '100', '11000014', '2100002', '', '', '', '', '', NULL, NULL, NULL, '1.00000000', '1.00000000', '1.00000000', '2021-02-24 18:12:00', '2021-02-24 18:12:00', '2021-02-24 18:12:00', 'Y', '1001', '2021-01-19 14:55:00', '1001', '2021-01-18 11:17:00');
INSERT INTO `data_privileges_rel` (`data_privilege_rel_id`, `tenant_id`, `data_privilege_id`, `group_id`, `text_column1`, `text_column2`, `text_column3`, `text_column4`, `text_column5`, `int_column1`, `int_column2`, `int_column3`, `num_column1`, `num_column2`, `num_column3`, `date_column1`, `date_column2`, `date_column3`, `active_flag`, `create_by`, `create_date`, `last_update_by`, `last_update_date`) VALUES ('22000013', '100', '11000015', '2100002', '', '', '', '', '', NULL, NULL, NULL, '1.00000000', '1.00000000', '1.00000000', '2021-02-24 18:12:00', '2021-02-24 18:12:00', '2021-02-24 18:12:00', 'Y', '1001', '2021-01-19 14:55:00', '1001', '2021-01-18 11:17:00');
INSERT INTO `data_privileges_rel` (`data_privilege_rel_id`, `tenant_id`, `data_privilege_id`, `group_id`, `text_column1`, `text_column2`, `text_column3`, `text_column4`, `text_column5`, `int_column1`, `int_column2`, `int_column3`, `num_column1`, `num_column2`, `num_column3`, `date_column1`, `date_column2`, `date_column3`, `active_flag`, `create_by`, `create_date`, `last_update_by`, `last_update_date`) VALUES ('22000014', '100', '11000016', '2100002', '', '', '', '', '', NULL, NULL, NULL, '1.00000000', '1.00000000', '1.00000000', '2021-02-24 18:12:00', '2021-02-24 18:12:00', '2021-02-24 18:12:00', 'Y', '1001', '2021-01-19 14:55:00', '1001', '2021-01-18 11:17:00');
INSERT INTO `data_privileges_rel` (`data_privilege_rel_id`, `tenant_id`, `data_privilege_id`, `group_id`, `text_column1`, `text_column2`, `text_column3`, `text_column4`, `text_column5`, `int_column1`, `int_column2`, `int_column3`, `num_column1`, `num_column2`, `num_column3`, `date_column1`, `date_column2`, `date_column3`, `active_flag`, `create_by`, `create_date`, `last_update_by`, `last_update_date`) VALUES ('22000015', '100', '11000017', '2100002', '', '', '', '', '', NULL, NULL, NULL, '1.00000000', '1.00000000', '1.00000000', '2021-02-24 18:12:00', '2021-02-24 18:12:00', '2021-02-24 18:12:00', 'Y', '1001', '2021-01-19 14:55:00', '1001', '2021-01-18 11:17:00');
INSERT INTO `data_privileges_rel` (`data_privilege_rel_id`, `tenant_id`, `data_privilege_id`, `group_id`, `text_column1`, `text_column2`, `text_column3`, `text_column4`, `text_column5`, `int_column1`, `int_column2`, `int_column3`, `num_column1`, `num_column2`, `num_column3`, `date_column1`, `date_column2`, `date_column3`, `active_flag`, `create_by`, `create_date`, `last_update_by`, `last_update_date`) VALUES ('22000016', '100', '11000018', '2100002', '', '', '', '', '', NULL, NULL, NULL, '1.00000000', '1.00000000', '1.00000000', '2021-02-24 18:12:00', '2021-02-24 18:12:00', '2021-02-24 18:12:00', 'Y', '1001', '2021-01-19 14:55:00', '1001', '2021-01-18 11:17:00');
INSERT INTO `data_privileges_rel` (`data_privilege_rel_id`, `tenant_id`, `data_privilege_id`, `group_id`, `text_column1`, `text_column2`, `text_column3`, `text_column4`, `text_column5`, `int_column1`, `int_column2`, `int_column3`, `num_column1`, `num_column2`, `num_column3`, `date_column1`, `date_column2`, `date_column3`, `active_flag`, `create_by`, `create_date`, `last_update_by`, `last_update_date`) VALUES ('22000017', '100', '11000019', '2100002', '', '', '', '', '', NULL, NULL, NULL, '1.00000000', '1.00000000', '1.00000000', '2021-02-24 18:12:00', '2021-02-24 18:12:00', '2021-02-24 18:12:00', 'Y', '1001', '2021-01-19 14:55:00', '1001', '2021-01-18 11:17:00');
INSERT INTO `data_privileges_rel` (`data_privilege_rel_id`, `tenant_id`, `data_privilege_id`, `group_id`, `text_column1`, `text_column2`, `text_column3`, `text_column4`, `text_column5`, `int_column1`, `int_column2`, `int_column3`, `num_column1`, `num_column2`, `num_column3`, `date_column1`, `date_column2`, `date_column3`, `active_flag`, `create_by`, `create_date`, `last_update_by`, `last_update_date`) VALUES ('22000018', '100', '11000020', '2100002', '', '', '', '', '', NULL, NULL, NULL, '1.00000000', '1.00000000', '1.00000000', '2021-02-24 18:12:00', '2021-02-24 18:12:00', '2021-02-24 18:12:00', 'Y', '1001', '2021-01-19 14:55:00', '1001', '2021-01-18 11:17:00');
INSERT INTO `data_privileges_rel` (`data_privilege_rel_id`, `tenant_id`, `data_privilege_id`, `group_id`, `text_column1`, `text_column2`, `text_column3`, `text_column4`, `text_column5`, `int_column1`, `int_column2`, `int_column3`, `num_column1`, `num_column2`, `num_column3`, `date_column1`, `date_column2`, `date_column3`, `active_flag`, `create_by`, `create_date`, `last_update_by`, `last_update_date`) VALUES ('22000019', '100', '11000021', '2100002', '', '', '', '', '', NULL, NULL, NULL, '1.00000000', '1.00000000', '1.00000000', '2021-02-24 18:12:00', '2021-02-24 18:12:00', '2021-02-24 18:12:00', 'Y', '1001', '2021-01-19 14:55:00', '1001', '2021-01-18 11:17:00');
INSERT INTO `data_privileges_rel` (`data_privilege_rel_id`, `tenant_id`, `data_privilege_id`, `group_id`, `text_column1`, `text_column2`, `text_column3`, `text_column4`, `text_column5`, `int_column1`, `int_column2`, `int_column3`, `num_column1`, `num_column2`, `num_column3`, `date_column1`, `date_column2`, `date_column3`, `active_flag`, `create_by`, `create_date`, `last_update_by`, `last_update_date`) VALUES ('22000020', '100', '11000022', '2100002', '', '', '', '', '', NULL, NULL, NULL, '1.00000000', '1.00000000', '1.00000000', '2021-02-24 18:12:00', '2021-02-24 18:12:00', '2021-02-24 18:12:00', 'Y', '1001', '2021-01-19 14:55:00', '1001', '2021-01-18 11:17:00');
INSERT INTO `data_privileges_rel` (`data_privilege_rel_id`, `tenant_id`, `data_privilege_id`, `group_id`, `text_column1`, `text_column2`, `text_column3`, `text_column4`, `text_column5`, `int_column1`, `int_column2`, `int_column3`, `num_column1`, `num_column2`, `num_column3`, `date_column1`, `date_column2`, `date_column3`, `active_flag`, `create_by`, `create_date`, `last_update_by`, `last_update_date`) VALUES ('22000021', '100', '11000023', '2100002', '', '', '', '', '', NULL, NULL, NULL, '1.00000000', '1.00000000', '1.00000000', '2021-02-24 18:12:00', '2021-02-24 18:12:00', '2021-02-24 18:12:00', 'Y', '1001', '2021-01-19 14:55:00', '1001', '2021-01-18 11:17:00');
INSERT INTO `data_privileges_rel` (`data_privilege_rel_id`, `tenant_id`, `data_privilege_id`, `group_id`, `text_column1`, `text_column2`, `text_column3`, `text_column4`, `text_column5`, `int_column1`, `int_column2`, `int_column3`, `num_column1`, `num_column2`, `num_column3`, `date_column1`, `date_column2`, `date_column3`, `active_flag`, `create_by`, `create_date`, `last_update_by`, `last_update_date`) VALUES ('22000022', '100', '11000024', '2100002', '', '', '', '', '', NULL, NULL, NULL, '1.00000000', '1.00000000', '1.00000000', '2021-02-24 18:12:00', '2021-02-24 18:12:00', '2021-02-24 18:12:00', 'Y', '1001', '2021-01-19 14:55:00', '1001', '2021-01-18 11:17:00');
INSERT INTO `data_privileges_rel` (`data_privilege_rel_id`, `tenant_id`, `data_privilege_id`, `group_id`, `text_column1`, `text_column2`, `text_column3`, `text_column4`, `text_column5`, `int_column1`, `int_column2`, `int_column3`, `num_column1`, `num_column2`, `num_column3`, `date_column1`, `date_column2`, `date_column3`, `active_flag`, `create_by`, `create_date`, `last_update_by`, `last_update_date`) VALUES ('22000023', '100', '11000025', '2100002', '', '', '', '', '', NULL, NULL, NULL, '1.00000000', '1.00000000', '1.00000000', '2021-02-24 18:12:00', '2021-02-24 18:12:00', '2021-02-24 18:12:00', 'Y', '1001', '2021-01-19 14:55:00', '1001', '2021-01-18 11:17:00');
INSERT INTO `data_privileges_rel` (`data_privilege_rel_id`, `tenant_id`, `data_privilege_id`, `group_id`, `text_column1`, `text_column2`, `text_column3`, `text_column4`, `text_column5`, `int_column1`, `int_column2`, `int_column3`, `num_column1`, `num_column2`, `num_column3`, `date_column1`, `date_column2`, `date_column3`, `active_flag`, `create_by`, `create_date`, `last_update_by`, `last_update_date`) VALUES ('22000024', '100', '11000026', '2100002', '', '', '', '', '', NULL, NULL, NULL, '1.00000000', '1.00000000', '1.00000000', '2021-02-24 18:12:00', '2021-02-24 18:12:00', '2021-02-24 18:12:00', 'Y', '1001', '2021-01-19 14:55:00', '1001', '2021-01-18 11:17:00');
INSERT INTO `data_privileges_rel` (`data_privilege_rel_id`, `tenant_id`, `data_privilege_id`, `group_id`, `text_column1`, `text_column2`, `text_column3`, `text_column4`, `text_column5`, `int_column1`, `int_column2`, `int_column3`, `num_column1`, `num_column2`, `num_column3`, `date_column1`, `date_column2`, `date_column3`, `active_flag`, `create_by`, `create_date`, `last_update_by`, `last_update_date`) VALUES ('22000025', '100', '11000027', '2100002', '', '', '', '', '', NULL, NULL, NULL, '1.00000000', '1.00000000', '1.00000000', '2021-02-24 18:12:00', '2021-02-24 18:12:00', '2021-02-24 18:12:00', 'Y', '1001', '2021-01-19 14:55:00', '1001', '2021-01-18 11:17:00');
INSERT INTO `data_privileges_rel` (`data_privilege_rel_id`, `tenant_id`, `data_privilege_id`, `group_id`, `text_column1`, `text_column2`, `text_column3`, `text_column4`, `text_column5`, `int_column1`, `int_column2`, `int_column3`, `num_column1`, `num_column2`, `num_column3`, `date_column1`, `date_column2`, `date_column3`, `active_flag`, `create_by`, `create_date`, `last_update_by`, `last_update_date`) VALUES ('22000026', '100', '11000028', '2100002', '', '', '', '', '', NULL, NULL, NULL, '1.00000000', '1.00000000', '1.00000000', '2021-02-24 18:12:00', '2021-02-24 18:12:00', '2021-02-24 18:12:00', 'Y', '1001', '2021-01-19 14:55:00', '1001', '2021-01-18 11:17:00');
INSERT INTO `data_privileges_rel` (`data_privilege_rel_id`, `tenant_id`, `data_privilege_id`, `group_id`, `text_column1`, `text_column2`, `text_column3`, `text_column4`, `text_column5`, `int_column1`, `int_column2`, `int_column3`, `num_column1`, `num_column2`, `num_column3`, `date_column1`, `date_column2`, `date_column3`, `active_flag`, `create_by`, `create_date`, `last_update_by`, `last_update_date`) VALUES ('22000027', '100', '11000029', '2100002', '', '', '', '', '', NULL, NULL, NULL, '1.00000000', '1.00000000', '1.00000000', '2021-02-24 18:12:00', '2021-02-24 18:12:00', '2021-02-24 18:12:00', 'Y', '1001', '2021-01-19 14:55:00', '1001', '2021-01-18 11:17:00');
INSERT INTO `data_privileges_rel` (`data_privilege_rel_id`, `tenant_id`, `data_privilege_id`, `group_id`, `text_column1`, `text_column2`, `text_column3`, `text_column4`, `text_column5`, `int_column1`, `int_column2`, `int_column3`, `num_column1`, `num_column2`, `num_column3`, `date_column1`, `date_column2`, `date_column3`, `active_flag`, `create_by`, `create_date`, `last_update_by`, `last_update_date`) VALUES ('22000028', '100', '11000030', '2100002', '', '', '', '', '', NULL, NULL, NULL, '1.00000000', '1.00000000', '1.00000000', '2021-02-24 18:12:00', '2021-02-24 18:12:00', '2021-02-24 18:12:00', 'Y', '1001', '2021-01-19 14:55:00', '1001', '2021-01-18 11:17:00');
INSERT INTO `data_privileges_rel` (`data_privilege_rel_id`, `tenant_id`, `data_privilege_id`, `group_id`, `text_column1`, `text_column2`, `text_column3`, `text_column4`, `text_column5`, `int_column1`, `int_column2`, `int_column3`, `num_column1`, `num_column2`, `num_column3`, `date_column1`, `date_column2`, `date_column3`, `active_flag`, `create_by`, `create_date`, `last_update_by`, `last_update_date`) VALUES ('220000029', '100', '11000008', '2100002', '', '', '', '', '', NULL, NULL, NULL, '1.00000000', '1.00000000', '1.00000000', '2021-02-24 18:12:00', '2021-02-24 18:12:00', '2021-02-24 18:12:00', 'Y', '1001', '2021-01-19 14:55:00', '1001', '2021-01-18 11:17:00');
INSERT INTO `data_privileges_rel` (`data_privilege_rel_id`, `tenant_id`, `data_privilege_id`, `group_id`, `text_column1`, `text_column2`, `text_column3`, `text_column4`, `text_column5`, `int_column1`, `int_column2`, `int_column3`, `num_column1`, `num_column2`, `num_column3`, `date_column1`, `date_column2`, `date_column3`, `active_flag`, `create_by`, `create_date`, `last_update_by`, `last_update_date`) VALUES ('220000030', '1', '11000031', '2100001', NULL, NULL, NULL, NULL, NULL, NULL, NULL, NULL, NULL, NULL, NULL, NULL, NULL, NULL, 'Y', '1', '2021-03-12 14:34:17', '1', '0000-00-00 00:00:00');
INSERT INTO `data_privileges_rel` (`data_privilege_rel_id`, `tenant_id`, `data_privilege_id`, `group_id`, `text_column1`, `text_column2`, `text_column3`, `text_column4`, `text_column5`, `int_column1`, `int_column2`, `int_column3`, `num_column1`, `num_column2`, `num_column3`, `date_column1`, `date_column2`, `date_column3`, `active_flag`, `create_by`, `create_date`, `last_update_by`, `last_update_date`) VALUES ('220000031', '1', '11000032', '2100001', '', '', '', '', '', NULL, NULL, NULL, '1.00000000', '1.00000000', '1.00000000', '2021-03-12 14:20:15', '2021-03-12 14:20:17', '2021-03-12 14:20:20', 'Y', '1', '2021-03-12 14:34:19', '1', '0000-00-00 00:00:00');
INSERT INTO `data_privileges_rel` (`data_privilege_rel_id`, `tenant_id`, `data_privilege_id`, `group_id`, `text_column1`, `text_column2`, `text_column3`, `text_column4`, `text_column5`, `int_column1`, `int_column2`, `int_column3`, `num_column1`, `num_column2`, `num_column3`, `date_column1`, `date_column2`, `date_column3`, `active_flag`, `create_by`, `create_date`, `last_update_by`, `last_update_date`) VALUES ('220000032', '1', '11000033', '2100001', '', '', '', '', '', NULL, NULL, NULL, '1.00000000', '1.00000000', '1.00000000', '2021-03-12 14:20:15', '2021-03-12 14:20:17', '2021-03-12 14:20:20', 'Y', '1', '2021-03-12 14:34:19', '1', '0000-00-00 00:00:00');
INSERT INTO `data_privileges_rel` (`data_privilege_rel_id`, `tenant_id`, `data_privilege_id`, `group_id`, `text_column1`, `text_column2`, `text_column3`, `text_column4`, `text_column5`, `int_column1`, `int_column2`, `int_column3`, `num_column1`, `num_column2`, `num_column3`, `date_column1`, `date_column2`, `date_column3`, `active_flag`, `create_by`, `create_date`, `last_update_by`, `last_update_date`) VALUES ('1377937392947339264', '100', '1377934589734592512', '2100002', NULL, NULL, NULL, NULL, NULL, NULL, NULL, NULL, NULL, NULL, NULL, NULL, NULL, NULL, 'Y', '1003', '2021-04-02 18:54:10', '1003', '2021-04-02 18:54:10');
INSERT INTO `data_privileges_rel` (`data_privilege_rel_id`, `tenant_id`, `data_privilege_id`, `group_id`, `text_column1`, `text_column2`, `text_column3`, `text_column4`, `text_column5`, `int_column1`, `int_column2`, `int_column3`, `num_column1`, `num_column2`, `num_column3`, `date_column1`, `date_column2`, `date_column3`, `active_flag`, `create_by`, `create_date`, `last_update_by`, `last_update_date`) VALUES ('1378630439684239360', '100', '1378475478061117440', '2100002', NULL, NULL, NULL, NULL, NULL, NULL, NULL, NULL, NULL, NULL, NULL, NULL, NULL, NULL, 'Y', '1003', '2021-04-04 16:48:05', '1003', '2021-04-04 16:48:05');
INSERT INTO `data_privileges_rel` (`data_privilege_rel_id`, `tenant_id`, `data_privilege_id`, `group_id`, `text_column1`, `text_column2`, `text_column3`, `text_column4`, `text_column5`, `int_column1`, `int_column2`, `int_column3`, `num_column1`, `num_column2`, `num_column3`, `date_column1`, `date_column2`, `date_column3`, `active_flag`, `create_by`, `create_date`, `last_update_by`, `last_update_date`) VALUES ('1378645703599550464', '100', '1378645116900306944', '2100002', NULL, NULL, NULL, NULL, NULL, NULL, NULL, NULL, NULL, NULL, NULL, NULL, NULL, NULL, 'Y', '1003', '2021-04-04 17:48:44', '1003', '2021-04-04 17:48:44');
INSERT INTO `data_privileges_rel` (`data_privilege_rel_id`, `tenant_id`, `data_privilege_id`, `group_id`, `text_column1`, `text_column2`, `text_column3`, `text_column4`, `text_column5`, `int_column1`, `int_column2`, `int_column3`, `num_column1`, `num_column2`, `num_column3`, `date_column1`, `date_column2`, `date_column3`, `active_flag`, `create_by`, `create_date`, `last_update_by`, `last_update_date`) VALUES ('1379273386419253248', '100', '1379272634267299840', '2100002', NULL, NULL, NULL, NULL, NULL, NULL, NULL, NULL, NULL, NULL, NULL, NULL, NULL, NULL, 'Y', '1003', '2021-04-06 11:22:55', '1003', '2021-04-06 11:22:55');
INSERT INTO `data_privileges_rel` (`data_privilege_rel_id`, `tenant_id`, `data_privilege_id`, `group_id`, `text_column1`, `text_column2`, `text_column3`, `text_column4`, `text_column5`, `int_column1`, `int_column2`, `int_column3`, `num_column1`, `num_column2`, `num_column3`, `date_column1`, `date_column2`, `date_column3`, `active_flag`, `create_by`, `create_date`, `last_update_by`, `last_update_date`) VALUES ('1381059459856166912', '100', '1381057324414365696', '2100002', NULL, NULL, NULL, NULL, NULL, NULL, NULL, NULL, NULL, NULL, NULL, NULL, NULL, NULL, 'Y', '1003', '2021-04-11 09:40:08', '1003', '2021-04-11 09:40:08');
INSERT INTO `data_privileges_rel` (`data_privilege_rel_id`, `tenant_id`, `data_privilege_id`, `group_id`, `text_column1`, `text_column2`, `text_column3`, `text_column4`, `text_column5`, `int_column1`, `int_column2`, `int_column3`, `num_column1`, `num_column2`, `num_column3`, `date_column1`, `date_column2`, `date_column3`, `active_flag`, `create_by`, `create_date`, `last_update_by`, `last_update_date`) VALUES ('1381903810056384512', '100', '1381903194206728192', '2100002', NULL, NULL, NULL, NULL, NULL, NULL, NULL, NULL, NULL, NULL, NULL, NULL, NULL, NULL, 'Y', '1003', '2021-04-13 17:35:17', '1003', '2021-04-13 17:35:17');
INSERT INTO `data_privileges_rel` (`data_privilege_rel_id`, `tenant_id`, `data_privilege_id`, `group_id`, `text_column1`, `text_column2`, `text_column3`, `text_column4`, `text_column5`, `int_column1`, `int_column2`, `int_column3`, `num_column1`, `num_column2`, `num_column3`, `date_column1`, `date_column2`, `date_column3`, `active_flag`, `create_by`, `create_date`, `last_update_by`, `last_update_date`) VALUES ('1384683930924171264', '100', '1384682419506724864', '2100002', NULL, NULL, NULL, NULL, NULL, NULL, NULL, NULL, NULL, NULL, NULL, NULL, NULL, NULL, 'Y', '1003', '2021-04-21 09:42:30', '1003', '2021-04-21 09:42:30');
INSERT INTO `data_privileges_rel` (`data_privilege_rel_id`, `tenant_id`, `data_privilege_id`, `group_id`, `text_column1`, `text_column2`, `text_column3`, `text_column4`, `text_column5`, `int_column1`, `int_column2`, `int_column3`, `num_column1`, `num_column2`, `num_column3`, `date_column1`, `date_column2`, `date_column3`, `active_flag`, `create_by`, `create_date`, `last_update_by`, `last_update_date`) VALUES ('1384686367814795264', '100', '1384685499216379904', '2100002', NULL, NULL, NULL, NULL, NULL, NULL, NULL, NULL, NULL, NULL, NULL, NULL, NULL, NULL, 'Y', '1003', '2021-04-21 09:52:11', '1003', '2021-04-21 09:52:11');
INSERT INTO `data_privileges_rel` (`data_privilege_rel_id`, `tenant_id`, `data_privilege_id`, `group_id`, `text_column1`, `text_column2`, `text_column3`, `text_column4`, `text_column5`, `int_column1`, `int_column2`, `int_column3`, `num_column1`, `num_column2`, `num_column3`, `date_column1`, `date_column2`, `date_column3`, `active_flag`, `create_by`, `create_date`, `last_update_by`, `last_update_date`) VALUES ('1384756564915470336', '100', '1382966518164045824', '2100002', NULL, NULL, NULL, NULL, NULL, NULL, NULL, NULL, NULL, NULL, NULL, NULL, NULL, NULL, 'Y', '1003', '2021-04-21 14:31:07', '1003', '2021-04-21 14:31:07');
INSERT INTO `data_privileges_rel` (`data_privilege_rel_id`, `tenant_id`, `data_privilege_id`, `group_id`, `text_column1`, `text_column2`, `text_column3`, `text_column4`, `text_column5`, `int_column1`, `int_column2`, `int_column3`, `num_column1`, `num_column2`, `num_column3`, `date_column1`, `date_column2`, `date_column3`, `active_flag`, `create_by`, `create_date`, `last_update_by`, `last_update_date`) VALUES ('1384757106555305984', '100', '1382966519548166144', '2100002', NULL, NULL, NULL, NULL, NULL, NULL, NULL, NULL, NULL, NULL, NULL, NULL, NULL, NULL, 'Y', '1003', '2021-04-21 14:33:16', '1003', '2021-04-21 14:33:16');
INSERT INTO `data_privileges_rel` (`data_privilege_rel_id`, `tenant_id`, `data_privilege_id`, `group_id`, `text_column1`, `text_column2`, `text_column3`, `text_column4`, `text_column5`, `int_column1`, `int_column2`, `int_column3`, `num_column1`, `num_column2`, `num_column3`, `date_column1`, `date_column2`, `date_column3`, `active_flag`, `create_by`, `create_date`, `last_update_by`, `last_update_date`) VALUES ('1384757211006058496', '100', '1383225791813074944', '2100002', NULL, NULL, NULL, NULL, NULL, NULL, NULL, NULL, NULL, NULL, NULL, NULL, NULL, NULL, 'Y', '1003', '2021-04-21 14:33:41', '1003', '2021-04-21 14:33:41');
INSERT INTO `data_privileges_rel` (`data_privilege_rel_id`, `tenant_id`, `data_privilege_id`, `group_id`, `text_column1`, `text_column2`, `text_column3`, `text_column4`, `text_column5`, `int_column1`, `int_column2`, `int_column3`, `num_column1`, `num_column2`, `num_column3`, `date_column1`, `date_column2`, `date_column3`, `active_flag`, `create_by`, `create_date`, `last_update_by`, `last_update_date`) VALUES ('1384757298583126016', '100', '1384718859464687616', '2100002', NULL, NULL, NULL, NULL, NULL, NULL, NULL, NULL, NULL, NULL, NULL, NULL, NULL, NULL, 'Y', '1003', '2021-04-21 14:34:02', '1003', '2021-04-21 14:34:02');
INSERT INTO `data_privileges_rel` (`data_privilege_rel_id`, `tenant_id`, `data_privilege_id`, `group_id`, `text_column1`, `text_column2`, `text_column3`, `text_column4`, `text_column5`, `int_column1`, `int_column2`, `int_column3`, `num_column1`, `num_column2`, `num_column3`, `date_column1`, `date_column2`, `date_column3`, `active_flag`, `create_by`, `create_date`, `last_update_by`, `last_update_date`) VALUES ('1384757413918097408', '100', '1384718860857196544', '2100002', NULL, NULL, NULL, NULL, NULL, NULL, NULL, NULL, NULL, NULL, NULL, NULL, NULL, NULL, 'Y', '1003', '2021-04-21 14:34:29', '1003', '2021-04-21 14:34:29');
INSERT INTO `data_privileges_rel` (`data_privilege_rel_id`, `tenant_id`, `data_privilege_id`, `group_id`, `text_column1`, `text_column2`, `text_column3`, `text_column4`, `text_column5`, `int_column1`, `int_column2`, `int_column3`, `num_column1`, `num_column2`, `num_column3`, `date_column1`, `date_column2`, `date_column3`, `active_flag`, `create_by`, `create_date`, `last_update_by`, `last_update_date`) VALUES ('1384757489956634624', '100', '1384718862216151040', '2100002', NULL, NULL, NULL, NULL, NULL, NULL, NULL, NULL, NULL, NULL, NULL, NULL, NULL, NULL, 'Y', '1003', '2021-04-21 14:34:47', '1003', '2021-04-21 14:34:47');

commit;

INSERT INTO `entity_privileges` (`entity_privilege_id`, `tenant_id`, `md_entity_id`, `entity_type`, `privilege_type`, `privilege_code`, `ent_privilege_desc`, `text_column1`, `text_column2`, `text_column3`, `text_column4`, `text_column5`, `int_column1`, `int_column2`, `int_column3`, `num_column1`, `num_column2`, `num_column3`, `date_column1`, `date_column2`, `date_column3`, `active_flag`, `create_by`, `create_date`, `last_update_by`, `last_update_date`, `public_flag`) VALUES ('1382966517929164800', '100', '1382966517711060992', 'Entity', 'CREATE', 'CREATE:1382966517711060992:校验规则', 'CREATE:1382966517711060992:校验规则', NULL, NULL, NULL, NULL, NULL, NULL, NULL, NULL, NULL, NULL, NULL, NULL, NULL, NULL, 'Y', '1003', '2021-04-16 15:58:06', '1003', '2021-04-16 15:58:06', 'Y');
INSERT INTO `entity_privileges` (`entity_privilege_id`, `tenant_id`, `md_entity_id`, `entity_type`, `privilege_type`, `privilege_code`, `ent_privilege_desc`, `text_column1`, `text_column2`, `text_column3`, `text_column4`, `text_column5`, `int_column1`, `int_column2`, `int_column3`, `num_column1`, `num_column2`, `num_column3`, `date_column1`, `date_column2`, `date_column3`, `active_flag`, `create_by`, `create_date`, `last_update_by`, `last_update_date`, `public_flag`) VALUES ('1382966517929164801', '100', '1382966517711060992', 'Entity', 'UPDATE', 'UPDATE:1382966517711060992:校验规则', 'UPDATE:1382966517711060992:校验规则', NULL, NULL, NULL, NULL, NULL, NULL, NULL, NULL, NULL, NULL, NULL, NULL, NULL, NULL, 'Y', '1003', '2021-04-16 15:58:06', '1003', '2021-04-16 15:58:06', 'Y');
INSERT INTO `entity_privileges` (`entity_privilege_id`, `tenant_id`, `md_entity_id`, `entity_type`, `privilege_type`, `privilege_code`, `ent_privilege_desc`, `text_column1`, `text_column2`, `text_column3`, `text_column4`, `text_column5`, `int_column1`, `int_column2`, `int_column3`, `num_column1`, `num_column2`, `num_column3`, `date_column1`, `date_column2`, `date_column3`, `active_flag`, `create_by`, `create_date`, `last_update_by`, `last_update_date`, `public_flag`) VALUES ('1382966517929164802', '100', '1382966517711060992', 'Entity', 'READ', 'READ:1382966517711060992:校验规则', 'READ:1382966517711060992:校验规则', NULL, NULL, NULL, NULL, NULL, NULL, NULL, NULL, NULL, NULL, NULL, NULL, NULL, NULL, 'Y', '1003', '2021-04-16 15:58:06', '1003', '2021-04-16 15:58:06', 'Y');
INSERT INTO `entity_privileges` (`entity_privilege_id`, `tenant_id`, `md_entity_id`, `entity_type`, `privilege_type`, `privilege_code`, `ent_privilege_desc`, `text_column1`, `text_column2`, `text_column3`, `text_column4`, `text_column5`, `int_column1`, `int_column2`, `int_column3`, `num_column1`, `num_column2`, `num_column3`, `date_column1`, `date_column2`, `date_column3`, `active_flag`, `create_by`, `create_date`, `last_update_by`, `last_update_date`, `public_flag`) VALUES ('1382966517929164803', '100', '1382966517711060992', 'Entity', 'DELETE', 'DELETE:1382966517711060992:校验规则', 'DELETE:1382966517711060992:校验规则', NULL, NULL, NULL, NULL, NULL, NULL, NULL, NULL, NULL, NULL, NULL, NULL, NULL, NULL, 'Y', '1003', '2021-04-16 15:58:06', '1003', '2021-04-16 15:58:06', 'Y');
INSERT INTO `entity_privileges` (`entity_privilege_id`, `tenant_id`, `md_entity_id`, `entity_type`, `privilege_type`, `privilege_code`, `ent_privilege_desc`, `text_column1`, `text_column2`, `text_column3`, `text_column4`, `text_column5`, `int_column1`, `int_column2`, `int_column3`, `num_column1`, `num_column2`, `num_column3`, `date_column1`, `date_column2`, `date_column3`, `active_flag`, `create_by`, `create_date`, `last_update_by`, `last_update_date`, `public_flag`) VALUES ('1382966519292313600', '100', '1382966519099375616', 'Entity', 'CREATE', 'CREATE:1382966519099375616:规则与实体关系', 'CREATE:1382966519099375616:规则与实体关系', NULL, NULL, NULL, NULL, NULL, NULL, NULL, NULL, NULL, NULL, NULL, NULL, NULL, NULL, 'Y', '1003', '2021-04-16 15:58:07', '1003', '2021-04-16 15:58:07', 'Y');
INSERT INTO `entity_privileges` (`entity_privilege_id`, `tenant_id`, `md_entity_id`, `entity_type`, `privilege_type`, `privilege_code`, `ent_privilege_desc`, `text_column1`, `text_column2`, `text_column3`, `text_column4`, `text_column5`, `int_column1`, `int_column2`, `int_column3`, `num_column1`, `num_column2`, `num_column3`, `date_column1`, `date_column2`, `date_column3`, `active_flag`, `create_by`, `create_date`, `last_update_by`, `last_update_date`, `public_flag`) VALUES ('1382966519292313601', '100', '1382966519099375616', 'Entity', 'UPDATE', 'UPDATE:1382966519099375616:规则与实体关系', 'UPDATE:1382966519099375616:规则与实体关系', NULL, NULL, NULL, NULL, NULL, NULL, NULL, NULL, NULL, NULL, NULL, NULL, NULL, NULL, 'Y', '1003', '2021-04-16 15:58:07', '1003', '2021-04-16 15:58:07', 'Y');
INSERT INTO `entity_privileges` (`entity_privilege_id`, `tenant_id`, `md_entity_id`, `entity_type`, `privilege_type`, `privilege_code`, `ent_privilege_desc`, `text_column1`, `text_column2`, `text_column3`, `text_column4`, `text_column5`, `int_column1`, `int_column2`, `int_column3`, `num_column1`, `num_column2`, `num_column3`, `date_column1`, `date_column2`, `date_column3`, `active_flag`, `create_by`, `create_date`, `last_update_by`, `last_update_date`, `public_flag`) VALUES ('1382966519292313602', '100', '1382966519099375616', 'Entity', 'READ', 'READ:1382966519099375616:规则与实体关系', 'READ:1382966519099375616:规则与实体关系', NULL, NULL, NULL, NULL, NULL, NULL, NULL, NULL, NULL, NULL, NULL, NULL, NULL, NULL, 'Y', '1003', '2021-04-16 15:58:07', '1003', '2021-04-16 15:58:07', 'Y');
INSERT INTO `entity_privileges` (`entity_privilege_id`, `tenant_id`, `md_entity_id`, `entity_type`, `privilege_type`, `privilege_code`, `ent_privilege_desc`, `text_column1`, `text_column2`, `text_column3`, `text_column4`, `text_column5`, `int_column1`, `int_column2`, `int_column3`, `num_column1`, `num_column2`, `num_column3`, `date_column1`, `date_column2`, `date_column3`, `active_flag`, `create_by`, `create_date`, `last_update_by`, `last_update_date`, `public_flag`) VALUES ('1382966519292313603', '100', '1382966519099375616', 'Entity', 'DELETE', 'DELETE:1382966519099375616:规则与实体关系', 'DELETE:1382966519099375616:规则与实体关系', NULL, NULL, NULL, NULL, NULL, NULL, NULL, NULL, NULL, NULL, NULL, NULL, NULL, NULL, 'Y', '1003', '2021-04-16 15:58:07', '1003', '2021-04-16 15:58:07', 'Y');
INSERT INTO `entity_privileges` (`entity_privilege_id`, `tenant_id`, `md_entity_id`, `entity_type`, `privilege_type`, `privilege_code`, `ent_privilege_desc`, `text_column1`, `text_column2`, `text_column3`, `text_column4`, `text_column5`, `int_column1`, `int_column2`, `int_column3`, `num_column1`, `num_column2`, `num_column3`, `date_column1`, `date_column2`, `date_column3`, `active_flag`, `create_by`, `create_date`, `last_update_by`, `last_update_date`, `public_flag`) VALUES ('1383225791590776832', '100', '1383225791343312896', 'Entity', 'CREATE', 'CREATE:1383225791343312896:规则与UI关系', 'CREATE:1383225791343312896:规则与UI关系', NULL, NULL, NULL, NULL, NULL, NULL, NULL, NULL, NULL, NULL, NULL, NULL, NULL, NULL, 'Y', '1003', '2021-04-17 09:08:22', '1003', '2021-04-17 09:08:22', 'Y');
INSERT INTO `entity_privileges` (`entity_privilege_id`, `tenant_id`, `md_entity_id`, `entity_type`, `privilege_type`, `privilege_code`, `ent_privilege_desc`, `text_column1`, `text_column2`, `text_column3`, `text_column4`, `text_column5`, `int_column1`, `int_column2`, `int_column3`, `num_column1`, `num_column2`, `num_column3`, `date_column1`, `date_column2`, `date_column3`, `active_flag`, `create_by`, `create_date`, `last_update_by`, `last_update_date`, `public_flag`) VALUES ('1383225791590776833', '100', '1383225791343312896', 'Entity', 'UPDATE', 'UPDATE:1383225791343312896:规则与UI关系', 'UPDATE:1383225791343312896:规则与UI关系', NULL, NULL, NULL, NULL, NULL, NULL, NULL, NULL, NULL, NULL, NULL, NULL, NULL, NULL, 'Y', '1003', '2021-04-17 09:08:22', '1003', '2021-04-17 09:08:22', 'Y');
INSERT INTO `entity_privileges` (`entity_privilege_id`, `tenant_id`, `md_entity_id`, `entity_type`, `privilege_type`, `privilege_code`, `ent_privilege_desc`, `text_column1`, `text_column2`, `text_column3`, `text_column4`, `text_column5`, `int_column1`, `int_column2`, `int_column3`, `num_column1`, `num_column2`, `num_column3`, `date_column1`, `date_column2`, `date_column3`, `active_flag`, `create_by`, `create_date`, `last_update_by`, `last_update_date`, `public_flag`) VALUES ('1383225791590776834', '100', '1383225791343312896', 'Entity', 'READ', 'READ:1383225791343312896:规则与UI关系', 'READ:1383225791343312896:规则与UI关系', NULL, NULL, NULL, NULL, NULL, NULL, NULL, NULL, NULL, NULL, NULL, NULL, NULL, NULL, 'Y', '1003', '2021-04-17 09:08:22', '1003', '2021-04-17 09:08:22', 'Y');
INSERT INTO `entity_privileges` (`entity_privilege_id`, `tenant_id`, `md_entity_id`, `entity_type`, `privilege_type`, `privilege_code`, `ent_privilege_desc`, `text_column1`, `text_column2`, `text_column3`, `text_column4`, `text_column5`, `int_column1`, `int_column2`, `int_column3`, `num_column1`, `num_column2`, `num_column3`, `date_column1`, `date_column2`, `date_column3`, `active_flag`, `create_by`, `create_date`, `last_update_by`, `last_update_date`, `public_flag`) VALUES ('1383225791590776835', '100', '1383225791343312896', 'Entity', 'DELETE', 'DELETE:1383225791343312896:规则与UI关系', 'DELETE:1383225791343312896:规则与UI关系', NULL, NULL, NULL, NULL, NULL, NULL, NULL, NULL, NULL, NULL, NULL, NULL, NULL, NULL, 'Y', '1003', '2021-04-17 09:08:22', '1003', '2021-04-17 09:08:22', 'Y');
INSERT INTO `entity_privileges` (`entity_privilege_id`, `tenant_id`, `md_entity_id`, `entity_type`, `privilege_type`, `privilege_code`, `ent_privilege_desc`, `text_column1`, `text_column2`, `text_column3`, `text_column4`, `text_column5`, `int_column1`, `int_column2`, `int_column3`, `num_column1`, `num_column2`, `num_column3`, `date_column1`, `date_column2`, `date_column3`, `active_flag`, `create_by`, `create_date`, `last_update_by`, `last_update_date`, `public_flag`) VALUES ('1383259380931969024', '100', '1383259380718059520', 'Entity', 'CREATE', 'CREATE:1383259380718059520:校验规则', 'CREATE:1383259380718059520:校验规则', NULL, NULL, NULL, NULL, NULL, NULL, NULL, NULL, NULL, NULL, NULL, NULL, NULL, NULL, 'Y', '1003', '2021-04-17 11:21:50', '1003', '2021-04-17 11:21:50', 'Y');
INSERT INTO `entity_privileges` (`entity_privilege_id`, `tenant_id`, `md_entity_id`, `entity_type`, `privilege_type`, `privilege_code`, `ent_privilege_desc`, `text_column1`, `text_column2`, `text_column3`, `text_column4`, `text_column5`, `int_column1`, `int_column2`, `int_column3`, `num_column1`, `num_column2`, `num_column3`, `date_column1`, `date_column2`, `date_column3`, `active_flag`, `create_by`, `create_date`, `last_update_by`, `last_update_date`, `public_flag`) VALUES ('1383259380931969025', '100', '1383259380718059520', 'Entity', 'UPDATE', 'UPDATE:1383259380718059520:校验规则', 'UPDATE:1383259380718059520:校验规则', NULL, NULL, NULL, NULL, NULL, NULL, NULL, NULL, NULL, NULL, NULL, NULL, NULL, NULL, 'Y', '1003', '2021-04-17 11:21:50', '1003', '2021-04-17 11:21:50', 'Y');
INSERT INTO `entity_privileges` (`entity_privilege_id`, `tenant_id`, `md_entity_id`, `entity_type`, `privilege_type`, `privilege_code`, `ent_privilege_desc`, `text_column1`, `text_column2`, `text_column3`, `text_column4`, `text_column5`, `int_column1`, `int_column2`, `int_column3`, `num_column1`, `num_column2`, `num_column3`, `date_column1`, `date_column2`, `date_column3`, `active_flag`, `create_by`, `create_date`, `last_update_by`, `last_update_date`, `public_flag`) VALUES ('1383259380931969026', '100', '1383259380718059520', 'Entity', 'READ', 'READ:1383259380718059520:校验规则', 'READ:1383259380718059520:校验规则', NULL, NULL, NULL, NULL, NULL, NULL, NULL, NULL, NULL, NULL, NULL, NULL, NULL, NULL, 'Y', '1003', '2021-04-17 11:21:50', '1003', '2021-04-17 11:21:50', 'Y');
INSERT INTO `entity_privileges` (`entity_privilege_id`, `tenant_id`, `md_entity_id`, `entity_type`, `privilege_type`, `privilege_code`, `ent_privilege_desc`, `text_column1`, `text_column2`, `text_column3`, `text_column4`, `text_column5`, `int_column1`, `int_column2`, `int_column3`, `num_column1`, `num_column2`, `num_column3`, `date_column1`, `date_column2`, `date_column3`, `active_flag`, `create_by`, `create_date`, `last_update_by`, `last_update_date`, `public_flag`) VALUES ('1383259380931969027', '100', '1383259380718059520', 'Entity', 'DELETE', 'DELETE:1383259380718059520:校验规则', 'DELETE:1383259380718059520:校验规则', NULL, NULL, NULL, NULL, NULL, NULL, NULL, NULL, NULL, NULL, NULL, NULL, NULL, NULL, 'Y', '1003', '2021-04-17 11:21:50', '1003', '2021-04-17 11:21:50', 'Y');
INSERT INTO `entity_privileges` (`entity_privilege_id`, `tenant_id`, `md_entity_id`, `entity_type`, `privilege_type`, `privilege_code`, `ent_privilege_desc`, `text_column1`, `text_column2`, `text_column3`, `text_column4`, `text_column5`, `int_column1`, `int_column2`, `int_column3`, `num_column1`, `num_column2`, `num_column3`, `date_column1`, `date_column2`, `date_column3`, `active_flag`, `create_by`, `create_date`, `last_update_by`, `last_update_date`, `public_flag`) VALUES ('1384682419246678016', '100', '1384682419049545728', 'Entity', 'CREATE', 'CREATE:1384682419049545728:UI模板和实体关系', 'CREATE:1384682419049545728:UI模板和实体关系', NULL, NULL, NULL, NULL, NULL, NULL, NULL, NULL, NULL, NULL, NULL, NULL, NULL, NULL, 'Y', '1003', '2021-04-21 09:36:29', '1003', '2021-04-21 09:36:29', 'Y');
INSERT INTO `entity_privileges` (`entity_privilege_id`, `tenant_id`, `md_entity_id`, `entity_type`, `privilege_type`, `privilege_code`, `ent_privilege_desc`, `text_column1`, `text_column2`, `text_column3`, `text_column4`, `text_column5`, `int_column1`, `int_column2`, `int_column3`, `num_column1`, `num_column2`, `num_column3`, `date_column1`, `date_column2`, `date_column3`, `active_flag`, `create_by`, `create_date`, `last_update_by`, `last_update_date`, `public_flag`) VALUES ('1384682419246678017', '100', '1384682419049545728', 'Entity', 'UPDATE', 'UPDATE:1384682419049545728:UI模板和实体关系', 'UPDATE:1384682419049545728:UI模板和实体关系', NULL, NULL, NULL, NULL, NULL, NULL, NULL, NULL, NULL, NULL, NULL, NULL, NULL, NULL, 'Y', '1003', '2021-04-21 09:36:29', '1003', '2021-04-21 09:36:29', 'Y');
INSERT INTO `entity_privileges` (`entity_privilege_id`, `tenant_id`, `md_entity_id`, `entity_type`, `privilege_type`, `privilege_code`, `ent_privilege_desc`, `text_column1`, `text_column2`, `text_column3`, `text_column4`, `text_column5`, `int_column1`, `int_column2`, `int_column3`, `num_column1`, `num_column2`, `num_column3`, `date_column1`, `date_column2`, `date_column3`, `active_flag`, `create_by`, `create_date`, `last_update_by`, `last_update_date`, `public_flag`) VALUES ('1384682419246678018', '100', '1384682419049545728', 'Entity', 'READ', 'READ:1384682419049545728:UI模板和实体关系', 'READ:1384682419049545728:UI模板和实体关系', NULL, NULL, NULL, NULL, NULL, NULL, NULL, NULL, NULL, NULL, NULL, NULL, NULL, NULL, 'Y', '1003', '2021-04-21 09:36:29', '1003', '2021-04-21 09:36:29', 'Y');
INSERT INTO `entity_privileges` (`entity_privilege_id`, `tenant_id`, `md_entity_id`, `entity_type`, `privilege_type`, `privilege_code`, `ent_privilege_desc`, `text_column1`, `text_column2`, `text_column3`, `text_column4`, `text_column5`, `int_column1`, `int_column2`, `int_column3`, `num_column1`, `num_column2`, `num_column3`, `date_column1`, `date_column2`, `date_column3`, `active_flag`, `create_by`, `create_date`, `last_update_by`, `last_update_date`, `public_flag`) VALUES ('1384682419246678019', '100', '1384682419049545728', 'Entity', 'DELETE', 'DELETE:1384682419049545728:UI模板和实体关系', 'DELETE:1384682419049545728:UI模板和实体关系', NULL, NULL, NULL, NULL, NULL, NULL, NULL, NULL, NULL, NULL, NULL, NULL, NULL, NULL, 'Y', '1003', '2021-04-21 09:36:29', '1003', '2021-04-21 09:36:29', 'Y');
INSERT INTO `entity_privileges` (`entity_privilege_id`, `tenant_id`, `md_entity_id`, `entity_type`, `privilege_type`, `privilege_code`, `ent_privilege_desc`, `text_column1`, `text_column2`, `text_column3`, `text_column4`, `text_column5`, `int_column1`, `int_column2`, `int_column3`, `num_column1`, `num_column2`, `num_column3`, `date_column1`, `date_column2`, `date_column3`, `active_flag`, `create_by`, `create_date`, `last_update_by`, `last_update_date`, `public_flag`) VALUES ('1384685498943750144', '100', '1384685498692091904', 'Entity', 'CREATE', 'CREATE:1384685498692091904:UI页面字段', 'CREATE:1384685498692091904:UI页面字段', NULL, NULL, NULL, NULL, NULL, NULL, NULL, NULL, NULL, NULL, NULL, NULL, NULL, NULL, 'Y', '1003', '2021-04-21 09:48:43', '1003', '2021-04-21 09:48:43', 'Y');
INSERT INTO `entity_privileges` (`entity_privilege_id`, `tenant_id`, `md_entity_id`, `entity_type`, `privilege_type`, `privilege_code`, `ent_privilege_desc`, `text_column1`, `text_column2`, `text_column3`, `text_column4`, `text_column5`, `int_column1`, `int_column2`, `int_column3`, `num_column1`, `num_column2`, `num_column3`, `date_column1`, `date_column2`, `date_column3`, `active_flag`, `create_by`, `create_date`, `last_update_by`, `last_update_date`, `public_flag`) VALUES ('1384685498943750145', '100', '1384685498692091904', 'Entity', 'UPDATE', 'UPDATE:1384685498692091904:UI页面字段', 'UPDATE:1384685498692091904:UI页面字段', NULL, NULL, NULL, NULL, NULL, NULL, NULL, NULL, NULL, NULL, NULL, NULL, NULL, NULL, 'Y', '1003', '2021-04-21 09:48:43', '1003', '2021-04-21 09:48:43', 'Y');
INSERT INTO `entity_privileges` (`entity_privilege_id`, `tenant_id`, `md_entity_id`, `entity_type`, `privilege_type`, `privilege_code`, `ent_privilege_desc`, `text_column1`, `text_column2`, `text_column3`, `text_column4`, `text_column5`, `int_column1`, `int_column2`, `int_column3`, `num_column1`, `num_column2`, `num_column3`, `date_column1`, `date_column2`, `date_column3`, `active_flag`, `create_by`, `create_date`, `last_update_by`, `last_update_date`, `public_flag`) VALUES ('1384685498943750146', '100', '1384685498692091904', 'Entity', 'READ', 'READ:1384685498692091904:UI页面字段', 'READ:1384685498692091904:UI页面字段', NULL, NULL, NULL, NULL, NULL, NULL, NULL, NULL, NULL, NULL, NULL, NULL, NULL, NULL, 'Y', '1003', '2021-04-21 09:48:43', '1003', '2021-04-21 09:48:43', 'Y');
INSERT INTO `entity_privileges` (`entity_privilege_id`, `tenant_id`, `md_entity_id`, `entity_type`, `privilege_type`, `privilege_code`, `ent_privilege_desc`, `text_column1`, `text_column2`, `text_column3`, `text_column4`, `text_column5`, `int_column1`, `int_column2`, `int_column3`, `num_column1`, `num_column2`, `num_column3`, `date_column1`, `date_column2`, `date_column3`, `active_flag`, `create_by`, `create_date`, `last_update_by`, `last_update_date`, `public_flag`) VALUES ('1384685498943750147', '100', '1384685498692091904', 'Entity', 'DELETE', 'DELETE:1384685498692091904:UI页面字段', 'DELETE:1384685498692091904:UI页面字段', NULL, NULL, NULL, NULL, NULL, NULL, NULL, NULL, NULL, NULL, NULL, NULL, NULL, NULL, 'Y', '1003', '2021-04-21 09:48:43', '1003', '2021-04-21 09:48:43', 'Y');
INSERT INTO `entity_privileges` (`entity_privilege_id`, `tenant_id`, `md_entity_id`, `entity_type`, `privilege_type`, `privilege_code`, `ent_privilege_desc`, `text_column1`, `text_column2`, `text_column3`, `text_column4`, `text_column5`, `int_column1`, `int_column2`, `int_column3`, `num_column1`, `num_column2`, `num_column3`, `date_column1`, `date_column2`, `date_column3`, `active_flag`, `create_by`, `create_date`, `last_update_by`, `last_update_date`, `public_flag`) VALUES ('1384718859246583808', '100', '1384718859007508480', 'Entity', 'CREATE', 'CREATE:1384718859007508480:UI页面模板', 'CREATE:1384718859007508480:UI页面模板', NULL, NULL, NULL, NULL, NULL, NULL, NULL, NULL, NULL, NULL, NULL, NULL, NULL, NULL, 'Y', '1003', '2021-04-21 12:01:17', '1003', '2021-04-21 12:01:17', 'Y');
INSERT INTO `entity_privileges` (`entity_privilege_id`, `tenant_id`, `md_entity_id`, `entity_type`, `privilege_type`, `privilege_code`, `ent_privilege_desc`, `text_column1`, `text_column2`, `text_column3`, `text_column4`, `text_column5`, `int_column1`, `int_column2`, `int_column3`, `num_column1`, `num_column2`, `num_column3`, `date_column1`, `date_column2`, `date_column3`, `active_flag`, `create_by`, `create_date`, `last_update_by`, `last_update_date`, `public_flag`) VALUES ('1384718859246583809', '100', '1384718859007508480', 'Entity', 'UPDATE', 'UPDATE:1384718859007508480:UI页面模板', 'UPDATE:1384718859007508480:UI页面模板', NULL, NULL, NULL, NULL, NULL, NULL, NULL, NULL, NULL, NULL, NULL, NULL, NULL, NULL, 'Y', '1003', '2021-04-21 12:01:17', '1003', '2021-04-21 12:01:17', 'Y');
INSERT INTO `entity_privileges` (`entity_privilege_id`, `tenant_id`, `md_entity_id`, `entity_type`, `privilege_type`, `privilege_code`, `ent_privilege_desc`, `text_column1`, `text_column2`, `text_column3`, `text_column4`, `text_column5`, `int_column1`, `int_column2`, `int_column3`, `num_column1`, `num_column2`, `num_column3`, `date_column1`, `date_column2`, `date_column3`, `active_flag`, `create_by`, `create_date`, `last_update_by`, `last_update_date`, `public_flag`) VALUES ('1384718859246583810', '100', '1384718859007508480', 'Entity', 'READ', 'READ:1384718859007508480:UI页面模板', 'READ:1384718859007508480:UI页面模板', NULL, NULL, NULL, NULL, NULL, NULL, NULL, NULL, NULL, NULL, NULL, NULL, NULL, NULL, 'Y', '1003', '2021-04-21 12:01:17', '1003', '2021-04-21 12:01:17', 'Y');
INSERT INTO `entity_privileges` (`entity_privilege_id`, `tenant_id`, `md_entity_id`, `entity_type`, `privilege_type`, `privilege_code`, `ent_privilege_desc`, `text_column1`, `text_column2`, `text_column3`, `text_column4`, `text_column5`, `int_column1`, `int_column2`, `int_column3`, `num_column1`, `num_column2`, `num_column3`, `date_column1`, `date_column2`, `date_column3`, `active_flag`, `create_by`, `create_date`, `last_update_by`, `last_update_date`, `public_flag`) VALUES ('1384718859246583811', '100', '1384718859007508480', 'Entity', 'DELETE', 'DELETE:1384718859007508480:UI页面模板', 'DELETE:1384718859007508480:UI页面模板', NULL, NULL, NULL, NULL, NULL, NULL, NULL, NULL, NULL, NULL, NULL, NULL, NULL, NULL, 'Y', '1003', '2021-04-21 12:01:17', '1003', '2021-04-21 12:01:17', 'Y');
INSERT INTO `entity_privileges` (`entity_privilege_id`, `tenant_id`, `md_entity_id`, `entity_type`, `privilege_type`, `privilege_code`, `ent_privilege_desc`, `text_column1`, `text_column2`, `text_column3`, `text_column4`, `text_column5`, `int_column1`, `int_column2`, `int_column3`, `num_column1`, `num_column2`, `num_column3`, `date_column1`, `date_column2`, `date_column3`, `active_flag`, `create_by`, `create_date`, `last_update_by`, `last_update_date`, `public_flag`) VALUES ('1384718860584566784', '100', '1384718860400017408', 'Entity', 'CREATE', 'CREATE:1384718860400017408:UI模板和实体关系', 'CREATE:1384718860400017408:UI模板和实体关系', NULL, NULL, NULL, NULL, NULL, NULL, NULL, NULL, NULL, NULL, NULL, NULL, NULL, NULL, 'Y', '1003', '2021-04-21 12:01:17', '1003', '2021-04-21 12:01:17', 'Y');
INSERT INTO `entity_privileges` (`entity_privilege_id`, `tenant_id`, `md_entity_id`, `entity_type`, `privilege_type`, `privilege_code`, `ent_privilege_desc`, `text_column1`, `text_column2`, `text_column3`, `text_column4`, `text_column5`, `int_column1`, `int_column2`, `int_column3`, `num_column1`, `num_column2`, `num_column3`, `date_column1`, `date_column2`, `date_column3`, `active_flag`, `create_by`, `create_date`, `last_update_by`, `last_update_date`, `public_flag`) VALUES ('1384718860584566785', '100', '1384718860400017408', 'Entity', 'UPDATE', 'UPDATE:1384718860400017408:UI模板和实体关系', 'UPDATE:1384718860400017408:UI模板和实体关系', NULL, NULL, NULL, NULL, NULL, NULL, NULL, NULL, NULL, NULL, NULL, NULL, NULL, NULL, 'Y', '1003', '2021-04-21 12:01:17', '1003', '2021-04-21 12:01:17', 'Y');
INSERT INTO `entity_privileges` (`entity_privilege_id`, `tenant_id`, `md_entity_id`, `entity_type`, `privilege_type`, `privilege_code`, `ent_privilege_desc`, `text_column1`, `text_column2`, `text_column3`, `text_column4`, `text_column5`, `int_column1`, `int_column2`, `int_column3`, `num_column1`, `num_column2`, `num_column3`, `date_column1`, `date_column2`, `date_column3`, `active_flag`, `create_by`, `create_date`, `last_update_by`, `last_update_date`, `public_flag`) VALUES ('1384718860584566786', '100', '1384718860400017408', 'Entity', 'READ', 'READ:1384718860400017408:UI模板和实体关系', 'READ:1384718860400017408:UI模板和实体关系', NULL, NULL, NULL, NULL, NULL, NULL, NULL, NULL, NULL, NULL, NULL, NULL, NULL, NULL, 'Y', '1003', '2021-04-21 12:01:17', '1003', '2021-04-21 12:01:17', 'Y');
INSERT INTO `entity_privileges` (`entity_privilege_id`, `tenant_id`, `md_entity_id`, `entity_type`, `privilege_type`, `privilege_code`, `ent_privilege_desc`, `text_column1`, `text_column2`, `text_column3`, `text_column4`, `text_column5`, `int_column1`, `int_column2`, `int_column3`, `num_column1`, `num_column2`, `num_column3`, `date_column1`, `date_column2`, `date_column3`, `active_flag`, `create_by`, `create_date`, `last_update_by`, `last_update_date`, `public_flag`) VALUES ('1384718860584566787', '100', '1384718860400017408', 'Entity', 'DELETE', 'DELETE:1384718860400017408:UI模板和实体关系', 'DELETE:1384718860400017408:UI模板和实体关系', NULL, NULL, NULL, NULL, NULL, NULL, NULL, NULL, NULL, NULL, NULL, NULL, NULL, NULL, 'Y', '1003', '2021-04-21 12:01:17', '1003', '2021-04-21 12:01:17', 'Y');
INSERT INTO `entity_privileges` (`entity_privilege_id`, `tenant_id`, `md_entity_id`, `entity_type`, `privilege_type`, `privilege_code`, `ent_privilege_desc`, `text_column1`, `text_column2`, `text_column3`, `text_column4`, `text_column5`, `int_column1`, `int_column2`, `int_column3`, `num_column1`, `num_column2`, `num_column3`, `date_column1`, `date_column2`, `date_column3`, `active_flag`, `create_by`, `create_date`, `last_update_by`, `last_update_date`, `public_flag`) VALUES ('1384718861960298496', '100', '1384718861767360512', 'Entity', 'CREATE', 'CREATE:1384718861767360512:UI属性', 'CREATE:1384718861767360512:UI属性', NULL, NULL, NULL, NULL, NULL, NULL, NULL, NULL, NULL, NULL, NULL, NULL, NULL, NULL, 'Y', '1003', '2021-04-21 12:01:18', '1003', '2021-04-21 12:01:18', 'Y');
INSERT INTO `entity_privileges` (`entity_privilege_id`, `tenant_id`, `md_entity_id`, `entity_type`, `privilege_type`, `privilege_code`, `ent_privilege_desc`, `text_column1`, `text_column2`, `text_column3`, `text_column4`, `text_column5`, `int_column1`, `int_column2`, `int_column3`, `num_column1`, `num_column2`, `num_column3`, `date_column1`, `date_column2`, `date_column3`, `active_flag`, `create_by`, `create_date`, `last_update_by`, `last_update_date`, `public_flag`) VALUES ('1384718861960298497', '100', '1384718861767360512', 'Entity', 'UPDATE', 'UPDATE:1384718861767360512:UI属性', 'UPDATE:1384718861767360512:UI属性', NULL, NULL, NULL, NULL, NULL, NULL, NULL, NULL, NULL, NULL, NULL, NULL, NULL, NULL, 'Y', '1003', '2021-04-21 12:01:18', '1003', '2021-04-21 12:01:18', 'Y');
INSERT INTO `entity_privileges` (`entity_privilege_id`, `tenant_id`, `md_entity_id`, `entity_type`, `privilege_type`, `privilege_code`, `ent_privilege_desc`, `text_column1`, `text_column2`, `text_column3`, `text_column4`, `text_column5`, `int_column1`, `int_column2`, `int_column3`, `num_column1`, `num_column2`, `num_column3`, `date_column1`, `date_column2`, `date_column3`, `active_flag`, `create_by`, `create_date`, `last_update_by`, `last_update_date`, `public_flag`) VALUES ('1384718861960298498', '100', '1384718861767360512', 'Entity', 'READ', 'READ:1384718861767360512:UI属性', 'READ:1384718861767360512:UI属性', NULL, NULL, NULL, NULL, NULL, NULL, NULL, NULL, NULL, NULL, NULL, NULL, NULL, NULL, 'Y', '1003', '2021-04-21 12:01:18', '1003', '2021-04-21 12:01:18', 'Y');
INSERT INTO `entity_privileges` (`entity_privilege_id`, `tenant_id`, `md_entity_id`, `entity_type`, `privilege_type`, `privilege_code`, `ent_privilege_desc`, `text_column1`, `text_column2`, `text_column3`, `text_column4`, `text_column5`, `int_column1`, `int_column2`, `int_column3`, `num_column1`, `num_column2`, `num_column3`, `date_column1`, `date_column2`, `date_column3`, `active_flag`, `create_by`, `create_date`, `last_update_by`, `last_update_date`, `public_flag`) VALUES ('1384718861960298499', '100', '1384718861767360512', 'Entity', 'DELETE', 'DELETE:1384718861767360512:UI属性', 'DELETE:1384718861767360512:UI属性', NULL, NULL, NULL, NULL, NULL, NULL, NULL, NULL, NULL, NULL, NULL, NULL, NULL, NULL, 'Y', '1003', '2021-04-21 12:01:18', '1003', '2021-04-21 12:01:18', 'Y');

commit;
INSERT INTO `role_privileges` (`role_privilege_id`, `tenant_id`, `role_id`, `entity_privilege_id`, `text_column1`, `text_column2`, `text_column3`, `text_column4`, `text_column5`, `int_column1`, `int_column2`, `int_column3`, `num_column1`, `num_column2`, `num_column3`, `date_column1`, `date_column2`, `date_column3`, `active_flag`, `create_by`, `create_date`, `last_update_by`, `last_update_date`) VALUES ('1384683929879789568', '100', '500001', '1384682419246678016', NULL, NULL, NULL, NULL, NULL, NULL, NULL, NULL, NULL, NULL, NULL, NULL, NULL, NULL, 'Y', '1003', '2021-04-21 09:42:29', '1003', '2021-04-21 09:42:29');
INSERT INTO `role_privileges` (`role_privilege_id`, `tenant_id`, `role_id`, `entity_privilege_id`, `text_column1`, `text_column2`, `text_column3`, `text_column4`, `text_column5`, `int_column1`, `int_column2`, `int_column3`, `num_column1`, `num_column2`, `num_column3`, `date_column1`, `date_column2`, `date_column3`, `active_flag`, `create_by`, `create_date`, `last_update_by`, `last_update_date`) VALUES ('1384683929879789569', '100', '500001', '1384682419246678017', NULL, NULL, NULL, NULL, NULL, NULL, NULL, NULL, NULL, NULL, NULL, NULL, NULL, NULL, 'Y', '1003', '2021-04-21 09:42:29', '1003', '2021-04-21 09:42:29');
INSERT INTO `role_privileges` (`role_privilege_id`, `tenant_id`, `role_id`, `entity_privilege_id`, `text_column1`, `text_column2`, `text_column3`, `text_column4`, `text_column5`, `int_column1`, `int_column2`, `int_column3`, `num_column1`, `num_column2`, `num_column3`, `date_column1`, `date_column2`, `date_column3`, `active_flag`, `create_by`, `create_date`, `last_update_by`, `last_update_date`) VALUES ('1384683929879789570', '100', '500001', '1384682419246678018', NULL, NULL, NULL, NULL, NULL, NULL, NULL, NULL, NULL, NULL, NULL, NULL, NULL, NULL, 'Y', '1003', '2021-04-21 09:42:29', '1003', '2021-04-21 09:42:29');
INSERT INTO `role_privileges` (`role_privilege_id`, `tenant_id`, `role_id`, `entity_privilege_id`, `text_column1`, `text_column2`, `text_column3`, `text_column4`, `text_column5`, `int_column1`, `int_column2`, `int_column3`, `num_column1`, `num_column2`, `num_column3`, `date_column1`, `date_column2`, `date_column3`, `active_flag`, `create_by`, `create_date`, `last_update_by`, `last_update_date`) VALUES ('1384683929879789571', '100', '500001', '1384682419246678019', NULL, NULL, NULL, NULL, NULL, NULL, NULL, NULL, NULL, NULL, NULL, NULL, NULL, NULL, 'Y', '1003', '2021-04-21 09:42:29', '1003', '2021-04-21 09:42:29');
INSERT INTO `role_privileges` (`role_privilege_id`, `tenant_id`, `role_id`, `entity_privilege_id`, `text_column1`, `text_column2`, `text_column3`, `text_column4`, `text_column5`, `int_column1`, `int_column2`, `int_column3`, `num_column1`, `num_column2`, `num_column3`, `date_column1`, `date_column2`, `date_column3`, `active_flag`, `create_by`, `create_date`, `last_update_by`, `last_update_date`) VALUES ('1384686366715887616', '100', '500001', '1384685498943750144', NULL, NULL, NULL, NULL, NULL, NULL, NULL, NULL, NULL, NULL, NULL, NULL, NULL, NULL, 'Y', '1003', '2021-04-21 09:52:10', '1003', '2021-04-21 09:52:10');
INSERT INTO `role_privileges` (`role_privilege_id`, `tenant_id`, `role_id`, `entity_privilege_id`, `text_column1`, `text_column2`, `text_column3`, `text_column4`, `text_column5`, `int_column1`, `int_column2`, `int_column3`, `num_column1`, `num_column2`, `num_column3`, `date_column1`, `date_column2`, `date_column3`, `active_flag`, `create_by`, `create_date`, `last_update_by`, `last_update_date`) VALUES ('1384686366715887617', '100', '500001', '1384685498943750145', NULL, NULL, NULL, NULL, NULL, NULL, NULL, NULL, NULL, NULL, NULL, NULL, NULL, NULL, 'Y', '1003', '2021-04-21 09:52:10', '1003', '2021-04-21 09:52:10');
INSERT INTO `role_privileges` (`role_privilege_id`, `tenant_id`, `role_id`, `entity_privilege_id`, `text_column1`, `text_column2`, `text_column3`, `text_column4`, `text_column5`, `int_column1`, `int_column2`, `int_column3`, `num_column1`, `num_column2`, `num_column3`, `date_column1`, `date_column2`, `date_column3`, `active_flag`, `create_by`, `create_date`, `last_update_by`, `last_update_date`) VALUES ('1384686366715887618', '100', '500001', '1384685498943750146', NULL, NULL, NULL, NULL, NULL, NULL, NULL, NULL, NULL, NULL, NULL, NULL, NULL, NULL, 'Y', '1003', '2021-04-21 09:52:10', '1003', '2021-04-21 09:52:10');
INSERT INTO `role_privileges` (`role_privilege_id`, `tenant_id`, `role_id`, `entity_privilege_id`, `text_column1`, `text_column2`, `text_column3`, `text_column4`, `text_column5`, `int_column1`, `int_column2`, `int_column3`, `num_column1`, `num_column2`, `num_column3`, `date_column1`, `date_column2`, `date_column3`, `active_flag`, `create_by`, `create_date`, `last_update_by`, `last_update_date`) VALUES ('1384686366715887619', '100', '500001', '1384685498943750147', NULL, NULL, NULL, NULL, NULL, NULL, NULL, NULL, NULL, NULL, NULL, NULL, NULL, NULL, 'Y', '1003', '2021-04-21 09:52:10', '1003', '2021-04-21 09:52:10');
INSERT INTO `role_privileges` (`role_privilege_id`, `tenant_id`, `role_id`, `entity_privilege_id`, `text_column1`, `text_column2`, `text_column3`, `text_column4`, `text_column5`, `int_column1`, `int_column2`, `int_column3`, `num_column1`, `num_column2`, `num_column3`, `date_column1`, `date_column2`, `date_column3`, `active_flag`, `create_by`, `create_date`, `last_update_by`, `last_update_date`) VALUES ('1384756563812368384', '100', '500001', '1382966517929164800', NULL, NULL, NULL, NULL, NULL, NULL, NULL, NULL, NULL, NULL, NULL, NULL, NULL, NULL, 'Y', '1003', '2021-04-21 14:31:07', '1003', '2021-04-21 14:31:07');
INSERT INTO `role_privileges` (`role_privilege_id`, `tenant_id`, `role_id`, `entity_privilege_id`, `text_column1`, `text_column2`, `text_column3`, `text_column4`, `text_column5`, `int_column1`, `int_column2`, `int_column3`, `num_column1`, `num_column2`, `num_column3`, `date_column1`, `date_column2`, `date_column3`, `active_flag`, `create_by`, `create_date`, `last_update_by`, `last_update_date`) VALUES ('1384756563812368385', '100', '500001', '1382966517929164801', NULL, NULL, NULL, NULL, NULL, NULL, NULL, NULL, NULL, NULL, NULL, NULL, NULL, NULL, 'Y', '1003', '2021-04-21 14:31:07', '1003', '2021-04-21 14:31:07');
INSERT INTO `role_privileges` (`role_privilege_id`, `tenant_id`, `role_id`, `entity_privilege_id`, `text_column1`, `text_column2`, `text_column3`, `text_column4`, `text_column5`, `int_column1`, `int_column2`, `int_column3`, `num_column1`, `num_column2`, `num_column3`, `date_column1`, `date_column2`, `date_column3`, `active_flag`, `create_by`, `create_date`, `last_update_by`, `last_update_date`) VALUES ('1384756563812368386', '100', '500001', '1382966517929164802', NULL, NULL, NULL, NULL, NULL, NULL, NULL, NULL, NULL, NULL, NULL, NULL, NULL, NULL, 'Y', '1003', '2021-04-21 14:31:07', '1003', '2021-04-21 14:31:07');
INSERT INTO `role_privileges` (`role_privilege_id`, `tenant_id`, `role_id`, `entity_privilege_id`, `text_column1`, `text_column2`, `text_column3`, `text_column4`, `text_column5`, `int_column1`, `int_column2`, `int_column3`, `num_column1`, `num_column2`, `num_column3`, `date_column1`, `date_column2`, `date_column3`, `active_flag`, `create_by`, `create_date`, `last_update_by`, `last_update_date`) VALUES ('1384756563812368387', '100', '500001', '1382966517929164803', NULL, NULL, NULL, NULL, NULL, NULL, NULL, NULL, NULL, NULL, NULL, NULL, NULL, NULL, 'Y', '1003', '2021-04-21 14:31:07', '1003', '2021-04-21 14:31:07');
INSERT INTO `role_privileges` (`role_privilege_id`, `tenant_id`, `role_id`, `entity_privilege_id`, `text_column1`, `text_column2`, `text_column3`, `text_column4`, `text_column5`, `int_column1`, `int_column2`, `int_column3`, `num_column1`, `num_column2`, `num_column3`, `date_column1`, `date_column2`, `date_column3`, `active_flag`, `create_by`, `create_date`, `last_update_by`, `last_update_date`) VALUES ('1384757105255071744', '100', '500001', '1382966519292313600', NULL, NULL, NULL, NULL, NULL, NULL, NULL, NULL, NULL, NULL, NULL, NULL, NULL, NULL, 'Y', '1003', '2021-04-21 14:33:16', '1003', '2021-04-21 14:33:16');
INSERT INTO `role_privileges` (`role_privilege_id`, `tenant_id`, `role_id`, `entity_privilege_id`, `text_column1`, `text_column2`, `text_column3`, `text_column4`, `text_column5`, `int_column1`, `int_column2`, `int_column3`, `num_column1`, `num_column2`, `num_column3`, `date_column1`, `date_column2`, `date_column3`, `active_flag`, `create_by`, `create_date`, `last_update_by`, `last_update_date`) VALUES ('1384757105255071745', '100', '500001', '1382966519292313601', NULL, NULL, NULL, NULL, NULL, NULL, NULL, NULL, NULL, NULL, NULL, NULL, NULL, NULL, 'Y', '1003', '2021-04-21 14:33:16', '1003', '2021-04-21 14:33:16');
INSERT INTO `role_privileges` (`role_privilege_id`, `tenant_id`, `role_id`, `entity_privilege_id`, `text_column1`, `text_column2`, `text_column3`, `text_column4`, `text_column5`, `int_column1`, `int_column2`, `int_column3`, `num_column1`, `num_column2`, `num_column3`, `date_column1`, `date_column2`, `date_column3`, `active_flag`, `create_by`, `create_date`, `last_update_by`, `last_update_date`) VALUES ('1384757105255071746', '100', '500001', '1382966519292313602', NULL, NULL, NULL, NULL, NULL, NULL, NULL, NULL, NULL, NULL, NULL, NULL, NULL, NULL, 'Y', '1003', '2021-04-21 14:33:16', '1003', '2021-04-21 14:33:16');
INSERT INTO `role_privileges` (`role_privilege_id`, `tenant_id`, `role_id`, `entity_privilege_id`, `text_column1`, `text_column2`, `text_column3`, `text_column4`, `text_column5`, `int_column1`, `int_column2`, `int_column3`, `num_column1`, `num_column2`, `num_column3`, `date_column1`, `date_column2`, `date_column3`, `active_flag`, `create_by`, `create_date`, `last_update_by`, `last_update_date`) VALUES ('1384757105255071747', '100', '500001', '1382966519292313603', NULL, NULL, NULL, NULL, NULL, NULL, NULL, NULL, NULL, NULL, NULL, NULL, NULL, NULL, 'Y', '1003', '2021-04-21 14:33:16', '1003', '2021-04-21 14:33:16');
INSERT INTO `role_privileges` (`role_privilege_id`, `tenant_id`, `role_id`, `entity_privilege_id`, `text_column1`, `text_column2`, `text_column3`, `text_column4`, `text_column5`, `int_column1`, `int_column2`, `int_column3`, `num_column1`, `num_column2`, `num_column3`, `date_column1`, `date_column2`, `date_column3`, `active_flag`, `create_by`, `create_date`, `last_update_by`, `last_update_date`) VALUES ('1384757209894567936', '100', '500001', '1383225791590776832', NULL, NULL, NULL, NULL, NULL, NULL, NULL, NULL, NULL, NULL, NULL, NULL, NULL, NULL, 'Y', '1003', '2021-04-21 14:33:41', '1003', '2021-04-21 14:33:41');
INSERT INTO `role_privileges` (`role_privilege_id`, `tenant_id`, `role_id`, `entity_privilege_id`, `text_column1`, `text_column2`, `text_column3`, `text_column4`, `text_column5`, `int_column1`, `int_column2`, `int_column3`, `num_column1`, `num_column2`, `num_column3`, `date_column1`, `date_column2`, `date_column3`, `active_flag`, `create_by`, `create_date`, `last_update_by`, `last_update_date`) VALUES ('1384757209894567937', '100', '500001', '1383225791590776833', NULL, NULL, NULL, NULL, NULL, NULL, NULL, NULL, NULL, NULL, NULL, NULL, NULL, NULL, 'Y', '1003', '2021-04-21 14:33:41', '1003', '2021-04-21 14:33:41');
INSERT INTO `role_privileges` (`role_privilege_id`, `tenant_id`, `role_id`, `entity_privilege_id`, `text_column1`, `text_column2`, `text_column3`, `text_column4`, `text_column5`, `int_column1`, `int_column2`, `int_column3`, `num_column1`, `num_column2`, `num_column3`, `date_column1`, `date_column2`, `date_column3`, `active_flag`, `create_by`, `create_date`, `last_update_by`, `last_update_date`) VALUES ('1384757209894567938', '100', '500001', '1383225791590776834', NULL, NULL, NULL, NULL, NULL, NULL, NULL, NULL, NULL, NULL, NULL, NULL, NULL, NULL, 'Y', '1003', '2021-04-21 14:33:41', '1003', '2021-04-21 14:33:41');
INSERT INTO `role_privileges` (`role_privilege_id`, `tenant_id`, `role_id`, `entity_privilege_id`, `text_column1`, `text_column2`, `text_column3`, `text_column4`, `text_column5`, `int_column1`, `int_column2`, `int_column3`, `num_column1`, `num_column2`, `num_column3`, `date_column1`, `date_column2`, `date_column3`, `active_flag`, `create_by`, `create_date`, `last_update_by`, `last_update_date`) VALUES ('1384757209894567939', '100', '500001', '1383225791590776835', NULL, NULL, NULL, NULL, NULL, NULL, NULL, NULL, NULL, NULL, NULL, NULL, NULL, NULL, 'Y', '1003', '2021-04-21 14:33:41', '1003', '2021-04-21 14:33:41');
INSERT INTO `role_privileges` (`role_privilege_id`, `tenant_id`, `role_id`, `entity_privilege_id`, `text_column1`, `text_column2`, `text_column3`, `text_column4`, `text_column5`, `int_column1`, `int_column2`, `int_column3`, `num_column1`, `num_column2`, `num_column3`, `date_column1`, `date_column2`, `date_column3`, `active_flag`, `create_by`, `create_date`, `last_update_by`, `last_update_date`) VALUES ('1384757297278697472', '100', '500001', '1384718859246583808', NULL, NULL, NULL, NULL, NULL, NULL, NULL, NULL, NULL, NULL, NULL, NULL, NULL, NULL, 'Y', '1003', '2021-04-21 14:34:01', '1003', '2021-04-21 14:34:01');
INSERT INTO `role_privileges` (`role_privilege_id`, `tenant_id`, `role_id`, `entity_privilege_id`, `text_column1`, `text_column2`, `text_column3`, `text_column4`, `text_column5`, `int_column1`, `int_column2`, `int_column3`, `num_column1`, `num_column2`, `num_column3`, `date_column1`, `date_column2`, `date_column3`, `active_flag`, `create_by`, `create_date`, `last_update_by`, `last_update_date`) VALUES ('1384757297278697473', '100', '500001', '1384718859246583809', NULL, NULL, NULL, NULL, NULL, NULL, NULL, NULL, NULL, NULL, NULL, NULL, NULL, NULL, 'Y', '1003', '2021-04-21 14:34:01', '1003', '2021-04-21 14:34:01');
INSERT INTO `role_privileges` (`role_privilege_id`, `tenant_id`, `role_id`, `entity_privilege_id`, `text_column1`, `text_column2`, `text_column3`, `text_column4`, `text_column5`, `int_column1`, `int_column2`, `int_column3`, `num_column1`, `num_column2`, `num_column3`, `date_column1`, `date_column2`, `date_column3`, `active_flag`, `create_by`, `create_date`, `last_update_by`, `last_update_date`) VALUES ('1384757297278697474', '100', '500001', '1384718859246583810', NULL, NULL, NULL, NULL, NULL, NULL, NULL, NULL, NULL, NULL, NULL, NULL, NULL, NULL, 'Y', '1003', '2021-04-21 14:34:01', '1003', '2021-04-21 14:34:01');
INSERT INTO `role_privileges` (`role_privilege_id`, `tenant_id`, `role_id`, `entity_privilege_id`, `text_column1`, `text_column2`, `text_column3`, `text_column4`, `text_column5`, `int_column1`, `int_column2`, `int_column3`, `num_column1`, `num_column2`, `num_column3`, `date_column1`, `date_column2`, `date_column3`, `active_flag`, `create_by`, `create_date`, `last_update_by`, `last_update_date`) VALUES ('1384757297278697475', '100', '500001', '1384718859246583811', NULL, NULL, NULL, NULL, NULL, NULL, NULL, NULL, NULL, NULL, NULL, NULL, NULL, NULL, 'Y', '1003', '2021-04-21 14:34:01', '1003', '2021-04-21 14:34:01');
INSERT INTO `role_privileges` (`role_privilege_id`, `tenant_id`, `role_id`, `entity_privilege_id`, `text_column1`, `text_column2`, `text_column3`, `text_column4`, `text_column5`, `int_column1`, `int_column2`, `int_column3`, `num_column1`, `num_column2`, `num_column3`, `date_column1`, `date_column2`, `date_column3`, `active_flag`, `create_by`, `create_date`, `last_update_by`, `last_update_date`) VALUES ('1384757412798218240', '100', '500001', '1384718860584566784', NULL, NULL, NULL, NULL, NULL, NULL, NULL, NULL, NULL, NULL, NULL, NULL, NULL, NULL, 'Y', '1003', '2021-04-21 14:34:29', '1003', '2021-04-21 14:34:29');
INSERT INTO `role_privileges` (`role_privilege_id`, `tenant_id`, `role_id`, `entity_privilege_id`, `text_column1`, `text_column2`, `text_column3`, `text_column4`, `text_column5`, `int_column1`, `int_column2`, `int_column3`, `num_column1`, `num_column2`, `num_column3`, `date_column1`, `date_column2`, `date_column3`, `active_flag`, `create_by`, `create_date`, `last_update_by`, `last_update_date`) VALUES ('1384757412798218241', '100', '500001', '1384718860584566785', NULL, NULL, NULL, NULL, NULL, NULL, NULL, NULL, NULL, NULL, NULL, NULL, NULL, NULL, 'Y', '1003', '2021-04-21 14:34:29', '1003', '2021-04-21 14:34:29');
INSERT INTO `role_privileges` (`role_privilege_id`, `tenant_id`, `role_id`, `entity_privilege_id`, `text_column1`, `text_column2`, `text_column3`, `text_column4`, `text_column5`, `int_column1`, `int_column2`, `int_column3`, `num_column1`, `num_column2`, `num_column3`, `date_column1`, `date_column2`, `date_column3`, `active_flag`, `create_by`, `create_date`, `last_update_by`, `last_update_date`) VALUES ('1384757412798218242', '100', '500001', '1384718860584566786', NULL, NULL, NULL, NULL, NULL, NULL, NULL, NULL, NULL, NULL, NULL, NULL, NULL, NULL, 'Y', '1003', '2021-04-21 14:34:29', '1003', '2021-04-21 14:34:29');
INSERT INTO `role_privileges` (`role_privilege_id`, `tenant_id`, `role_id`, `entity_privilege_id`, `text_column1`, `text_column2`, `text_column3`, `text_column4`, `text_column5`, `int_column1`, `int_column2`, `int_column3`, `num_column1`, `num_column2`, `num_column3`, `date_column1`, `date_column2`, `date_column3`, `active_flag`, `create_by`, `create_date`, `last_update_by`, `last_update_date`) VALUES ('1384757412798218243', '100', '500001', '1384718860584566787', NULL, NULL, NULL, NULL, NULL, NULL, NULL, NULL, NULL, NULL, NULL, NULL, NULL, NULL, 'Y', '1003', '2021-04-21 14:34:29', '1003', '2021-04-21 14:34:29');
INSERT INTO `role_privileges` (`role_privilege_id`, `tenant_id`, `role_id`, `entity_privilege_id`, `text_column1`, `text_column2`, `text_column3`, `text_column4`, `text_column5`, `int_column1`, `int_column2`, `int_column3`, `num_column1`, `num_column2`, `num_column3`, `date_column1`, `date_column2`, `date_column3`, `active_flag`, `create_by`, `create_date`, `last_update_by`, `last_update_date`) VALUES ('1384757488673177600', '100', '500001', '1384718861960298496', NULL, NULL, NULL, NULL, NULL, NULL, NULL, NULL, NULL, NULL, NULL, NULL, NULL, NULL, 'Y', '1003', '2021-04-21 14:34:47', '1003', '2021-04-21 14:34:47');
INSERT INTO `role_privileges` (`role_privilege_id`, `tenant_id`, `role_id`, `entity_privilege_id`, `text_column1`, `text_column2`, `text_column3`, `text_column4`, `text_column5`, `int_column1`, `int_column2`, `int_column3`, `num_column1`, `num_column2`, `num_column3`, `date_column1`, `date_column2`, `date_column3`, `active_flag`, `create_by`, `create_date`, `last_update_by`, `last_update_date`) VALUES ('1384757488673177601', '100', '500001', '1384718861960298497', NULL, NULL, NULL, NULL, NULL, NULL, NULL, NULL, NULL, NULL, NULL, NULL, NULL, NULL, 'Y', '1003', '2021-04-21 14:34:47', '1003', '2021-04-21 14:34:47');
INSERT INTO `role_privileges` (`role_privilege_id`, `tenant_id`, `role_id`, `entity_privilege_id`, `text_column1`, `text_column2`, `text_column3`, `text_column4`, `text_column5`, `int_column1`, `int_column2`, `int_column3`, `num_column1`, `num_column2`, `num_column3`, `date_column1`, `date_column2`, `date_column3`, `active_flag`, `create_by`, `create_date`, `last_update_by`, `last_update_date`) VALUES ('1384757488673177602', '100', '500001', '1384718861960298498', NULL, NULL, NULL, NULL, NULL, NULL, NULL, NULL, NULL, NULL, NULL, NULL, NULL, NULL, 'Y', '1003', '2021-04-21 14:34:47', '1003', '2021-04-21 14:34:47');
INSERT INTO `role_privileges` (`role_privilege_id`, `tenant_id`, `role_id`, `entity_privilege_id`, `text_column1`, `text_column2`, `text_column3`, `text_column4`, `text_column5`, `int_column1`, `int_column2`, `int_column3`, `num_column1`, `num_column2`, `num_column3`, `date_column1`, `date_column2`, `date_column3`, `active_flag`, `create_by`, `create_date`, `last_update_by`, `last_update_date`) VALUES ('1384757488673177603', '100', '500001', '1384718861960298499', NULL, NULL, NULL, NULL, NULL, NULL, NULL, NULL, NULL, NULL, NULL, NULL, NULL, NULL, 'Y', '1003', '2021-04-21 14:34:47', '1003', '2021-04-21 14:34:47');

commit;
