INSERT INTO `entity_privileges` (`entity_privilege_id`, `tenant_id`, `md_entity_id`, `entity_type`, `privilege_type`, `privilege_code`, `ent_privilege_desc`, `text_column1`, `text_column2`, `text_column3`, `text_column4`, `text_column5`, `int_column1`, `int_column2`, `int_column3`, `num_column1`, `num_column2`, `num_column3`, `date_column1`, `date_column2`, `date_column3`, `active_flag`, `create_by`, `create_date`, `last_update_by`, `last_update_date`, `public_flag`) VALUES ('1384773917233463296', '100', '30043', 'Entity', 'CREATE', 'CREATE:30043:通用日期型索引表', 'CREATE:30043:通用日期型索引表', NULL, NULL, NULL, NULL, NULL, NULL, NULL, NULL, NULL, NULL, NULL, NULL, NULL, NULL, 'Y', '1003', '2021-04-21 15:40:04', '1003', '2021-04-21 15:40:04', 'Y');
INSERT INTO `entity_privileges` (`entity_privilege_id`, `tenant_id`, `md_entity_id`, `entity_type`, `privilege_type`, `privilege_code`, `ent_privilege_desc`, `text_column1`, `text_column2`, `text_column3`, `text_column4`, `text_column5`, `int_column1`, `int_column2`, `int_column3`, `num_column1`, `num_column2`, `num_column3`, `date_column1`, `date_column2`, `date_column3`, `active_flag`, `create_by`, `create_date`, `last_update_by`, `last_update_date`, `public_flag`) VALUES ('1384773917233463297', '100', '30043', 'Entity', 'UPDATE', 'UPDATE:30043:通用日期型索引表', 'UPDATE:30043:通用日期型索引表', NULL, NULL, NULL, NULL, NULL, NULL, NULL, NULL, NULL, NULL, NULL, NULL, NULL, NULL, 'Y', '1003', '2021-04-21 15:40:04', '1003', '2021-04-21 15:40:04', 'Y');
INSERT INTO `entity_privileges` (`entity_privilege_id`, `tenant_id`, `md_entity_id`, `entity_type`, `privilege_type`, `privilege_code`, `ent_privilege_desc`, `text_column1`, `text_column2`, `text_column3`, `text_column4`, `text_column5`, `int_column1`, `int_column2`, `int_column3`, `num_column1`, `num_column2`, `num_column3`, `date_column1`, `date_column2`, `date_column3`, `active_flag`, `create_by`, `create_date`, `last_update_by`, `last_update_date`, `public_flag`) VALUES ('1384773917233463298', '100', '30043', 'Entity', 'READ', 'READ:30043:通用日期型索引表', 'READ:30043:通用日期型索引表', NULL, NULL, NULL, NULL, NULL, NULL, NULL, NULL, NULL, NULL, NULL, NULL, NULL, NULL, 'Y', '1003', '2021-04-21 15:40:04', '1003', '2021-04-21 15:40:04', 'Y');
INSERT INTO `entity_privileges` (`entity_privilege_id`, `tenant_id`, `md_entity_id`, `entity_type`, `privilege_type`, `privilege_code`, `ent_privilege_desc`, `text_column1`, `text_column2`, `text_column3`, `text_column4`, `text_column5`, `int_column1`, `int_column2`, `int_column3`, `num_column1`, `num_column2`, `num_column3`, `date_column1`, `date_column2`, `date_column3`, `active_flag`, `create_by`, `create_date`, `last_update_by`, `last_update_date`, `public_flag`) VALUES ('1384773917233463299', '100', '30043', 'Entity', 'DELETE', 'DELETE:30043:通用日期型索引表', 'DELETE:30043:通用日期型索引表', NULL, NULL, NULL, NULL, NULL, NULL, NULL, NULL, NULL, NULL, NULL, NULL, NULL, NULL, 'Y', '1003', '2021-04-21 15:40:04', '1003', '2021-04-21 15:40:04', 'Y');
INSERT INTO `entity_privileges` (`entity_privilege_id`, `tenant_id`, `md_entity_id`, `entity_type`, `privilege_type`, `privilege_code`, `ent_privilege_desc`, `text_column1`, `text_column2`, `text_column3`, `text_column4`, `text_column5`, `int_column1`, `int_column2`, `int_column3`, `num_column1`, `num_column2`, `num_column3`, `date_column1`, `date_column2`, `date_column3`, `active_flag`, `create_by`, `create_date`, `last_update_by`, `last_update_date`, `public_flag`) VALUES ('1384773917233463300', '100', '30044', 'Entity', 'CREATE', 'CREATE:30044:通用数值型索引表', 'CREATE:30044:通用数值型索引表', NULL, NULL, NULL, NULL, NULL, NULL, NULL, NULL, NULL, NULL, NULL, NULL, NULL, NULL, 'Y', '1003', '2021-04-21 15:40:04', '1003', '2021-04-21 15:40:04', 'Y');
INSERT INTO `entity_privileges` (`entity_privilege_id`, `tenant_id`, `md_entity_id`, `entity_type`, `privilege_type`, `privilege_code`, `ent_privilege_desc`, `text_column1`, `text_column2`, `text_column3`, `text_column4`, `text_column5`, `int_column1`, `int_column2`, `int_column3`, `num_column1`, `num_column2`, `num_column3`, `date_column1`, `date_column2`, `date_column3`, `active_flag`, `create_by`, `create_date`, `last_update_by`, `last_update_date`, `public_flag`) VALUES ('1384773917233463301', '100', '30044', 'Entity', 'UPDATE', 'UPDATE:30044:通用数值型索引表', 'UPDATE:30044:通用数值型索引表', NULL, NULL, NULL, NULL, NULL, NULL, NULL, NULL, NULL, NULL, NULL, NULL, NULL, NULL, 'Y', '1003', '2021-04-21 15:40:04', '1003', '2021-04-21 15:40:04', 'Y');
INSERT INTO `entity_privileges` (`entity_privilege_id`, `tenant_id`, `md_entity_id`, `entity_type`, `privilege_type`, `privilege_code`, `ent_privilege_desc`, `text_column1`, `text_column2`, `text_column3`, `text_column4`, `text_column5`, `int_column1`, `int_column2`, `int_column3`, `num_column1`, `num_column2`, `num_column3`, `date_column1`, `date_column2`, `date_column3`, `active_flag`, `create_by`, `create_date`, `last_update_by`, `last_update_date`, `public_flag`) VALUES ('1384773917233463302', '100', '30044', 'Entity', 'READ', 'READ:30044:通用数值型索引表', 'READ:30044:通用数值型索引表', NULL, NULL, NULL, NULL, NULL, NULL, NULL, NULL, NULL, NULL, NULL, NULL, NULL, NULL, 'Y', '1003', '2021-04-21 15:40:04', '1003', '2021-04-21 15:40:04', 'Y');
INSERT INTO `entity_privileges` (`entity_privilege_id`, `tenant_id`, `md_entity_id`, `entity_type`, `privilege_type`, `privilege_code`, `ent_privilege_desc`, `text_column1`, `text_column2`, `text_column3`, `text_column4`, `text_column5`, `int_column1`, `int_column2`, `int_column3`, `num_column1`, `num_column2`, `num_column3`, `date_column1`, `date_column2`, `date_column3`, `active_flag`, `create_by`, `create_date`, `last_update_by`, `last_update_date`, `public_flag`) VALUES ('1384773917233463303', '100', '30044', 'Entity', 'DELETE', 'DELETE:30044:通用数值型索引表', 'DELETE:30044:通用数值型索引表', NULL, NULL, NULL, NULL, NULL, NULL, NULL, NULL, NULL, NULL, NULL, NULL, NULL, NULL, 'Y', '1003', '2021-04-21 15:40:04', '1003', '2021-04-21 15:40:04', 'Y');
INSERT INTO `entity_privileges` (`entity_privilege_id`, `tenant_id`, `md_entity_id`, `entity_type`, `privilege_type`, `privilege_code`, `ent_privilege_desc`, `text_column1`, `text_column2`, `text_column3`, `text_column4`, `text_column5`, `int_column1`, `int_column2`, `int_column3`, `num_column1`, `num_column2`, `num_column3`, `date_column1`, `date_column2`, `date_column3`, `active_flag`, `create_by`, `create_date`, `last_update_by`, `last_update_date`, `public_flag`) VALUES ('1384773917233463304', '100', '30045', 'Entity', 'CREATE', 'CREATE:30045:通用整型索引表', 'CREATE:30045:通用整型索引表', NULL, NULL, NULL, NULL, NULL, NULL, NULL, NULL, NULL, NULL, NULL, NULL, NULL, NULL, 'Y', '1003', '2021-04-21 15:40:04', '1003', '2021-04-21 15:40:04', 'Y');
INSERT INTO `entity_privileges` (`entity_privilege_id`, `tenant_id`, `md_entity_id`, `entity_type`, `privilege_type`, `privilege_code`, `ent_privilege_desc`, `text_column1`, `text_column2`, `text_column3`, `text_column4`, `text_column5`, `int_column1`, `int_column2`, `int_column3`, `num_column1`, `num_column2`, `num_column3`, `date_column1`, `date_column2`, `date_column3`, `active_flag`, `create_by`, `create_date`, `last_update_by`, `last_update_date`, `public_flag`) VALUES ('1384773917233463305', '100', '30045', 'Entity', 'UPDATE', 'UPDATE:30045:通用整型索引表', 'UPDATE:30045:通用整型索引表', NULL, NULL, NULL, NULL, NULL, NULL, NULL, NULL, NULL, NULL, NULL, NULL, NULL, NULL, 'Y', '1003', '2021-04-21 15:40:04', '1003', '2021-04-21 15:40:04', 'Y');
INSERT INTO `entity_privileges` (`entity_privilege_id`, `tenant_id`, `md_entity_id`, `entity_type`, `privilege_type`, `privilege_code`, `ent_privilege_desc`, `text_column1`, `text_column2`, `text_column3`, `text_column4`, `text_column5`, `int_column1`, `int_column2`, `int_column3`, `num_column1`, `num_column2`, `num_column3`, `date_column1`, `date_column2`, `date_column3`, `active_flag`, `create_by`, `create_date`, `last_update_by`, `last_update_date`, `public_flag`) VALUES ('1384773917233463306', '100', '30045', 'Entity', 'READ', 'READ:30045:通用整型索引表', 'READ:30045:通用整型索引表', NULL, NULL, NULL, NULL, NULL, NULL, NULL, NULL, NULL, NULL, NULL, NULL, NULL, NULL, 'Y', '1003', '2021-04-21 15:40:04', '1003', '2021-04-21 15:40:04', 'Y');
INSERT INTO `entity_privileges` (`entity_privilege_id`, `tenant_id`, `md_entity_id`, `entity_type`, `privilege_type`, `privilege_code`, `ent_privilege_desc`, `text_column1`, `text_column2`, `text_column3`, `text_column4`, `text_column5`, `int_column1`, `int_column2`, `int_column3`, `num_column1`, `num_column2`, `num_column3`, `date_column1`, `date_column2`, `date_column3`, `active_flag`, `create_by`, `create_date`, `last_update_by`, `last_update_date`, `public_flag`) VALUES ('1384773917233463307', '100', '30045', 'Entity', 'DELETE', 'DELETE:30045:通用整型索引表', 'DELETE:30045:通用整型索引表', NULL, NULL, NULL, NULL, NULL, NULL, NULL, NULL, NULL, NULL, NULL, NULL, NULL, NULL, 'Y', '1003', '2021-04-21 15:40:04', '1003', '2021-04-21 15:40:04', 'Y');


INSERT INTO `role_privileges` (`role_privilege_id`, `tenant_id`, `role_id`, `entity_privilege_id`, `text_column1`, `text_column2`, `text_column3`, `text_column4`, `text_column5`, `int_column1`, `int_column2`, `int_column3`, `num_column1`, `num_column2`, `num_column3`, `date_column1`, `date_column2`, `date_column3`, `active_flag`, `create_by`, `create_date`, `last_update_by`, `last_update_date`) VALUES ('1384774773592899584', '100', '500001', '1384773917233463296', NULL, NULL, NULL, NULL, NULL, NULL, NULL, NULL, NULL, NULL, NULL, NULL, NULL, NULL, 'Y', '1003', '2021-04-21 15:43:28', '1003', '2021-04-21 15:43:28');
INSERT INTO `role_privileges` (`role_privilege_id`, `tenant_id`, `role_id`, `entity_privilege_id`, `text_column1`, `text_column2`, `text_column3`, `text_column4`, `text_column5`, `int_column1`, `int_column2`, `int_column3`, `num_column1`, `num_column2`, `num_column3`, `date_column1`, `date_column2`, `date_column3`, `active_flag`, `create_by`, `create_date`, `last_update_by`, `last_update_date`) VALUES ('1384774773592899585', '100', '500001', '1384773917233463297', NULL, NULL, NULL, NULL, NULL, NULL, NULL, NULL, NULL, NULL, NULL, NULL, NULL, NULL, 'Y', '1003', '2021-04-21 15:43:28', '1003', '2021-04-21 15:43:28');
INSERT INTO `role_privileges` (`role_privilege_id`, `tenant_id`, `role_id`, `entity_privilege_id`, `text_column1`, `text_column2`, `text_column3`, `text_column4`, `text_column5`, `int_column1`, `int_column2`, `int_column3`, `num_column1`, `num_column2`, `num_column3`, `date_column1`, `date_column2`, `date_column3`, `active_flag`, `create_by`, `create_date`, `last_update_by`, `last_update_date`) VALUES ('1384774773592899586', '100', '500001', '1384773917233463298', NULL, NULL, NULL, NULL, NULL, NULL, NULL, NULL, NULL, NULL, NULL, NULL, NULL, NULL, 'Y', '1003', '2021-04-21 15:43:28', '1003', '2021-04-21 15:43:28');
INSERT INTO `role_privileges` (`role_privilege_id`, `tenant_id`, `role_id`, `entity_privilege_id`, `text_column1`, `text_column2`, `text_column3`, `text_column4`, `text_column5`, `int_column1`, `int_column2`, `int_column3`, `num_column1`, `num_column2`, `num_column3`, `date_column1`, `date_column2`, `date_column3`, `active_flag`, `create_by`, `create_date`, `last_update_by`, `last_update_date`) VALUES ('1384774773592899587', '100', '500001', '1384773917233463299', NULL, NULL, NULL, NULL, NULL, NULL, NULL, NULL, NULL, NULL, NULL, NULL, NULL, NULL, 'Y', '1003', '2021-04-21 15:43:28', '1003', '2021-04-21 15:43:28');
INSERT INTO `role_privileges` (`role_privilege_id`, `tenant_id`, `role_id`, `entity_privilege_id`, `text_column1`, `text_column2`, `text_column3`, `text_column4`, `text_column5`, `int_column1`, `int_column2`, `int_column3`, `num_column1`, `num_column2`, `num_column3`, `date_column1`, `date_column2`, `date_column3`, `active_flag`, `create_by`, `create_date`, `last_update_by`, `last_update_date`) VALUES ('1384774859970396160', '100', '500001', '1384773917233463300', NULL, NULL, NULL, NULL, NULL, NULL, NULL, NULL, NULL, NULL, NULL, NULL, NULL, NULL, 'Y', '1003', '2021-04-21 15:43:49', '1003', '2021-04-21 15:43:49');
INSERT INTO `role_privileges` (`role_privilege_id`, `tenant_id`, `role_id`, `entity_privilege_id`, `text_column1`, `text_column2`, `text_column3`, `text_column4`, `text_column5`, `int_column1`, `int_column2`, `int_column3`, `num_column1`, `num_column2`, `num_column3`, `date_column1`, `date_column2`, `date_column3`, `active_flag`, `create_by`, `create_date`, `last_update_by`, `last_update_date`) VALUES ('1384774859970396161', '100', '500001', '1384773917233463301', NULL, NULL, NULL, NULL, NULL, NULL, NULL, NULL, NULL, NULL, NULL, NULL, NULL, NULL, 'Y', '1003', '2021-04-21 15:43:49', '1003', '2021-04-21 15:43:49');
INSERT INTO `role_privileges` (`role_privilege_id`, `tenant_id`, `role_id`, `entity_privilege_id`, `text_column1`, `text_column2`, `text_column3`, `text_column4`, `text_column5`, `int_column1`, `int_column2`, `int_column3`, `num_column1`, `num_column2`, `num_column3`, `date_column1`, `date_column2`, `date_column3`, `active_flag`, `create_by`, `create_date`, `last_update_by`, `last_update_date`) VALUES ('1384774859970396162', '100', '500001', '1384773917233463302', NULL, NULL, NULL, NULL, NULL, NULL, NULL, NULL, NULL, NULL, NULL, NULL, NULL, NULL, 'Y', '1003', '2021-04-21 15:43:49', '1003', '2021-04-21 15:43:49');
INSERT INTO `role_privileges` (`role_privilege_id`, `tenant_id`, `role_id`, `entity_privilege_id`, `text_column1`, `text_column2`, `text_column3`, `text_column4`, `text_column5`, `int_column1`, `int_column2`, `int_column3`, `num_column1`, `num_column2`, `num_column3`, `date_column1`, `date_column2`, `date_column3`, `active_flag`, `create_by`, `create_date`, `last_update_by`, `last_update_date`) VALUES ('1384774859970396163', '100', '500001', '1384773917233463303', NULL, NULL, NULL, NULL, NULL, NULL, NULL, NULL, NULL, NULL, NULL, NULL, NULL, NULL, 'Y', '1003', '2021-04-21 15:43:49', '1003', '2021-04-21 15:43:49');
INSERT INTO `role_privileges` (`role_privilege_id`, `tenant_id`, `role_id`, `entity_privilege_id`, `text_column1`, `text_column2`, `text_column3`, `text_column4`, `text_column5`, `int_column1`, `int_column2`, `int_column3`, `num_column1`, `num_column2`, `num_column3`, `date_column1`, `date_column2`, `date_column3`, `active_flag`, `create_by`, `create_date`, `last_update_by`, `last_update_date`) VALUES ('1384774935417536512', '100', '500001', '1384773917233463304', NULL, NULL, NULL, NULL, NULL, NULL, NULL, NULL, NULL, NULL, NULL, NULL, NULL, NULL, 'Y', '1003', '2021-04-21 15:44:07', '1003', '2021-04-21 15:44:07');
INSERT INTO `role_privileges` (`role_privilege_id`, `tenant_id`, `role_id`, `entity_privilege_id`, `text_column1`, `text_column2`, `text_column3`, `text_column4`, `text_column5`, `int_column1`, `int_column2`, `int_column3`, `num_column1`, `num_column2`, `num_column3`, `date_column1`, `date_column2`, `date_column3`, `active_flag`, `create_by`, `create_date`, `last_update_by`, `last_update_date`) VALUES ('1384774935417536513', '100', '500001', '1384773917233463305', NULL, NULL, NULL, NULL, NULL, NULL, NULL, NULL, NULL, NULL, NULL, NULL, NULL, NULL, 'Y', '1003', '2021-04-21 15:44:07', '1003', '2021-04-21 15:44:07');
INSERT INTO `role_privileges` (`role_privilege_id`, `tenant_id`, `role_id`, `entity_privilege_id`, `text_column1`, `text_column2`, `text_column3`, `text_column4`, `text_column5`, `int_column1`, `int_column2`, `int_column3`, `num_column1`, `num_column2`, `num_column3`, `date_column1`, `date_column2`, `date_column3`, `active_flag`, `create_by`, `create_date`, `last_update_by`, `last_update_date`) VALUES ('1384774935417536514', '100', '500001', '1384773917233463306', NULL, NULL, NULL, NULL, NULL, NULL, NULL, NULL, NULL, NULL, NULL, NULL, NULL, NULL, 'Y', '1003', '2021-04-21 15:44:07', '1003', '2021-04-21 15:44:07');
INSERT INTO `role_privileges` (`role_privilege_id`, `tenant_id`, `role_id`, `entity_privilege_id`, `text_column1`, `text_column2`, `text_column3`, `text_column4`, `text_column5`, `int_column1`, `int_column2`, `int_column3`, `num_column1`, `num_column2`, `num_column3`, `date_column1`, `date_column2`, `date_column3`, `active_flag`, `create_by`, `create_date`, `last_update_by`, `last_update_date`) VALUES ('1384774935417536515', '100', '500001', '1384773917233463307', NULL, NULL, NULL, NULL, NULL, NULL, NULL, NULL, NULL, NULL, NULL, NULL, NULL, NULL, 'Y', '1003', '2021-04-21 15:44:07', '1003', '2021-04-21 15:44:07');



INSERT INTO `data_privileges` (`data_privilege_id`, `tenant_id`, `md_entity_id`, `md_entity_type`, `data_privilege_code`, `data_privilege_type`, `data_privilege_desc`, `text_column1`, `text_column2`, `text_column3`, `text_column4`, `text_column5`, `int_column1`, `int_column2`, `int_column3`, `num_column1`, `num_column2`, `num_column3`, `date_column1`, `date_column2`, `date_column3`, `active_flag`, `create_by`, `create_date`, `last_update_by`, `last_update_date`, `public_flag`) VALUES ('1384773929032040448', '100', '30043', 'Entity', '30043:通用日期型索引表', 'All', '30043:通用日期型索引表', NULL, NULL, NULL, NULL, NULL, NULL, NULL, NULL, NULL, NULL, NULL, NULL, NULL, NULL, 'Y', '1003', '2021-04-21 15:41:56', '1003', '2021-04-21 15:40:07', 'Y');
INSERT INTO `data_privileges` (`data_privilege_id`, `tenant_id`, `md_entity_id`, `md_entity_type`, `data_privilege_code`, `data_privilege_type`, `data_privilege_desc`, `text_column1`, `text_column2`, `text_column3`, `text_column4`, `text_column5`, `int_column1`, `int_column2`, `int_column3`, `num_column1`, `num_column2`, `num_column3`, `date_column1`, `date_column2`, `date_column3`, `active_flag`, `create_by`, `create_date`, `last_update_by`, `last_update_date`, `public_flag`) VALUES ('1384773929032040449', '100', '30044', 'Entity', '30044:通用数值型索引表', 'All', '30044:通用数值型索引表', NULL, NULL, NULL, NULL, NULL, NULL, NULL, NULL, NULL, NULL, NULL, NULL, NULL, NULL, 'Y', '1003', '2021-04-21 15:41:56', '1003', '2021-04-21 15:40:07', 'Y');
INSERT INTO `data_privileges` (`data_privilege_id`, `tenant_id`, `md_entity_id`, `md_entity_type`, `data_privilege_code`, `data_privilege_type`, `data_privilege_desc`, `text_column1`, `text_column2`, `text_column3`, `text_column4`, `text_column5`, `int_column1`, `int_column2`, `int_column3`, `num_column1`, `num_column2`, `num_column3`, `date_column1`, `date_column2`, `date_column3`, `active_flag`, `create_by`, `create_date`, `last_update_by`, `last_update_date`, `public_flag`) VALUES ('1384773929032040450', '100', '30045', 'Entity', '30045:通用整型索引表', 'All', '30045:通用整型索引表', NULL, NULL, NULL, NULL, NULL, NULL, NULL, NULL, NULL, NULL, NULL, NULL, NULL, NULL, 'Y', '1003', '2021-04-21 15:41:56', '1003', '2021-04-21 15:40:07', 'Y');



INSERT INTO `data_privileges_rel` (`data_privilege_rel_id`, `tenant_id`, `data_privilege_id`, `group_id`, `text_column1`, `text_column2`, `text_column3`, `text_column4`, `text_column5`, `int_column1`, `int_column2`, `int_column3`, `num_column1`, `num_column2`, `num_column3`, `date_column1`, `date_column2`, `date_column3`, `active_flag`, `create_by`, `create_date`, `last_update_by`, `last_update_date`) VALUES ('1384774776189173760', '100', '1384773929032040448', '2100002', NULL, NULL, NULL, NULL, NULL, NULL, NULL, NULL, NULL, NULL, NULL, NULL, NULL, NULL, 'Y', '1003', '2021-04-21 15:43:29', '1003', '2021-04-21 15:43:29');
INSERT INTO `data_privileges_rel` (`data_privilege_rel_id`, `tenant_id`, `data_privilege_id`, `group_id`, `text_column1`, `text_column2`, `text_column3`, `text_column4`, `text_column5`, `int_column1`, `int_column2`, `int_column3`, `num_column1`, `num_column2`, `num_column3`, `date_column1`, `date_column2`, `date_column3`, `active_flag`, `create_by`, `create_date`, `last_update_by`, `last_update_date`) VALUES ('1384774858678550528', '100', '1384773929032040449', '2100002', NULL, NULL, NULL, NULL, NULL, NULL, NULL, NULL, NULL, NULL, NULL, NULL, NULL, NULL, 'Y', '1003', '2021-04-21 15:43:48', '1003', '2021-04-21 15:43:48');
INSERT INTO `data_privileges_rel` (`data_privilege_rel_id`, `tenant_id`, `data_privilege_id`, `group_id`, `text_column1`, `text_column2`, `text_column3`, `text_column4`, `text_column5`, `int_column1`, `int_column2`, `int_column3`, `num_column1`, `num_column2`, `num_column3`, `date_column1`, `date_column2`, `date_column3`, `active_flag`, `create_by`, `create_date`, `last_update_by`, `last_update_date`) VALUES ('1384774936520638464', '100', '1384773929032040450', '2100002', NULL, NULL, NULL, NULL, NULL, NULL, NULL, NULL, NULL, NULL, NULL, NULL, NULL, NULL, 'Y', '1003', '2021-04-21 15:44:07', '1003', '2021-04-21 15:44:07');
INSERT INTO `data_privileges` (`data_privilege_id`, `tenant_id`, `md_entity_id`, `md_entity_type`, `data_privilege_code`, `data_privilege_type`, `data_privilege_desc`, `text_column1`, `text_column2`, `text_column3`, `text_column4`, `text_column5`, `int_column1`, `int_column2`, `int_column3`, `num_column1`, `num_column2`, `num_column3`, `date_column1`, `date_column2`, `date_column3`, `active_flag`, `create_by`, `create_date`, `last_update_by`, `last_update_date`, `public_flag`) VALUES ('1390937385336942592', '100', '1390937384875569152', 'Entity', '1390937384875569152:国际化/FAQ信息', 'All', '1390937384875569152:国际化/FAQ信息', NULL, NULL, NULL, NULL, NULL, NULL, NULL, NULL, NULL, NULL, NULL, NULL, NULL, NULL, 'Y', '1003', '2021-05-08 15:51:29', '1003', '2021-05-08 15:51:29', 'N');
INSERT INTO `data_privileges_rel` (`data_privilege_rel_id`, `tenant_id`, `data_privilege_id`, `group_id`, `text_column1`, `text_column2`, `text_column3`, `text_column4`, `text_column5`, `int_column1`, `int_column2`, `int_column3`, `num_column1`, `num_column2`, `num_column3`, `date_column1`, `date_column2`, `date_column3`, `active_flag`, `create_by`, `create_date`, `last_update_by`, `last_update_date`) VALUES ('1390949974339072000', '100', '1390937385336942592', '2100002', NULL, NULL, NULL, NULL, NULL, NULL, NULL, NULL, NULL, NULL, NULL, NULL, NULL, NULL, 'Y', '1003', '2021-05-08 16:41:31', '1003', '2021-05-08 16:41:31');
INSERT INTO `entity_privileges` (`entity_privilege_id`, `tenant_id`, `md_entity_id`, `entity_type`, `privilege_type`, `privilege_code`, `ent_privilege_desc`, `text_column1`, `text_column2`, `text_column3`, `text_column4`, `text_column5`, `int_column1`, `int_column2`, `int_column3`, `num_column1`, `num_column2`, `num_column3`, `date_column1`, `date_column2`, `date_column3`, `active_flag`, `create_by`, `create_date`, `last_update_by`, `last_update_date`, `public_flag`) VALUES ('1390937385093672960', '100', '1390937384875569152', 'Entity', 'CREATE', 'CREATE:1390937384875569152:国际化/FAQ信息', 'CREATE:1390937384875569152:国际化/FAQ信息', NULL, NULL, NULL, NULL, NULL, NULL, NULL, NULL, NULL, NULL, NULL, NULL, NULL, NULL, 'Y', '1003', '2021-05-08 15:51:29', '1003', '2021-05-08 15:51:29', 'N');
INSERT INTO `entity_privileges` (`entity_privilege_id`, `tenant_id`, `md_entity_id`, `entity_type`, `privilege_type`, `privilege_code`, `ent_privilege_desc`, `text_column1`, `text_column2`, `text_column3`, `text_column4`, `text_column5`, `int_column1`, `int_column2`, `int_column3`, `num_column1`, `num_column2`, `num_column3`, `date_column1`, `date_column2`, `date_column3`, `active_flag`, `create_by`, `create_date`, `last_update_by`, `last_update_date`, `public_flag`) VALUES ('1390937385093672961', '100', '1390937384875569152', 'Entity', 'UPDATE', 'UPDATE:1390937384875569152:国际化/FAQ信息', 'UPDATE:1390937384875569152:国际化/FAQ信息', NULL, NULL, NULL, NULL, NULL, NULL, NULL, NULL, NULL, NULL, NULL, NULL, NULL, NULL, 'Y', '1003', '2021-05-08 15:51:29', '1003', '2021-05-08 15:51:29', 'N');
INSERT INTO `entity_privileges` (`entity_privilege_id`, `tenant_id`, `md_entity_id`, `entity_type`, `privilege_type`, `privilege_code`, `ent_privilege_desc`, `text_column1`, `text_column2`, `text_column3`, `text_column4`, `text_column5`, `int_column1`, `int_column2`, `int_column3`, `num_column1`, `num_column2`, `num_column3`, `date_column1`, `date_column2`, `date_column3`, `active_flag`, `create_by`, `create_date`, `last_update_by`, `last_update_date`, `public_flag`) VALUES ('1390937385093672962', '100', '1390937384875569152', 'Entity', 'READ', 'READ:1390937384875569152:国际化/FAQ信息', 'READ:1390937384875569152:国际化/FAQ信息', NULL, NULL, NULL, NULL, NULL, NULL, NULL, NULL, NULL, NULL, NULL, NULL, NULL, NULL, 'Y', '1003', '2021-05-08 15:51:29', '1003', '2021-05-08 15:51:29', 'N');
INSERT INTO `entity_privileges` (`entity_privilege_id`, `tenant_id`, `md_entity_id`, `entity_type`, `privilege_type`, `privilege_code`, `ent_privilege_desc`, `text_column1`, `text_column2`, `text_column3`, `text_column4`, `text_column5`, `int_column1`, `int_column2`, `int_column3`, `num_column1`, `num_column2`, `num_column3`, `date_column1`, `date_column2`, `date_column3`, `active_flag`, `create_by`, `create_date`, `last_update_by`, `last_update_date`, `public_flag`) VALUES ('1390937385093672963', '100', '1390937384875569152', 'Entity', 'DELETE', 'DELETE:1390937384875569152:国际化/FAQ信息', 'DELETE:1390937384875569152:国际化/FAQ信息', NULL, NULL, NULL, NULL, NULL, NULL, NULL, NULL, NULL, NULL, NULL, NULL, NULL, NULL, 'Y', '1003', '2021-05-08 15:51:29', '1003', '2021-05-08 15:51:29', 'N');
INSERT INTO `role_privileges` (`role_privilege_id`, `tenant_id`, `role_id`, `entity_privilege_id`, `text_column1`, `text_column2`, `text_column3`, `text_column4`, `text_column5`, `int_column1`, `int_column2`, `int_column3`, `num_column1`, `num_column2`, `num_column3`, `date_column1`, `date_column2`, `date_column3`, `active_flag`, `create_by`, `create_date`, `last_update_by`, `last_update_date`) VALUES ('1390949973022060544', '100', '500001', '1390937385093672960', NULL, NULL, NULL, NULL, NULL, NULL, NULL, NULL, NULL, NULL, NULL, NULL, NULL, NULL, 'Y', '1003', '2021-05-08 16:41:30', '1003', '2021-05-08 16:41:30');
INSERT INTO `role_privileges` (`role_privilege_id`, `tenant_id`, `role_id`, `entity_privilege_id`, `text_column1`, `text_column2`, `text_column3`, `text_column4`, `text_column5`, `int_column1`, `int_column2`, `int_column3`, `num_column1`, `num_column2`, `num_column3`, `date_column1`, `date_column2`, `date_column3`, `active_flag`, `create_by`, `create_date`, `last_update_by`, `last_update_date`) VALUES ('1390949973022060545', '100', '500001', '1390937385093672961', NULL, NULL, NULL, NULL, NULL, NULL, NULL, NULL, NULL, NULL, NULL, NULL, NULL, NULL, 'Y', '1003', '2021-05-08 16:41:30', '1003', '2021-05-08 16:41:30');
INSERT INTO `role_privileges` (`role_privilege_id`, `tenant_id`, `role_id`, `entity_privilege_id`, `text_column1`, `text_column2`, `text_column3`, `text_column4`, `text_column5`, `int_column1`, `int_column2`, `int_column3`, `num_column1`, `num_column2`, `num_column3`, `date_column1`, `date_column2`, `date_column3`, `active_flag`, `create_by`, `create_date`, `last_update_by`, `last_update_date`) VALUES ('1390949973022060546', '100', '500001', '1390937385093672962', NULL, NULL, NULL, NULL, NULL, NULL, NULL, NULL, NULL, NULL, NULL, NULL, NULL, NULL, 'Y', '1003', '2021-05-08 16:41:30', '1003', '2021-05-08 16:41:30');
INSERT INTO `role_privileges` (`role_privilege_id`, `tenant_id`, `role_id`, `entity_privilege_id`, `text_column1`, `text_column2`, `text_column3`, `text_column4`, `text_column5`, `int_column1`, `int_column2`, `int_column3`, `num_column1`, `num_column2`, `num_column3`, `date_column1`, `date_column2`, `date_column3`, `active_flag`, `create_by`, `create_date`, `last_update_by`, `last_update_date`) VALUES ('1390949973022060547', '100', '500001', '1390937385093672963', NULL, NULL, NULL, NULL, NULL, NULL, NULL, NULL, NULL, NULL, NULL, NULL, NULL, NULL, 'Y', '1003', '2021-05-08 16:41:30', '1003', '2021-05-08 16:41:30');
commit;
