INSERT INTO `demo`.`md_tables` (`md_tables_id`, `tenant_id`, `database_id`, `schema_code`, `md_tables_name`, `md_tables_desc`, `public_flag`, `text_column1`, `text_column2`, `text_column3`, `text_column4`, `text_column5`, `int_column1`, `int_column2`, `int_column3`, `num_column1`, `num_column2`, `num_column3`, `date_column1`, `date_column2`, `date_column3`, `active_flag`, `create_by`, `create_date`, `last_update_by`, `last_update_date`) VALUES ('1384718124261916672', '100', 'mysql', 'test', 'ui_entity_rel', 'UI模板和实体关系', 'Y', NULL, NULL, NULL, NULL, NULL, NULL, NULL, NULL, NULL, NULL, NULL, NULL, NULL, NULL, 'Y', '1003', '2021-04-21 11:58:22', '1003', '2021-04-21 11:58:22');
INSERT INTO `demo`.`md_tables` (`md_tables_id`, `tenant_id`, `database_id`, `schema_code`, `md_tables_name`, `md_tables_desc`, `public_flag`, `text_column1`, `text_column2`, `text_column3`, `text_column4`, `text_column5`, `int_column1`, `int_column2`, `int_column3`, `num_column1`, `num_column2`, `num_column3`, `date_column1`, `date_column2`, `date_column3`, `active_flag`, `create_by`, `create_date`, `last_update_by`, `last_update_date`) VALUES ('1384718124786204672', '100', 'mysql', 'test', 'ui_fields', 'UI属性', 'Y', NULL, NULL, NULL, NULL, NULL, NULL, NULL, NULL, NULL, NULL, NULL, NULL, NULL, NULL, 'Y', '1003', '2021-04-21 11:58:22', '1003', '2021-04-21 11:58:22');
INSERT INTO `demo`.`md_tables` (`md_tables_id`, `tenant_id`, `database_id`, `schema_code`, `md_tables_name`, `md_tables_desc`, `public_flag`, `text_column1`, `text_column2`, `text_column3`, `text_column4`, `text_column5`, `int_column1`, `int_column2`, `int_column3`, `num_column1`, `num_column2`, `num_column3`, `date_column1`, `date_column2`, `date_column3`, `active_flag`, `create_by`, `create_date`, `last_update_by`, `last_update_date`) VALUES ('1384718125323075584', '100', 'mysql', 'test', 'ui_template', 'UI页面模板', 'Y', NULL, NULL, NULL, NULL, NULL, NULL, NULL, NULL, NULL, NULL, NULL, NULL, NULL, NULL, 'Y', '1003', '2021-04-21 11:58:22', '1003', '2021-04-21 11:58:22');
INSERT INTO `demo`.`md_columns` (`md_columns_id`, `tenant_id`, `md_columns_name`, `md_columns_type`, `md_columns_length`, `md_dec_length`, `is_cols_null`, `md_columns_desc`, `is_key`, `public_flag`, `active_flag`, `md_tables_id`, `create_by`, `create_date`, `last_update_by`, `last_update_date`) VALUES ('1384718124471631872', '100', 'ui_entity_rel_id', 'bigint', '19', '0', 'N', 'UI模板和实体关系ID', 'Y', 'Y', 'Y', '1384718124261916672', '1003', '2021-04-21 11:58:22', '1003', '2021-04-21 11:58:22');
INSERT INTO `demo`.`md_columns` (`md_columns_id`, `tenant_id`, `md_columns_name`, `md_columns_type`, `md_columns_length`, `md_dec_length`, `is_cols_null`, `md_columns_desc`, `is_key`, `public_flag`, `active_flag`, `md_tables_id`, `create_by`, `create_date`, `last_update_by`, `last_update_date`) VALUES ('1384718124471631873', '100', 'ui_template_id', 'bigint', '19', '0', 'N', 'UI模板ID', 'N', 'Y', 'Y', '1384718124261916672', '1003', '2021-04-21 11:58:22', '1003', '2021-04-21 11:58:22');
INSERT INTO `demo`.`md_columns` (`md_columns_id`, `tenant_id`, `md_columns_name`, `md_columns_type`, `md_columns_length`, `md_dec_length`, `is_cols_null`, `md_columns_desc`, `is_key`, `public_flag`, `active_flag`, `md_tables_id`, `create_by`, `create_date`, `last_update_by`, `last_update_date`) VALUES ('1384718124471631874', '100', 'tenant_id', 'bigint', '19', '0', 'N', '租户ID', 'N', 'Y', 'Y', '1384718124261916672', '1003', '2021-04-21 11:58:22', '1003', '2021-04-21 11:58:22');
INSERT INTO `demo`.`md_columns` (`md_columns_id`, `tenant_id`, `md_columns_name`, `md_columns_type`, `md_columns_length`, `md_dec_length`, `is_cols_null`, `md_columns_desc`, `is_key`, `public_flag`, `active_flag`, `md_tables_id`, `create_by`, `create_date`, `last_update_by`, `last_update_date`) VALUES ('1384718124471631875', '100', 'entity_type', 'varchar', '200', NULL, 'N', '实体类型，Entity、View', 'N', 'Y', 'Y', '1384718124261916672', '1003', '2021-04-21 11:58:22', '1003', '2021-04-21 11:58:22');
INSERT INTO `demo`.`md_columns` (`md_columns_id`, `tenant_id`, `md_columns_name`, `md_columns_type`, `md_columns_length`, `md_dec_length`, `is_cols_null`, `md_columns_desc`, `is_key`, `public_flag`, `active_flag`, `md_tables_id`, `create_by`, `create_date`, `last_update_by`, `last_update_date`) VALUES ('1384718124471631876', '100', 'entity_id', 'bigint', '19', '0', 'N', '元数据实体ID', 'N', 'Y', 'Y', '1384718124261916672', '1003', '2021-04-21 11:58:22', '1003', '2021-04-21 11:58:22');
INSERT INTO `demo`.`md_columns` (`md_columns_id`, `tenant_id`, `md_columns_name`, `md_columns_type`, `md_columns_length`, `md_dec_length`, `is_cols_null`, `md_columns_desc`, `is_key`, `public_flag`, `active_flag`, `md_tables_id`, `create_by`, `create_date`, `last_update_by`, `last_update_date`) VALUES ('1384718124471631877', '100', 'entity_sequence', 'int', '10', '0', 'N', '实体顺序号', 'N', 'Y', 'Y', '1384718124261916672', '1003', '2021-04-21 11:58:22', '1003', '2021-04-21 11:58:22');
INSERT INTO `demo`.`md_columns` (`md_columns_id`, `tenant_id`, `md_columns_name`, `md_columns_type`, `md_columns_length`, `md_dec_length`, `is_cols_null`, `md_columns_desc`, `is_key`, `public_flag`, `active_flag`, `md_tables_id`, `create_by`, `create_date`, `last_update_by`, `last_update_date`) VALUES ('1384718124471631878', '100', 'ui_entity_rel_desc', 'varchar', '2000', NULL, 'Y', 'UI模板与实体关系描述', 'N', 'Y', 'Y', '1384718124261916672', '1003', '2021-04-21 11:58:22', '1003', '2021-04-21 11:58:22');
INSERT INTO `demo`.`md_columns` (`md_columns_id`, `tenant_id`, `md_columns_name`, `md_columns_type`, `md_columns_length`, `md_dec_length`, `is_cols_null`, `md_columns_desc`, `is_key`, `public_flag`, `active_flag`, `md_tables_id`, `create_by`, `create_date`, `last_update_by`, `last_update_date`) VALUES ('1384718124471631879', '100', 'public_flag', 'char', '1', NULL, 'N', '跨租户共享标识，Y是，N否', 'N', 'Y', 'Y', '1384718124261916672', '1003', '2021-04-21 11:58:22', '1003', '2021-04-21 11:58:22');
INSERT INTO `demo`.`md_columns` (`md_columns_id`, `tenant_id`, `md_columns_name`, `md_columns_type`, `md_columns_length`, `md_dec_length`, `is_cols_null`, `md_columns_desc`, `is_key`, `public_flag`, `active_flag`, `md_tables_id`, `create_by`, `create_date`, `last_update_by`, `last_update_date`) VALUES ('1384718124471631880', '100', 'text_column1', 'varchar', '2000', NULL, 'Y', '预留文本字段1', 'N', 'Y', 'Y', '1384718124261916672', '1003', '2021-04-21 11:58:22', '1003', '2021-04-21 11:58:22');
INSERT INTO `demo`.`md_columns` (`md_columns_id`, `tenant_id`, `md_columns_name`, `md_columns_type`, `md_columns_length`, `md_dec_length`, `is_cols_null`, `md_columns_desc`, `is_key`, `public_flag`, `active_flag`, `md_tables_id`, `create_by`, `create_date`, `last_update_by`, `last_update_date`) VALUES ('1384718124471631881', '100', 'text_column2', 'varchar', '2000', NULL, 'Y', '预留文本字段2', 'N', 'Y', 'Y', '1384718124261916672', '1003', '2021-04-21 11:58:22', '1003', '2021-04-21 11:58:22');
INSERT INTO `demo`.`md_columns` (`md_columns_id`, `tenant_id`, `md_columns_name`, `md_columns_type`, `md_columns_length`, `md_dec_length`, `is_cols_null`, `md_columns_desc`, `is_key`, `public_flag`, `active_flag`, `md_tables_id`, `create_by`, `create_date`, `last_update_by`, `last_update_date`) VALUES ('1384718124471631882', '100', 'text_column3', 'varchar', '2000', NULL, 'Y', '预留文本字段3', 'N', 'Y', 'Y', '1384718124261916672', '1003', '2021-04-21 11:58:22', '1003', '2021-04-21 11:58:22');
INSERT INTO `demo`.`md_columns` (`md_columns_id`, `tenant_id`, `md_columns_name`, `md_columns_type`, `md_columns_length`, `md_dec_length`, `is_cols_null`, `md_columns_desc`, `is_key`, `public_flag`, `active_flag`, `md_tables_id`, `create_by`, `create_date`, `last_update_by`, `last_update_date`) VALUES ('1384718124471631883', '100', 'text_column4', 'varchar', '2000', NULL, 'Y', '预留文本字段4', 'N', 'Y', 'Y', '1384718124261916672', '1003', '2021-04-21 11:58:22', '1003', '2021-04-21 11:58:22');
INSERT INTO `demo`.`md_columns` (`md_columns_id`, `tenant_id`, `md_columns_name`, `md_columns_type`, `md_columns_length`, `md_dec_length`, `is_cols_null`, `md_columns_desc`, `is_key`, `public_flag`, `active_flag`, `md_tables_id`, `create_by`, `create_date`, `last_update_by`, `last_update_date`) VALUES ('1384718124471631884', '100', 'text_column5', 'varchar', '2000', NULL, 'Y', '预留文本字段5', 'N', 'Y', 'Y', '1384718124261916672', '1003', '2021-04-21 11:58:22', '1003', '2021-04-21 11:58:22');
INSERT INTO `demo`.`md_columns` (`md_columns_id`, `tenant_id`, `md_columns_name`, `md_columns_type`, `md_columns_length`, `md_dec_length`, `is_cols_null`, `md_columns_desc`, `is_key`, `public_flag`, `active_flag`, `md_tables_id`, `create_by`, `create_date`, `last_update_by`, `last_update_date`) VALUES ('1384718124471631885', '100', 'int_column1', 'bigint', '19', '0', 'Y', '预留整数字段1', 'N', 'Y', 'Y', '1384718124261916672', '1003', '2021-04-21 11:58:22', '1003', '2021-04-21 11:58:22');
INSERT INTO `demo`.`md_columns` (`md_columns_id`, `tenant_id`, `md_columns_name`, `md_columns_type`, `md_columns_length`, `md_dec_length`, `is_cols_null`, `md_columns_desc`, `is_key`, `public_flag`, `active_flag`, `md_tables_id`, `create_by`, `create_date`, `last_update_by`, `last_update_date`) VALUES ('1384718124471631886', '100', 'int_column2', 'bigint', '19', '0', 'Y', '预留整数字段2', 'N', 'Y', 'Y', '1384718124261916672', '1003', '2021-04-21 11:58:22', '1003', '2021-04-21 11:58:22');
INSERT INTO `demo`.`md_columns` (`md_columns_id`, `tenant_id`, `md_columns_name`, `md_columns_type`, `md_columns_length`, `md_dec_length`, `is_cols_null`, `md_columns_desc`, `is_key`, `public_flag`, `active_flag`, `md_tables_id`, `create_by`, `create_date`, `last_update_by`, `last_update_date`) VALUES ('1384718124471631887', '100', 'int_column3', 'bigint', '19', '0', 'Y', '预留整数字段3', 'N', 'Y', 'Y', '1384718124261916672', '1003', '2021-04-21 11:58:22', '1003', '2021-04-21 11:58:22');
INSERT INTO `demo`.`md_columns` (`md_columns_id`, `tenant_id`, `md_columns_name`, `md_columns_type`, `md_columns_length`, `md_dec_length`, `is_cols_null`, `md_columns_desc`, `is_key`, `public_flag`, `active_flag`, `md_tables_id`, `create_by`, `create_date`, `last_update_by`, `last_update_date`) VALUES ('1384718124471631888', '100', 'num_column1', 'decimal', '30', '8', 'Y', '预留数值字段1', 'N', 'Y', 'Y', '1384718124261916672', '1003', '2021-04-21 11:58:22', '1003', '2021-04-21 11:58:22');
INSERT INTO `demo`.`md_columns` (`md_columns_id`, `tenant_id`, `md_columns_name`, `md_columns_type`, `md_columns_length`, `md_dec_length`, `is_cols_null`, `md_columns_desc`, `is_key`, `public_flag`, `active_flag`, `md_tables_id`, `create_by`, `create_date`, `last_update_by`, `last_update_date`) VALUES ('1384718124471631889', '100', 'num_column2', 'decimal', '30', '8', 'Y', '预留数值字段2', 'N', 'Y', 'Y', '1384718124261916672', '1003', '2021-04-21 11:58:22', '1003', '2021-04-21 11:58:22');
INSERT INTO `demo`.`md_columns` (`md_columns_id`, `tenant_id`, `md_columns_name`, `md_columns_type`, `md_columns_length`, `md_dec_length`, `is_cols_null`, `md_columns_desc`, `is_key`, `public_flag`, `active_flag`, `md_tables_id`, `create_by`, `create_date`, `last_update_by`, `last_update_date`) VALUES ('1384718124471631890', '100', 'num_column3', 'decimal', '30', '8', 'Y', '预留数值字段3', 'N', 'Y', 'Y', '1384718124261916672', '1003', '2021-04-21 11:58:22', '1003', '2021-04-21 11:58:22');
INSERT INTO `demo`.`md_columns` (`md_columns_id`, `tenant_id`, `md_columns_name`, `md_columns_type`, `md_columns_length`, `md_dec_length`, `is_cols_null`, `md_columns_desc`, `is_key`, `public_flag`, `active_flag`, `md_tables_id`, `create_by`, `create_date`, `last_update_by`, `last_update_date`) VALUES ('1384718124471631891', '100', 'date_column1', 'datetime', NULL, NULL, 'Y', '预留日期字段1', 'N', 'Y', 'Y', '1384718124261916672', '1003', '2021-04-21 11:58:22', '1003', '2021-04-21 11:58:22');
INSERT INTO `demo`.`md_columns` (`md_columns_id`, `tenant_id`, `md_columns_name`, `md_columns_type`, `md_columns_length`, `md_dec_length`, `is_cols_null`, `md_columns_desc`, `is_key`, `public_flag`, `active_flag`, `md_tables_id`, `create_by`, `create_date`, `last_update_by`, `last_update_date`) VALUES ('1384718124471631892', '100', 'date_column2', 'datetime', NULL, NULL, 'Y', '预留日期字段2', 'N', 'Y', 'Y', '1384718124261916672', '1003', '2021-04-21 11:58:22', '1003', '2021-04-21 11:58:22');
INSERT INTO `demo`.`md_columns` (`md_columns_id`, `tenant_id`, `md_columns_name`, `md_columns_type`, `md_columns_length`, `md_dec_length`, `is_cols_null`, `md_columns_desc`, `is_key`, `public_flag`, `active_flag`, `md_tables_id`, `create_by`, `create_date`, `last_update_by`, `last_update_date`) VALUES ('1384718124471631893', '100', 'date_column3', 'datetime', NULL, NULL, 'Y', '预留日期字段3', 'N', 'Y', 'Y', '1384718124261916672', '1003', '2021-04-21 11:58:22', '1003', '2021-04-21 11:58:22');
INSERT INTO `demo`.`md_columns` (`md_columns_id`, `tenant_id`, `md_columns_name`, `md_columns_type`, `md_columns_length`, `md_dec_length`, `is_cols_null`, `md_columns_desc`, `is_key`, `public_flag`, `active_flag`, `md_tables_id`, `create_by`, `create_date`, `last_update_by`, `last_update_date`) VALUES ('1384718124471631894', '100', 'active_flag', 'char', '1', NULL, 'N', '有效标识，Y有效，N无效', 'N', 'Y', 'Y', '1384718124261916672', '1003', '2021-04-21 11:58:22', '1003', '2021-04-21 11:58:22');
INSERT INTO `demo`.`md_columns` (`md_columns_id`, `tenant_id`, `md_columns_name`, `md_columns_type`, `md_columns_length`, `md_dec_length`, `is_cols_null`, `md_columns_desc`, `is_key`, `public_flag`, `active_flag`, `md_tables_id`, `create_by`, `create_date`, `last_update_by`, `last_update_date`) VALUES ('1384718124471631895', '100', 'create_date', 'timestamp', NULL, NULL, 'N', '创建时间', 'N', 'Y', 'Y', '1384718124261916672', '1003', '2021-04-21 11:58:22', '1003', '2021-04-21 11:58:22');
INSERT INTO `demo`.`md_columns` (`md_columns_id`, `tenant_id`, `md_columns_name`, `md_columns_type`, `md_columns_length`, `md_dec_length`, `is_cols_null`, `md_columns_desc`, `is_key`, `public_flag`, `active_flag`, `md_tables_id`, `create_by`, `create_date`, `last_update_by`, `last_update_date`) VALUES ('1384718124471631896', '100', 'create_by', 'bigint', '19', '0', 'N', '创建人ID，对用用户ID', 'N', 'Y', 'Y', '1384718124261916672', '1003', '2021-04-21 11:58:22', '1003', '2021-04-21 11:58:22');
INSERT INTO `demo`.`md_columns` (`md_columns_id`, `tenant_id`, `md_columns_name`, `md_columns_type`, `md_columns_length`, `md_dec_length`, `is_cols_null`, `md_columns_desc`, `is_key`, `public_flag`, `active_flag`, `md_tables_id`, `create_by`, `create_date`, `last_update_by`, `last_update_date`) VALUES ('1384718124471631897', '100', 'last_update_date', 'timestamp', NULL, NULL, 'N', '最后更新时间', 'N', 'Y', 'Y', '1384718124261916672', '1003', '2021-04-21 11:58:22', '1003', '2021-04-21 11:58:22');
INSERT INTO `demo`.`md_columns` (`md_columns_id`, `tenant_id`, `md_columns_name`, `md_columns_type`, `md_columns_length`, `md_dec_length`, `is_cols_null`, `md_columns_desc`, `is_key`, `public_flag`, `active_flag`, `md_tables_id`, `create_by`, `create_date`, `last_update_by`, `last_update_date`) VALUES ('1384718124471631898', '100', 'last_update_by', 'bigint', '19', '0', 'N', '最后更新人ID，对用用户ID', 'N', 'Y', 'Y', '1384718124261916672', '1003', '2021-04-21 11:58:22', '1003', '2021-04-21 11:58:22');
INSERT INTO `demo`.`md_columns` (`md_columns_id`, `tenant_id`, `md_columns_name`, `md_columns_type`, `md_columns_length`, `md_dec_length`, `is_cols_null`, `md_columns_desc`, `is_key`, `public_flag`, `active_flag`, `md_tables_id`, `create_by`, `create_date`, `last_update_by`, `last_update_date`) VALUES ('1384718124983336960', '100', 'ui_fields_id', 'bigint', '19', '0', 'N', 'UI属性主键ID', 'Y', 'Y', 'Y', '1384718124786204672', '1003', '2021-04-21 11:58:22', '1003', '2021-04-21 11:58:22');
INSERT INTO `demo`.`md_columns` (`md_columns_id`, `tenant_id`, `md_columns_name`, `md_columns_type`, `md_columns_length`, `md_dec_length`, `is_cols_null`, `md_columns_desc`, `is_key`, `public_flag`, `active_flag`, `md_tables_id`, `create_by`, `create_date`, `last_update_by`, `last_update_date`) VALUES ('1384718124983336961', '100', 'tenant_id', 'bigint', '19', '0', 'N', '租户ID', 'N', 'Y', 'Y', '1384718124786204672', '1003', '2021-04-21 11:58:22', '1003', '2021-04-21 11:58:22');
INSERT INTO `demo`.`md_columns` (`md_columns_id`, `tenant_id`, `md_columns_name`, `md_columns_type`, `md_columns_length`, `md_dec_length`, `is_cols_null`, `md_columns_desc`, `is_key`, `public_flag`, `active_flag`, `md_tables_id`, `create_by`, `create_date`, `last_update_by`, `last_update_date`) VALUES ('1384718124983336962', '100', 'ui_entity_rel_id', 'bigint', '19', '0', 'N', 'UI模板和实体关系ID', 'N', 'Y', 'Y', '1384718124786204672', '1003', '2021-04-21 11:58:22', '1003', '2021-04-21 11:58:22');
INSERT INTO `demo`.`md_columns` (`md_columns_id`, `tenant_id`, `md_columns_name`, `md_columns_type`, `md_columns_length`, `md_dec_length`, `is_cols_null`, `md_columns_desc`, `is_key`, `public_flag`, `active_flag`, `md_tables_id`, `create_by`, `create_date`, `last_update_by`, `last_update_date`) VALUES ('1384718124983336963', '100', 'md_field_id', 'bigint', '19', '0', 'N', '实体属性ID', 'N', 'Y', 'Y', '1384718124786204672', '1003', '2021-04-21 11:58:22', '1003', '2021-04-21 11:58:22');
INSERT INTO `demo`.`md_columns` (`md_columns_id`, `tenant_id`, `md_columns_name`, `md_columns_type`, `md_columns_length`, `md_dec_length`, `is_cols_null`, `md_columns_desc`, `is_key`, `public_flag`, `active_flag`, `md_tables_id`, `create_by`, `create_date`, `last_update_by`, `last_update_date`) VALUES ('1384718124983336964', '100', 'ui_fields_type', 'varchar', '200', NULL, 'N', 'UI属性类型，Basic(继承实体字段的类型)/Int/Lookup等，绑定不同类型页面组件', 'N', 'Y', 'Y', '1384718124786204672', '1003', '2021-04-21 11:58:22', '1003', '2021-04-21 11:58:22');
INSERT INTO `demo`.`md_columns` (`md_columns_id`, `tenant_id`, `md_columns_name`, `md_columns_type`, `md_columns_length`, `md_dec_length`, `is_cols_null`, `md_columns_desc`, `is_key`, `public_flag`, `active_flag`, `md_tables_id`, `create_by`, `create_date`, `last_update_by`, `last_update_date`) VALUES ('1384718124983336965', '100', 'ui_fields_name_cn', 'varchar', '200', NULL, 'Y', 'UI属性中文名称', 'N', 'Y', 'Y', '1384718124786204672', '1003', '2021-04-21 11:58:22', '1003', '2021-04-21 11:58:22');
INSERT INTO `demo`.`md_columns` (`md_columns_id`, `tenant_id`, `md_columns_name`, `md_columns_type`, `md_columns_length`, `md_dec_length`, `is_cols_null`, `md_columns_desc`, `is_key`, `public_flag`, `active_flag`, `md_tables_id`, `create_by`, `create_date`, `last_update_by`, `last_update_date`) VALUES ('1384718124983336966', '100', 'ui_fields_name_en', 'varchar', '200', NULL, 'Y', 'UI属性英文名称', 'N', 'Y', 'Y', '1384718124786204672', '1003', '2021-04-21 11:58:22', '1003', '2021-04-21 11:58:22');
INSERT INTO `demo`.`md_columns` (`md_columns_id`, `tenant_id`, `md_columns_name`, `md_columns_type`, `md_columns_length`, `md_dec_length`, `is_cols_null`, `md_columns_desc`, `is_key`, `public_flag`, `active_flag`, `md_tables_id`, `create_by`, `create_date`, `last_update_by`, `last_update_date`) VALUES ('1384718124983336967', '100', 'ui_fields_desc', 'varchar', '2000', NULL, 'Y', 'UI模板属性描述', 'N', 'Y', 'Y', '1384718124786204672', '1003', '2021-04-21 11:58:22', '1003', '2021-04-21 11:58:22');
INSERT INTO `demo`.`md_columns` (`md_columns_id`, `tenant_id`, `md_columns_name`, `md_columns_type`, `md_columns_length`, `md_dec_length`, `is_cols_null`, `md_columns_desc`, `is_key`, `public_flag`, `active_flag`, `md_tables_id`, `create_by`, `create_date`, `last_update_by`, `last_update_date`) VALUES ('1384718124983336968', '100', 'field_sequence', 'int', '10', '0', 'Y', '属性顺序号', 'N', 'Y', 'Y', '1384718124786204672', '1003', '2021-04-21 11:58:22', '1003', '2021-04-21 11:58:22');
INSERT INTO `demo`.`md_columns` (`md_columns_id`, `tenant_id`, `md_columns_name`, `md_columns_type`, `md_columns_length`, `md_dec_length`, `is_cols_null`, `md_columns_desc`, `is_key`, `public_flag`, `active_flag`, `md_tables_id`, `create_by`, `create_date`, `last_update_by`, `last_update_date`) VALUES ('1384718124983336969', '100', 'linked_field_id', 'bigint', '19', '0', 'Y', '属性联动UI字段', 'N', 'Y', 'Y', '1384718124786204672', '1003', '2021-04-21 11:58:22', '1003', '2021-04-21 11:58:22');
INSERT INTO `demo`.`md_columns` (`md_columns_id`, `tenant_id`, `md_columns_name`, `md_columns_type`, `md_columns_length`, `md_dec_length`, `is_cols_null`, `md_columns_desc`, `is_key`, `public_flag`, `active_flag`, `md_tables_id`, `create_by`, `create_date`, `last_update_by`, `last_update_date`) VALUES ('1384718124983336970', '100', 'public_flag', 'char', '1', NULL, 'N', '跨租户共享标识，Y是，N否', 'N', 'Y', 'Y', '1384718124786204672', '1003', '2021-04-21 11:58:22', '1003', '2021-04-21 11:58:22');
INSERT INTO `demo`.`md_columns` (`md_columns_id`, `tenant_id`, `md_columns_name`, `md_columns_type`, `md_columns_length`, `md_dec_length`, `is_cols_null`, `md_columns_desc`, `is_key`, `public_flag`, `active_flag`, `md_tables_id`, `create_by`, `create_date`, `last_update_by`, `last_update_date`) VALUES ('1384718124983336971', '100', 'text_column1', 'varchar', '2000', NULL, 'Y', '预留文本字段1', 'N', 'Y', 'Y', '1384718124786204672', '1003', '2021-04-21 11:58:22', '1003', '2021-04-21 11:58:22');
INSERT INTO `demo`.`md_columns` (`md_columns_id`, `tenant_id`, `md_columns_name`, `md_columns_type`, `md_columns_length`, `md_dec_length`, `is_cols_null`, `md_columns_desc`, `is_key`, `public_flag`, `active_flag`, `md_tables_id`, `create_by`, `create_date`, `last_update_by`, `last_update_date`) VALUES ('1384718124983336972', '100', 'text_column2', 'varchar', '2000', NULL, 'Y', '预留文本字段2', 'N', 'Y', 'Y', '1384718124786204672', '1003', '2021-04-21 11:58:22', '1003', '2021-04-21 11:58:22');
INSERT INTO `demo`.`md_columns` (`md_columns_id`, `tenant_id`, `md_columns_name`, `md_columns_type`, `md_columns_length`, `md_dec_length`, `is_cols_null`, `md_columns_desc`, `is_key`, `public_flag`, `active_flag`, `md_tables_id`, `create_by`, `create_date`, `last_update_by`, `last_update_date`) VALUES ('1384718124983336973', '100', 'text_column3', 'varchar', '2000', NULL, 'Y', '预留文本字段3', 'N', 'Y', 'Y', '1384718124786204672', '1003', '2021-04-21 11:58:22', '1003', '2021-04-21 11:58:22');
INSERT INTO `demo`.`md_columns` (`md_columns_id`, `tenant_id`, `md_columns_name`, `md_columns_type`, `md_columns_length`, `md_dec_length`, `is_cols_null`, `md_columns_desc`, `is_key`, `public_flag`, `active_flag`, `md_tables_id`, `create_by`, `create_date`, `last_update_by`, `last_update_date`) VALUES ('1384718124983336974', '100', 'text_column4', 'varchar', '2000', NULL, 'Y', '预留文本字段4', 'N', 'Y', 'Y', '1384718124786204672', '1003', '2021-04-21 11:58:22', '1003', '2021-04-21 11:58:22');
INSERT INTO `demo`.`md_columns` (`md_columns_id`, `tenant_id`, `md_columns_name`, `md_columns_type`, `md_columns_length`, `md_dec_length`, `is_cols_null`, `md_columns_desc`, `is_key`, `public_flag`, `active_flag`, `md_tables_id`, `create_by`, `create_date`, `last_update_by`, `last_update_date`) VALUES ('1384718124983336975', '100', 'text_column5', 'varchar', '2000', NULL, 'Y', '预留文本字段5', 'N', 'Y', 'Y', '1384718124786204672', '1003', '2021-04-21 11:58:22', '1003', '2021-04-21 11:58:22');
INSERT INTO `demo`.`md_columns` (`md_columns_id`, `tenant_id`, `md_columns_name`, `md_columns_type`, `md_columns_length`, `md_dec_length`, `is_cols_null`, `md_columns_desc`, `is_key`, `public_flag`, `active_flag`, `md_tables_id`, `create_by`, `create_date`, `last_update_by`, `last_update_date`) VALUES ('1384718124983336976', '100', 'int_column1', 'bigint', '19', '0', 'Y', '预留整数字段1', 'N', 'Y', 'Y', '1384718124786204672', '1003', '2021-04-21 11:58:22', '1003', '2021-04-21 11:58:22');
INSERT INTO `demo`.`md_columns` (`md_columns_id`, `tenant_id`, `md_columns_name`, `md_columns_type`, `md_columns_length`, `md_dec_length`, `is_cols_null`, `md_columns_desc`, `is_key`, `public_flag`, `active_flag`, `md_tables_id`, `create_by`, `create_date`, `last_update_by`, `last_update_date`) VALUES ('1384718124983336977', '100', 'int_column2', 'bigint', '19', '0', 'Y', '预留整数字段2', 'N', 'Y', 'Y', '1384718124786204672', '1003', '2021-04-21 11:58:22', '1003', '2021-04-21 11:58:22');
INSERT INTO `demo`.`md_columns` (`md_columns_id`, `tenant_id`, `md_columns_name`, `md_columns_type`, `md_columns_length`, `md_dec_length`, `is_cols_null`, `md_columns_desc`, `is_key`, `public_flag`, `active_flag`, `md_tables_id`, `create_by`, `create_date`, `last_update_by`, `last_update_date`) VALUES ('1384718124983336978', '100', 'int_column3', 'bigint', '19', '0', 'Y', '预留整数字段3', 'N', 'Y', 'Y', '1384718124786204672', '1003', '2021-04-21 11:58:22', '1003', '2021-04-21 11:58:22');
INSERT INTO `demo`.`md_columns` (`md_columns_id`, `tenant_id`, `md_columns_name`, `md_columns_type`, `md_columns_length`, `md_dec_length`, `is_cols_null`, `md_columns_desc`, `is_key`, `public_flag`, `active_flag`, `md_tables_id`, `create_by`, `create_date`, `last_update_by`, `last_update_date`) VALUES ('1384718124983336979', '100', 'num_column1', 'decimal', '30', '8', 'Y', '预留数值字段1', 'N', 'Y', 'Y', '1384718124786204672', '1003', '2021-04-21 11:58:22', '1003', '2021-04-21 11:58:22');
INSERT INTO `demo`.`md_columns` (`md_columns_id`, `tenant_id`, `md_columns_name`, `md_columns_type`, `md_columns_length`, `md_dec_length`, `is_cols_null`, `md_columns_desc`, `is_key`, `public_flag`, `active_flag`, `md_tables_id`, `create_by`, `create_date`, `last_update_by`, `last_update_date`) VALUES ('1384718124983336980', '100', 'num_column2', 'decimal', '30', '8', 'Y', '预留数值字段2', 'N', 'Y', 'Y', '1384718124786204672', '1003', '2021-04-21 11:58:22', '1003', '2021-04-21 11:58:22');
INSERT INTO `demo`.`md_columns` (`md_columns_id`, `tenant_id`, `md_columns_name`, `md_columns_type`, `md_columns_length`, `md_dec_length`, `is_cols_null`, `md_columns_desc`, `is_key`, `public_flag`, `active_flag`, `md_tables_id`, `create_by`, `create_date`, `last_update_by`, `last_update_date`) VALUES ('1384718124983336981', '100', 'num_column3', 'decimal', '30', '8', 'Y', '预留数值字段3', 'N', 'Y', 'Y', '1384718124786204672', '1003', '2021-04-21 11:58:22', '1003', '2021-04-21 11:58:22');
INSERT INTO `demo`.`md_columns` (`md_columns_id`, `tenant_id`, `md_columns_name`, `md_columns_type`, `md_columns_length`, `md_dec_length`, `is_cols_null`, `md_columns_desc`, `is_key`, `public_flag`, `active_flag`, `md_tables_id`, `create_by`, `create_date`, `last_update_by`, `last_update_date`) VALUES ('1384718124983336982', '100', 'date_column1', 'datetime', NULL, NULL, 'Y', '预留日期字段1', 'N', 'Y', 'Y', '1384718124786204672', '1003', '2021-04-21 11:58:22', '1003', '2021-04-21 11:58:22');
INSERT INTO `demo`.`md_columns` (`md_columns_id`, `tenant_id`, `md_columns_name`, `md_columns_type`, `md_columns_length`, `md_dec_length`, `is_cols_null`, `md_columns_desc`, `is_key`, `public_flag`, `active_flag`, `md_tables_id`, `create_by`, `create_date`, `last_update_by`, `last_update_date`) VALUES ('1384718124983336983', '100', 'date_column2', 'datetime', NULL, NULL, 'Y', '预留日期字段2', 'N', 'Y', 'Y', '1384718124786204672', '1003', '2021-04-21 11:58:22', '1003', '2021-04-21 11:58:22');
INSERT INTO `demo`.`md_columns` (`md_columns_id`, `tenant_id`, `md_columns_name`, `md_columns_type`, `md_columns_length`, `md_dec_length`, `is_cols_null`, `md_columns_desc`, `is_key`, `public_flag`, `active_flag`, `md_tables_id`, `create_by`, `create_date`, `last_update_by`, `last_update_date`) VALUES ('1384718124983336984', '100', 'date_column3', 'datetime', NULL, NULL, 'Y', '预留日期字段3', 'N', 'Y', 'Y', '1384718124786204672', '1003', '2021-04-21 11:58:22', '1003', '2021-04-21 11:58:22');
INSERT INTO `demo`.`md_columns` (`md_columns_id`, `tenant_id`, `md_columns_name`, `md_columns_type`, `md_columns_length`, `md_dec_length`, `is_cols_null`, `md_columns_desc`, `is_key`, `public_flag`, `active_flag`, `md_tables_id`, `create_by`, `create_date`, `last_update_by`, `last_update_date`) VALUES ('1384718124983336985', '100', 'active_flag', 'char', '1', NULL, 'N', '有效标识，Y有效，N无效', 'N', 'Y', 'Y', '1384718124786204672', '1003', '2021-04-21 11:58:22', '1003', '2021-04-21 11:58:22');
INSERT INTO `demo`.`md_columns` (`md_columns_id`, `tenant_id`, `md_columns_name`, `md_columns_type`, `md_columns_length`, `md_dec_length`, `is_cols_null`, `md_columns_desc`, `is_key`, `public_flag`, `active_flag`, `md_tables_id`, `create_by`, `create_date`, `last_update_by`, `last_update_date`) VALUES ('1384718124983336986', '100', 'create_date', 'timestamp', NULL, NULL, 'N', '创建时间', 'N', 'Y', 'Y', '1384718124786204672', '1003', '2021-04-21 11:58:22', '1003', '2021-04-21 11:58:22');
INSERT INTO `demo`.`md_columns` (`md_columns_id`, `tenant_id`, `md_columns_name`, `md_columns_type`, `md_columns_length`, `md_dec_length`, `is_cols_null`, `md_columns_desc`, `is_key`, `public_flag`, `active_flag`, `md_tables_id`, `create_by`, `create_date`, `last_update_by`, `last_update_date`) VALUES ('1384718124983336987', '100', 'create_by', 'bigint', '19', '0', 'N', '创建人ID，对用用户ID', 'N', 'Y', 'Y', '1384718124786204672', '1003', '2021-04-21 11:58:22', '1003', '2021-04-21 11:58:22');
INSERT INTO `demo`.`md_columns` (`md_columns_id`, `tenant_id`, `md_columns_name`, `md_columns_type`, `md_columns_length`, `md_dec_length`, `is_cols_null`, `md_columns_desc`, `is_key`, `public_flag`, `active_flag`, `md_tables_id`, `create_by`, `create_date`, `last_update_by`, `last_update_date`) VALUES ('1384718124983336988', '100', 'last_update_date', 'timestamp', NULL, NULL, 'N', '最后更新时间', 'N', 'Y', 'Y', '1384718124786204672', '1003', '2021-04-21 11:58:22', '1003', '2021-04-21 11:58:22');
INSERT INTO `demo`.`md_columns` (`md_columns_id`, `tenant_id`, `md_columns_name`, `md_columns_type`, `md_columns_length`, `md_dec_length`, `is_cols_null`, `md_columns_desc`, `is_key`, `public_flag`, `active_flag`, `md_tables_id`, `create_by`, `create_date`, `last_update_by`, `last_update_date`) VALUES ('1384718124983336989', '100', 'last_update_by', 'bigint', '19', '0', 'N', '最后更新人ID，对用用户ID', 'N', 'Y', 'Y', '1384718124786204672', '1003', '2021-04-21 11:58:22', '1003', '2021-04-21 11:58:22');
INSERT INTO `demo`.`md_columns` (`md_columns_id`, `tenant_id`, `md_columns_name`, `md_columns_type`, `md_columns_length`, `md_dec_length`, `is_cols_null`, `md_columns_desc`, `is_key`, `public_flag`, `active_flag`, `md_tables_id`, `create_by`, `create_date`, `last_update_by`, `last_update_date`) VALUES ('1384718125507624960', '100', 'ui_template_id', 'bigint', '19', '0', 'N', 'UI模板ID', 'Y', 'Y', 'Y', '1384718125323075584', '1003', '2021-04-21 11:58:22', '1003', '2021-04-21 11:58:22');
INSERT INTO `demo`.`md_columns` (`md_columns_id`, `tenant_id`, `md_columns_name`, `md_columns_type`, `md_columns_length`, `md_dec_length`, `is_cols_null`, `md_columns_desc`, `is_key`, `public_flag`, `active_flag`, `md_tables_id`, `create_by`, `create_date`, `last_update_by`, `last_update_date`) VALUES ('1384718125507624961', '100', 'tenant_id', 'bigint', '19', '0', 'N', '租户ID', 'N', 'Y', 'Y', '1384718125323075584', '1003', '2021-04-21 11:58:22', '1003', '2021-04-21 11:58:22');
INSERT INTO `demo`.`md_columns` (`md_columns_id`, `tenant_id`, `md_columns_name`, `md_columns_type`, `md_columns_length`, `md_dec_length`, `is_cols_null`, `md_columns_desc`, `is_key`, `public_flag`, `active_flag`, `md_tables_id`, `create_by`, `create_date`, `last_update_by`, `last_update_date`) VALUES ('1384718125507624962', '100', 'ui_template_name', 'varchar', '200', NULL, 'N', 'UI页面模板名称', 'N', 'Y', 'Y', '1384718125323075584', '1003', '2021-04-21 11:58:22', '1003', '2021-04-21 11:58:22');
INSERT INTO `demo`.`md_columns` (`md_columns_id`, `tenant_id`, `md_columns_name`, `md_columns_type`, `md_columns_length`, `md_dec_length`, `is_cols_null`, `md_columns_desc`, `is_key`, `public_flag`, `active_flag`, `md_tables_id`, `create_by`, `create_date`, `last_update_by`, `last_update_date`) VALUES ('1384718125507624963', '100', 'ui_template_type', 'varchar', '200', NULL, 'N', '模板类型，html/html5/android', 'N', 'Y', 'Y', '1384718125323075584', '1003', '2021-04-21 11:58:22', '1003', '2021-04-21 11:58:22');
INSERT INTO `demo`.`md_columns` (`md_columns_id`, `tenant_id`, `md_columns_name`, `md_columns_type`, `md_columns_length`, `md_dec_length`, `is_cols_null`, `md_columns_desc`, `is_key`, `public_flag`, `active_flag`, `md_tables_id`, `create_by`, `create_date`, `last_update_by`, `last_update_date`) VALUES ('1384718125507624964', '100', 'ui_template_model', 'varchar', '200', NULL, 'N', '模板模式，套模板，瀑布式：Waterflow,多页签：MultiTab等', 'N', 'Y', 'Y', '1384718125323075584', '1003', '2021-04-21 11:58:22', '1003', '2021-04-21 11:58:22');
INSERT INTO `demo`.`md_columns` (`md_columns_id`, `tenant_id`, `md_columns_name`, `md_columns_type`, `md_columns_length`, `md_dec_length`, `is_cols_null`, `md_columns_desc`, `is_key`, `public_flag`, `active_flag`, `md_tables_id`, `create_by`, `create_date`, `last_update_by`, `last_update_date`) VALUES ('1384718125507624965', '100', 'ui_template_desc', 'varchar', '2000', NULL, 'Y', 'UI模板描述', 'N', 'Y', 'Y', '1384718125323075584', '1003', '2021-04-21 11:58:22', '1003', '2021-04-21 11:58:22');
INSERT INTO `demo`.`md_columns` (`md_columns_id`, `tenant_id`, `md_columns_name`, `md_columns_type`, `md_columns_length`, `md_dec_length`, `is_cols_null`, `md_columns_desc`, `is_key`, `public_flag`, `active_flag`, `md_tables_id`, `create_by`, `create_date`, `last_update_by`, `last_update_date`) VALUES ('1384718125507624966', '100', 'public_flag', 'char', '1', NULL, 'N', '跨租户共享标识，Y是，N否', 'N', 'Y', 'Y', '1384718125323075584', '1003', '2021-04-21 11:58:22', '1003', '2021-04-21 11:58:22');
INSERT INTO `demo`.`md_columns` (`md_columns_id`, `tenant_id`, `md_columns_name`, `md_columns_type`, `md_columns_length`, `md_dec_length`, `is_cols_null`, `md_columns_desc`, `is_key`, `public_flag`, `active_flag`, `md_tables_id`, `create_by`, `create_date`, `last_update_by`, `last_update_date`) VALUES ('1384718125507624967', '100', 'text_column1', 'varchar', '2000', NULL, 'Y', '预留文本字段1', 'N', 'Y', 'Y', '1384718125323075584', '1003', '2021-04-21 11:58:22', '1003', '2021-04-21 11:58:22');
INSERT INTO `demo`.`md_columns` (`md_columns_id`, `tenant_id`, `md_columns_name`, `md_columns_type`, `md_columns_length`, `md_dec_length`, `is_cols_null`, `md_columns_desc`, `is_key`, `public_flag`, `active_flag`, `md_tables_id`, `create_by`, `create_date`, `last_update_by`, `last_update_date`) VALUES ('1384718125507624968', '100', 'text_column2', 'varchar', '2000', NULL, 'Y', '预留文本字段2', 'N', 'Y', 'Y', '1384718125323075584', '1003', '2021-04-21 11:58:22', '1003', '2021-04-21 11:58:22');
INSERT INTO `demo`.`md_columns` (`md_columns_id`, `tenant_id`, `md_columns_name`, `md_columns_type`, `md_columns_length`, `md_dec_length`, `is_cols_null`, `md_columns_desc`, `is_key`, `public_flag`, `active_flag`, `md_tables_id`, `create_by`, `create_date`, `last_update_by`, `last_update_date`) VALUES ('1384718125507624969', '100', 'text_column3', 'varchar', '2000', NULL, 'Y', '预留文本字段3', 'N', 'Y', 'Y', '1384718125323075584', '1003', '2021-04-21 11:58:22', '1003', '2021-04-21 11:58:22');
INSERT INTO `demo`.`md_columns` (`md_columns_id`, `tenant_id`, `md_columns_name`, `md_columns_type`, `md_columns_length`, `md_dec_length`, `is_cols_null`, `md_columns_desc`, `is_key`, `public_flag`, `active_flag`, `md_tables_id`, `create_by`, `create_date`, `last_update_by`, `last_update_date`) VALUES ('1384718125507624970', '100', 'text_column4', 'varchar', '2000', NULL, 'Y', '预留文本字段4', 'N', 'Y', 'Y', '1384718125323075584', '1003', '2021-04-21 11:58:22', '1003', '2021-04-21 11:58:22');
INSERT INTO `demo`.`md_columns` (`md_columns_id`, `tenant_id`, `md_columns_name`, `md_columns_type`, `md_columns_length`, `md_dec_length`, `is_cols_null`, `md_columns_desc`, `is_key`, `public_flag`, `active_flag`, `md_tables_id`, `create_by`, `create_date`, `last_update_by`, `last_update_date`) VALUES ('1384718125507624971', '100', 'text_column5', 'varchar', '2000', NULL, 'Y', '预留文本字段5', 'N', 'Y', 'Y', '1384718125323075584', '1003', '2021-04-21 11:58:22', '1003', '2021-04-21 11:58:22');
INSERT INTO `demo`.`md_columns` (`md_columns_id`, `tenant_id`, `md_columns_name`, `md_columns_type`, `md_columns_length`, `md_dec_length`, `is_cols_null`, `md_columns_desc`, `is_key`, `public_flag`, `active_flag`, `md_tables_id`, `create_by`, `create_date`, `last_update_by`, `last_update_date`) VALUES ('1384718125507624972', '100', 'int_column1', 'bigint', '19', '0', 'Y', '预留整数字段1', 'N', 'Y', 'Y', '1384718125323075584', '1003', '2021-04-21 11:58:22', '1003', '2021-04-21 11:58:22');
INSERT INTO `demo`.`md_columns` (`md_columns_id`, `tenant_id`, `md_columns_name`, `md_columns_type`, `md_columns_length`, `md_dec_length`, `is_cols_null`, `md_columns_desc`, `is_key`, `public_flag`, `active_flag`, `md_tables_id`, `create_by`, `create_date`, `last_update_by`, `last_update_date`) VALUES ('1384718125507624973', '100', 'int_column2', 'bigint', '19', '0', 'Y', '预留整数字段2', 'N', 'Y', 'Y', '1384718125323075584', '1003', '2021-04-21 11:58:22', '1003', '2021-04-21 11:58:22');
INSERT INTO `demo`.`md_columns` (`md_columns_id`, `tenant_id`, `md_columns_name`, `md_columns_type`, `md_columns_length`, `md_dec_length`, `is_cols_null`, `md_columns_desc`, `is_key`, `public_flag`, `active_flag`, `md_tables_id`, `create_by`, `create_date`, `last_update_by`, `last_update_date`) VALUES ('1384718125507624974', '100', 'int_column3', 'bigint', '19', '0', 'Y', '预留整数字段3', 'N', 'Y', 'Y', '1384718125323075584', '1003', '2021-04-21 11:58:22', '1003', '2021-04-21 11:58:22');
INSERT INTO `demo`.`md_columns` (`md_columns_id`, `tenant_id`, `md_columns_name`, `md_columns_type`, `md_columns_length`, `md_dec_length`, `is_cols_null`, `md_columns_desc`, `is_key`, `public_flag`, `active_flag`, `md_tables_id`, `create_by`, `create_date`, `last_update_by`, `last_update_date`) VALUES ('1384718125507624975', '100', 'num_column1', 'decimal', '30', '8', 'Y', '预留数值字段1', 'N', 'Y', 'Y', '1384718125323075584', '1003', '2021-04-21 11:58:22', '1003', '2021-04-21 11:58:22');
INSERT INTO `demo`.`md_columns` (`md_columns_id`, `tenant_id`, `md_columns_name`, `md_columns_type`, `md_columns_length`, `md_dec_length`, `is_cols_null`, `md_columns_desc`, `is_key`, `public_flag`, `active_flag`, `md_tables_id`, `create_by`, `create_date`, `last_update_by`, `last_update_date`) VALUES ('1384718125507624976', '100', 'num_column2', 'decimal', '30', '8', 'Y', '预留数值字段2', 'N', 'Y', 'Y', '1384718125323075584', '1003', '2021-04-21 11:58:22', '1003', '2021-04-21 11:58:22');
INSERT INTO `demo`.`md_columns` (`md_columns_id`, `tenant_id`, `md_columns_name`, `md_columns_type`, `md_columns_length`, `md_dec_length`, `is_cols_null`, `md_columns_desc`, `is_key`, `public_flag`, `active_flag`, `md_tables_id`, `create_by`, `create_date`, `last_update_by`, `last_update_date`) VALUES ('1384718125507624977', '100', 'num_column3', 'decimal', '30', '8', 'Y', '预留数值字段3', 'N', 'Y', 'Y', '1384718125323075584', '1003', '2021-04-21 11:58:22', '1003', '2021-04-21 11:58:22');
INSERT INTO `demo`.`md_columns` (`md_columns_id`, `tenant_id`, `md_columns_name`, `md_columns_type`, `md_columns_length`, `md_dec_length`, `is_cols_null`, `md_columns_desc`, `is_key`, `public_flag`, `active_flag`, `md_tables_id`, `create_by`, `create_date`, `last_update_by`, `last_update_date`) VALUES ('1384718125507624978', '100', 'date_column1', 'datetime', NULL, NULL, 'Y', '预留日期字段1', 'N', 'Y', 'Y', '1384718125323075584', '1003', '2021-04-21 11:58:22', '1003', '2021-04-21 11:58:22');
INSERT INTO `demo`.`md_columns` (`md_columns_id`, `tenant_id`, `md_columns_name`, `md_columns_type`, `md_columns_length`, `md_dec_length`, `is_cols_null`, `md_columns_desc`, `is_key`, `public_flag`, `active_flag`, `md_tables_id`, `create_by`, `create_date`, `last_update_by`, `last_update_date`) VALUES ('1384718125507624979', '100', 'date_column2', 'datetime', NULL, NULL, 'Y', '预留日期字段2', 'N', 'Y', 'Y', '1384718125323075584', '1003', '2021-04-21 11:58:22', '1003', '2021-04-21 11:58:22');
INSERT INTO `demo`.`md_columns` (`md_columns_id`, `tenant_id`, `md_columns_name`, `md_columns_type`, `md_columns_length`, `md_dec_length`, `is_cols_null`, `md_columns_desc`, `is_key`, `public_flag`, `active_flag`, `md_tables_id`, `create_by`, `create_date`, `last_update_by`, `last_update_date`) VALUES ('1384718125507624980', '100', 'date_column3', 'datetime', NULL, NULL, 'Y', '预留日期字段3', 'N', 'Y', 'Y', '1384718125323075584', '1003', '2021-04-21 11:58:22', '1003', '2021-04-21 11:58:22');
INSERT INTO `demo`.`md_columns` (`md_columns_id`, `tenant_id`, `md_columns_name`, `md_columns_type`, `md_columns_length`, `md_dec_length`, `is_cols_null`, `md_columns_desc`, `is_key`, `public_flag`, `active_flag`, `md_tables_id`, `create_by`, `create_date`, `last_update_by`, `last_update_date`) VALUES ('1384718125507624981', '100', 'active_flag', 'char', '1', NULL, 'N', '有效标识，Y有效，N无效', 'N', 'Y', 'Y', '1384718125323075584', '1003', '2021-04-21 11:58:22', '1003', '2021-04-21 11:58:22');
INSERT INTO `demo`.`md_columns` (`md_columns_id`, `tenant_id`, `md_columns_name`, `md_columns_type`, `md_columns_length`, `md_dec_length`, `is_cols_null`, `md_columns_desc`, `is_key`, `public_flag`, `active_flag`, `md_tables_id`, `create_by`, `create_date`, `last_update_by`, `last_update_date`) VALUES ('1384718125507624982', '100', 'create_date', 'timestamp', NULL, NULL, 'N', '创建时间', 'N', 'Y', 'Y', '1384718125323075584', '1003', '2021-04-21 11:58:22', '1003', '2021-04-21 11:58:22');
INSERT INTO `demo`.`md_columns` (`md_columns_id`, `tenant_id`, `md_columns_name`, `md_columns_type`, `md_columns_length`, `md_dec_length`, `is_cols_null`, `md_columns_desc`, `is_key`, `public_flag`, `active_flag`, `md_tables_id`, `create_by`, `create_date`, `last_update_by`, `last_update_date`) VALUES ('1384718125507624983', '100', 'create_by', 'bigint', '19', '0', 'N', '创建人ID，对用用户ID', 'N', 'Y', 'Y', '1384718125323075584', '1003', '2021-04-21 11:58:22', '1003', '2021-04-21 11:58:22');
INSERT INTO `demo`.`md_columns` (`md_columns_id`, `tenant_id`, `md_columns_name`, `md_columns_type`, `md_columns_length`, `md_dec_length`, `is_cols_null`, `md_columns_desc`, `is_key`, `public_flag`, `active_flag`, `md_tables_id`, `create_by`, `create_date`, `last_update_by`, `last_update_date`) VALUES ('1384718125507624984', '100', 'last_update_date', 'timestamp', NULL, NULL, 'N', '最后更新时间', 'N', 'Y', 'Y', '1384718125323075584', '1003', '2021-04-21 11:58:22', '1003', '2021-04-21 11:58:22');
INSERT INTO `demo`.`md_columns` (`md_columns_id`, `tenant_id`, `md_columns_name`, `md_columns_type`, `md_columns_length`, `md_dec_length`, `is_cols_null`, `md_columns_desc`, `is_key`, `public_flag`, `active_flag`, `md_tables_id`, `create_by`, `create_date`, `last_update_by`, `last_update_date`) VALUES ('1384718125507624985', '100', 'last_update_by', 'bigint', '19', '0', 'N', '最后更新人ID，对用用户ID', 'N', 'Y', 'Y', '1384718125323075584', '1003', '2021-04-21 11:58:22', '1003', '2021-04-21 11:58:22');

commit;
INSERT INTO `demo`.`md_entities` (`md_entity_id`, `tenant_id`, `md_entity_name`, `md_entity_code`, `md_entity_name_en`, `md_entity_desc`, `md_tables_id`, `sys_flag`, `public_flag`, `text_column1`, `text_column2`, `text_column3`, `text_column4`, `text_column5`, `int_column1`, `int_column2`, `int_column3`, `num_column1`, `num_column2`, `num_column3`, `date_column1`, `date_column2`, `date_column3`, `active_flag`, `create_by`, `create_date`, `last_update_by`, `last_update_date`) VALUES ('1384718859007508480', '100', 'UI页面模板', 'ui_template', 'ui_template', 'UI页面模板', '1384718125323075584', 'Y', 'Y', NULL, NULL, NULL, NULL, NULL, NULL, NULL, NULL, NULL, NULL, NULL, NULL, NULL, NULL, 'Y', '1003', '2021-04-21 12:01:17', '1003', '2021-04-21 12:01:17');
INSERT INTO `demo`.`md_entities` (`md_entity_id`, `tenant_id`, `md_entity_name`, `md_entity_code`, `md_entity_name_en`, `md_entity_desc`, `md_tables_id`, `sys_flag`, `public_flag`, `text_column1`, `text_column2`, `text_column3`, `text_column4`, `text_column5`, `int_column1`, `int_column2`, `int_column3`, `num_column1`, `num_column2`, `num_column3`, `date_column1`, `date_column2`, `date_column3`, `active_flag`, `create_by`, `create_date`, `last_update_by`, `last_update_date`) VALUES ('1384718860400017408', '100', 'UI模板和实体关系', 'ui_entity_rel', 'ui_entity_rel', 'UI模板和实体关系', '1384718124261916672', 'Y', 'Y', NULL, NULL, NULL, NULL, NULL, NULL, NULL, NULL, NULL, NULL, NULL, NULL, NULL, NULL, 'Y', '1003', '2021-04-21 12:01:17', '1003', '2021-04-21 12:01:17');
INSERT INTO `demo`.`md_entities` (`md_entity_id`, `tenant_id`, `md_entity_name`, `md_entity_code`, `md_entity_name_en`, `md_entity_desc`, `md_tables_id`, `sys_flag`, `public_flag`, `text_column1`, `text_column2`, `text_column3`, `text_column4`, `text_column5`, `int_column1`, `int_column2`, `int_column3`, `num_column1`, `num_column2`, `num_column3`, `date_column1`, `date_column2`, `date_column3`, `active_flag`, `create_by`, `create_date`, `last_update_by`, `last_update_date`) VALUES ('1384718861767360512', '100', 'UI属性', 'ui_fields', 'ui_fields', 'UI属性', '1384718124786204672', 'Y', 'Y', NULL, NULL, NULL, NULL, NULL, NULL, NULL, NULL, NULL, NULL, NULL, NULL, NULL, NULL, 'Y', '1003', '2021-04-21 12:01:18', '1003', '2021-04-21 12:01:18');

INSERT INTO `demo`.`md_fields` (`md_fields_id`, `tenant_id`, `md_entity_id`, `md_fields_name`, `md_fields_name_en`, `md_fields_type`, `md_fields_length`, `md_decimals_length`, `is_null`, `is_indexed`, `is_unique`, `md_fields_desc`, `md_columns_id`, `lookup_flag`, `lookup_entity`, `lookup_type`, `public_flag`, `default_value`, `active_flag`, `create_by`, `create_date`, `last_update_by`, `last_update_date`, `is_key`, `md_fields_name_cn`) VALUES ('1384718859724734464', '100', '1384718859007508480', 'ui_template_id', 'ui_template_id', 'bigint', '19', '0', 'N', 'N', 'N', 'UI模板ID', '1384718125507624960', 'N', NULL, NULL, 'N', NULL, 'Y', '1003', '2021-04-21 12:01:17', '1003', '2021-04-21 12:01:17', 'Y', NULL);
INSERT INTO `demo`.`md_fields` (`md_fields_id`, `tenant_id`, `md_entity_id`, `md_fields_name`, `md_fields_name_en`, `md_fields_type`, `md_fields_length`, `md_decimals_length`, `is_null`, `is_indexed`, `is_unique`, `md_fields_desc`, `md_columns_id`, `lookup_flag`, `lookup_entity`, `lookup_type`, `public_flag`, `default_value`, `active_flag`, `create_by`, `create_date`, `last_update_by`, `last_update_date`, `is_key`, `md_fields_name_cn`) VALUES ('1384718859724734465', '100', '1384718859007508480', 'tenant_id', 'tenant_id', 'bigint', '19', '0', 'N', 'N', 'N', '租户ID', '1384718125507624961', 'N', NULL, NULL, 'N', NULL, 'Y', '1003', '2021-04-21 12:01:17', '1003', '2021-04-21 12:01:17', 'N', NULL);
INSERT INTO `demo`.`md_fields` (`md_fields_id`, `tenant_id`, `md_entity_id`, `md_fields_name`, `md_fields_name_en`, `md_fields_type`, `md_fields_length`, `md_decimals_length`, `is_null`, `is_indexed`, `is_unique`, `md_fields_desc`, `md_columns_id`, `lookup_flag`, `lookup_entity`, `lookup_type`, `public_flag`, `default_value`, `active_flag`, `create_by`, `create_date`, `last_update_by`, `last_update_date`, `is_key`, `md_fields_name_cn`) VALUES ('1384718859724734466', '100', '1384718859007508480', 'ui_template_name', 'ui_template_name', 'varchar', '200', NULL, 'N', 'N', 'N', 'UI页面模板名称', '1384718125507624962', 'N', NULL, NULL, 'N', NULL, 'Y', '1003', '2021-04-21 12:01:17', '1003', '2021-04-21 12:01:17', 'N', NULL);
INSERT INTO `demo`.`md_fields` (`md_fields_id`, `tenant_id`, `md_entity_id`, `md_fields_name`, `md_fields_name_en`, `md_fields_type`, `md_fields_length`, `md_decimals_length`, `is_null`, `is_indexed`, `is_unique`, `md_fields_desc`, `md_columns_id`, `lookup_flag`, `lookup_entity`, `lookup_type`, `public_flag`, `default_value`, `active_flag`, `create_by`, `create_date`, `last_update_by`, `last_update_date`, `is_key`, `md_fields_name_cn`) VALUES ('1384718859724734467', '100', '1384718859007508480', 'ui_template_type', 'ui_template_type', 'varchar', '200', NULL, 'N', 'N', 'N', '模板类型，html/html5/android', '1384718125507624963', 'N', NULL, NULL, 'N', NULL, 'Y', '1003', '2021-04-21 12:01:17', '1003', '2021-04-21 12:01:17', 'N', NULL);
INSERT INTO `demo`.`md_fields` (`md_fields_id`, `tenant_id`, `md_entity_id`, `md_fields_name`, `md_fields_name_en`, `md_fields_type`, `md_fields_length`, `md_decimals_length`, `is_null`, `is_indexed`, `is_unique`, `md_fields_desc`, `md_columns_id`, `lookup_flag`, `lookup_entity`, `lookup_type`, `public_flag`, `default_value`, `active_flag`, `create_by`, `create_date`, `last_update_by`, `last_update_date`, `is_key`, `md_fields_name_cn`) VALUES ('1384718859724734468', '100', '1384718859007508480', 'ui_template_model', 'ui_template_model', 'varchar', '200', NULL, 'N', 'N', 'N', '模板模式，套模板，瀑布式：Waterflow,多页签：MultiTab等', '1384718125507624964', 'N', NULL, NULL, 'N', NULL, 'Y', '1003', '2021-04-21 12:01:17', '1003', '2021-04-21 12:01:17', 'N', NULL);
INSERT INTO `demo`.`md_fields` (`md_fields_id`, `tenant_id`, `md_entity_id`, `md_fields_name`, `md_fields_name_en`, `md_fields_type`, `md_fields_length`, `md_decimals_length`, `is_null`, `is_indexed`, `is_unique`, `md_fields_desc`, `md_columns_id`, `lookup_flag`, `lookup_entity`, `lookup_type`, `public_flag`, `default_value`, `active_flag`, `create_by`, `create_date`, `last_update_by`, `last_update_date`, `is_key`, `md_fields_name_cn`) VALUES ('1384718859724734469', '100', '1384718859007508480', 'public_flag', 'public_flag', 'char', '1', NULL, 'N', 'N', 'N', '跨租户共享标识，Y是，N否', '1384718125507624966', 'N', NULL, NULL, 'N', NULL, 'Y', '1003', '2021-04-21 12:01:17', '1003', '2021-04-21 12:01:17', 'N', NULL);
INSERT INTO `demo`.`md_fields` (`md_fields_id`, `tenant_id`, `md_entity_id`, `md_fields_name`, `md_fields_name_en`, `md_fields_type`, `md_fields_length`, `md_decimals_length`, `is_null`, `is_indexed`, `is_unique`, `md_fields_desc`, `md_columns_id`, `lookup_flag`, `lookup_entity`, `lookup_type`, `public_flag`, `default_value`, `active_flag`, `create_by`, `create_date`, `last_update_by`, `last_update_date`, `is_key`, `md_fields_name_cn`) VALUES ('1384718859724734470', '100', '1384718859007508480', 'active_flag', 'active_flag', 'char', '1', NULL, 'N', 'N', 'N', '有效标识，Y有效，N无效', '1384718125507624981', 'N', NULL, NULL, 'N', NULL, 'Y', '1003', '2021-04-21 12:01:17', '1003', '2021-04-21 12:01:17', 'N', NULL);
INSERT INTO `demo`.`md_fields` (`md_fields_id`, `tenant_id`, `md_entity_id`, `md_fields_name`, `md_fields_name_en`, `md_fields_type`, `md_fields_length`, `md_decimals_length`, `is_null`, `is_indexed`, `is_unique`, `md_fields_desc`, `md_columns_id`, `lookup_flag`, `lookup_entity`, `lookup_type`, `public_flag`, `default_value`, `active_flag`, `create_by`, `create_date`, `last_update_by`, `last_update_date`, `is_key`, `md_fields_name_cn`) VALUES ('1384718860056084480', '100', '1384718859007508480', 'ui_template_id', 'ui_template_id', 'bigint', '19', '0', 'N', 'N', 'N', 'UI模板ID', '1384718125507624960', 'N', NULL, NULL, 'N', NULL, 'Y', '1003', '2021-04-21 12:01:17', '1003', '2021-04-21 12:01:17', 'N', NULL);
INSERT INTO `demo`.`md_fields` (`md_fields_id`, `tenant_id`, `md_entity_id`, `md_fields_name`, `md_fields_name_en`, `md_fields_type`, `md_fields_length`, `md_decimals_length`, `is_null`, `is_indexed`, `is_unique`, `md_fields_desc`, `md_columns_id`, `lookup_flag`, `lookup_entity`, `lookup_type`, `public_flag`, `default_value`, `active_flag`, `create_by`, `create_date`, `last_update_by`, `last_update_date`, `is_key`, `md_fields_name_cn`) VALUES ('1384718860056084481', '100', '1384718859007508480', 'tenant_id', 'tenant_id', 'bigint', '19', '0', 'N', 'N', 'N', '租户ID', '1384718125507624961', 'N', NULL, NULL, 'N', NULL, 'Y', '1003', '2021-04-21 12:01:17', '1003', '2021-04-21 12:01:17', 'N', NULL);
INSERT INTO `demo`.`md_fields` (`md_fields_id`, `tenant_id`, `md_entity_id`, `md_fields_name`, `md_fields_name_en`, `md_fields_type`, `md_fields_length`, `md_decimals_length`, `is_null`, `is_indexed`, `is_unique`, `md_fields_desc`, `md_columns_id`, `lookup_flag`, `lookup_entity`, `lookup_type`, `public_flag`, `default_value`, `active_flag`, `create_by`, `create_date`, `last_update_by`, `last_update_date`, `is_key`, `md_fields_name_cn`) VALUES ('1384718860056084482', '100', '1384718859007508480', 'ui_template_name', 'ui_template_name', 'varchar', '200', NULL, 'N', 'N', 'N', 'UI页面模板名称', '1384718125507624962', 'N', NULL, NULL, 'N', NULL, 'Y', '1003', '2021-04-21 12:01:17', '1003', '2021-04-21 12:01:17', 'N', NULL);
INSERT INTO `demo`.`md_fields` (`md_fields_id`, `tenant_id`, `md_entity_id`, `md_fields_name`, `md_fields_name_en`, `md_fields_type`, `md_fields_length`, `md_decimals_length`, `is_null`, `is_indexed`, `is_unique`, `md_fields_desc`, `md_columns_id`, `lookup_flag`, `lookup_entity`, `lookup_type`, `public_flag`, `default_value`, `active_flag`, `create_by`, `create_date`, `last_update_by`, `last_update_date`, `is_key`, `md_fields_name_cn`) VALUES ('1384718860056084483', '100', '1384718859007508480', 'ui_template_type', 'ui_template_type', 'varchar', '200', NULL, 'N', 'N', 'N', '模板类型，html/html5/android', '1384718125507624963', 'N', NULL, NULL, 'N', NULL, 'Y', '1003', '2021-04-21 12:01:17', '1003', '2021-04-21 12:01:17', 'N', NULL);
INSERT INTO `demo`.`md_fields` (`md_fields_id`, `tenant_id`, `md_entity_id`, `md_fields_name`, `md_fields_name_en`, `md_fields_type`, `md_fields_length`, `md_decimals_length`, `is_null`, `is_indexed`, `is_unique`, `md_fields_desc`, `md_columns_id`, `lookup_flag`, `lookup_entity`, `lookup_type`, `public_flag`, `default_value`, `active_flag`, `create_by`, `create_date`, `last_update_by`, `last_update_date`, `is_key`, `md_fields_name_cn`) VALUES ('1384718860056084484', '100', '1384718859007508480', 'ui_template_model', 'ui_template_model', 'varchar', '200', NULL, 'N', 'N', 'N', '模板模式，套模板，瀑布式：Waterflow,多页签：MultiTab等', '1384718125507624964', 'N', NULL, NULL, 'N', NULL, 'Y', '1003', '2021-04-21 12:01:17', '1003', '2021-04-21 12:01:17', 'N', NULL);
INSERT INTO `demo`.`md_fields` (`md_fields_id`, `tenant_id`, `md_entity_id`, `md_fields_name`, `md_fields_name_en`, `md_fields_type`, `md_fields_length`, `md_decimals_length`, `is_null`, `is_indexed`, `is_unique`, `md_fields_desc`, `md_columns_id`, `lookup_flag`, `lookup_entity`, `lookup_type`, `public_flag`, `default_value`, `active_flag`, `create_by`, `create_date`, `last_update_by`, `last_update_date`, `is_key`, `md_fields_name_cn`) VALUES ('1384718860056084485', '100', '1384718859007508480', 'ui_template_desc', 'ui_template_desc', 'varchar', '2000', NULL, 'Y', 'N', 'N', 'UI模板描述', '1384718125507624965', 'N', NULL, NULL, 'N', NULL, 'Y', '1003', '2021-04-21 12:01:17', '1003', '2021-04-21 12:01:17', 'N', NULL);
INSERT INTO `demo`.`md_fields` (`md_fields_id`, `tenant_id`, `md_entity_id`, `md_fields_name`, `md_fields_name_en`, `md_fields_type`, `md_fields_length`, `md_decimals_length`, `is_null`, `is_indexed`, `is_unique`, `md_fields_desc`, `md_columns_id`, `lookup_flag`, `lookup_entity`, `lookup_type`, `public_flag`, `default_value`, `active_flag`, `create_by`, `create_date`, `last_update_by`, `last_update_date`, `is_key`, `md_fields_name_cn`) VALUES ('1384718860056084486', '100', '1384718859007508480', 'public_flag', 'public_flag', 'char', '1', NULL, 'N', 'N', 'N', '跨租户共享标识，Y是，N否', '1384718125507624966', 'N', NULL, NULL, 'N', NULL, 'Y', '1003', '2021-04-21 12:01:17', '1003', '2021-04-21 12:01:17', 'N', NULL);
INSERT INTO `demo`.`md_fields` (`md_fields_id`, `tenant_id`, `md_entity_id`, `md_fields_name`, `md_fields_name_en`, `md_fields_type`, `md_fields_length`, `md_decimals_length`, `is_null`, `is_indexed`, `is_unique`, `md_fields_desc`, `md_columns_id`, `lookup_flag`, `lookup_entity`, `lookup_type`, `public_flag`, `default_value`, `active_flag`, `create_by`, `create_date`, `last_update_by`, `last_update_date`, `is_key`, `md_fields_name_cn`) VALUES ('1384718860056084487', '100', '1384718859007508480', 'text_column1', 'text_column1', 'varchar', '2000', NULL, 'Y', 'N', 'N', '预留文本字段1', '1384718125507624967', 'N', NULL, NULL, 'N', NULL, 'Y', '1003', '2021-04-21 12:01:17', '1003', '2021-04-21 12:01:17', 'N', NULL);
INSERT INTO `demo`.`md_fields` (`md_fields_id`, `tenant_id`, `md_entity_id`, `md_fields_name`, `md_fields_name_en`, `md_fields_type`, `md_fields_length`, `md_decimals_length`, `is_null`, `is_indexed`, `is_unique`, `md_fields_desc`, `md_columns_id`, `lookup_flag`, `lookup_entity`, `lookup_type`, `public_flag`, `default_value`, `active_flag`, `create_by`, `create_date`, `last_update_by`, `last_update_date`, `is_key`, `md_fields_name_cn`) VALUES ('1384718860056084488', '100', '1384718859007508480', 'text_column2', 'text_column2', 'varchar', '2000', NULL, 'Y', 'N', 'N', '预留文本字段2', '1384718125507624968', 'N', NULL, NULL, 'N', NULL, 'Y', '1003', '2021-04-21 12:01:17', '1003', '2021-04-21 12:01:17', 'N', NULL);
INSERT INTO `demo`.`md_fields` (`md_fields_id`, `tenant_id`, `md_entity_id`, `md_fields_name`, `md_fields_name_en`, `md_fields_type`, `md_fields_length`, `md_decimals_length`, `is_null`, `is_indexed`, `is_unique`, `md_fields_desc`, `md_columns_id`, `lookup_flag`, `lookup_entity`, `lookup_type`, `public_flag`, `default_value`, `active_flag`, `create_by`, `create_date`, `last_update_by`, `last_update_date`, `is_key`, `md_fields_name_cn`) VALUES ('1384718860056084489', '100', '1384718859007508480', 'text_column3', 'text_column3', 'varchar', '2000', NULL, 'Y', 'N', 'N', '预留文本字段3', '1384718125507624969', 'N', NULL, NULL, 'N', NULL, 'Y', '1003', '2021-04-21 12:01:17', '1003', '2021-04-21 12:01:17', 'N', NULL);
INSERT INTO `demo`.`md_fields` (`md_fields_id`, `tenant_id`, `md_entity_id`, `md_fields_name`, `md_fields_name_en`, `md_fields_type`, `md_fields_length`, `md_decimals_length`, `is_null`, `is_indexed`, `is_unique`, `md_fields_desc`, `md_columns_id`, `lookup_flag`, `lookup_entity`, `lookup_type`, `public_flag`, `default_value`, `active_flag`, `create_by`, `create_date`, `last_update_by`, `last_update_date`, `is_key`, `md_fields_name_cn`) VALUES ('1384718860056084490', '100', '1384718859007508480', 'text_column4', 'text_column4', 'varchar', '2000', NULL, 'Y', 'N', 'N', '预留文本字段4', '1384718125507624970', 'N', NULL, NULL, 'N', NULL, 'Y', '1003', '2021-04-21 12:01:17', '1003', '2021-04-21 12:01:17', 'N', NULL);
INSERT INTO `demo`.`md_fields` (`md_fields_id`, `tenant_id`, `md_entity_id`, `md_fields_name`, `md_fields_name_en`, `md_fields_type`, `md_fields_length`, `md_decimals_length`, `is_null`, `is_indexed`, `is_unique`, `md_fields_desc`, `md_columns_id`, `lookup_flag`, `lookup_entity`, `lookup_type`, `public_flag`, `default_value`, `active_flag`, `create_by`, `create_date`, `last_update_by`, `last_update_date`, `is_key`, `md_fields_name_cn`) VALUES ('1384718860056084491', '100', '1384718859007508480', 'text_column5', 'text_column5', 'varchar', '2000', NULL, 'Y', 'N', 'N', '预留文本字段5', '1384718125507624971', 'N', NULL, NULL, 'N', NULL, 'Y', '1003', '2021-04-21 12:01:17', '1003', '2021-04-21 12:01:17', 'N', NULL);
INSERT INTO `demo`.`md_fields` (`md_fields_id`, `tenant_id`, `md_entity_id`, `md_fields_name`, `md_fields_name_en`, `md_fields_type`, `md_fields_length`, `md_decimals_length`, `is_null`, `is_indexed`, `is_unique`, `md_fields_desc`, `md_columns_id`, `lookup_flag`, `lookup_entity`, `lookup_type`, `public_flag`, `default_value`, `active_flag`, `create_by`, `create_date`, `last_update_by`, `last_update_date`, `is_key`, `md_fields_name_cn`) VALUES ('1384718860056084492', '100', '1384718859007508480', 'int_column1', 'int_column1', 'bigint', '19', '0', 'Y', 'N', 'N', '预留整数字段1', '1384718125507624972', 'N', NULL, NULL, 'N', NULL, 'Y', '1003', '2021-04-21 12:01:17', '1003', '2021-04-21 12:01:17', 'N', NULL);
INSERT INTO `demo`.`md_fields` (`md_fields_id`, `tenant_id`, `md_entity_id`, `md_fields_name`, `md_fields_name_en`, `md_fields_type`, `md_fields_length`, `md_decimals_length`, `is_null`, `is_indexed`, `is_unique`, `md_fields_desc`, `md_columns_id`, `lookup_flag`, `lookup_entity`, `lookup_type`, `public_flag`, `default_value`, `active_flag`, `create_by`, `create_date`, `last_update_by`, `last_update_date`, `is_key`, `md_fields_name_cn`) VALUES ('1384718860056084493', '100', '1384718859007508480', 'int_column2', 'int_column2', 'bigint', '19', '0', 'Y', 'N', 'N', '预留整数字段2', '1384718125507624973', 'N', NULL, NULL, 'N', NULL, 'Y', '1003', '2021-04-21 12:01:17', '1003', '2021-04-21 12:01:17', 'N', NULL);
INSERT INTO `demo`.`md_fields` (`md_fields_id`, `tenant_id`, `md_entity_id`, `md_fields_name`, `md_fields_name_en`, `md_fields_type`, `md_fields_length`, `md_decimals_length`, `is_null`, `is_indexed`, `is_unique`, `md_fields_desc`, `md_columns_id`, `lookup_flag`, `lookup_entity`, `lookup_type`, `public_flag`, `default_value`, `active_flag`, `create_by`, `create_date`, `last_update_by`, `last_update_date`, `is_key`, `md_fields_name_cn`) VALUES ('1384718860056084494', '100', '1384718859007508480', 'int_column3', 'int_column3', 'bigint', '19', '0', 'Y', 'N', 'N', '预留整数字段3', '1384718125507624974', 'N', NULL, NULL, 'N', NULL, 'Y', '1003', '2021-04-21 12:01:17', '1003', '2021-04-21 12:01:17', 'N', NULL);
INSERT INTO `demo`.`md_fields` (`md_fields_id`, `tenant_id`, `md_entity_id`, `md_fields_name`, `md_fields_name_en`, `md_fields_type`, `md_fields_length`, `md_decimals_length`, `is_null`, `is_indexed`, `is_unique`, `md_fields_desc`, `md_columns_id`, `lookup_flag`, `lookup_entity`, `lookup_type`, `public_flag`, `default_value`, `active_flag`, `create_by`, `create_date`, `last_update_by`, `last_update_date`, `is_key`, `md_fields_name_cn`) VALUES ('1384718860056084495', '100', '1384718859007508480', 'num_column1', 'num_column1', 'decimal', '30', '8', 'Y', 'N', 'N', '预留数值字段1', '1384718125507624975', 'N', NULL, NULL, 'N', NULL, 'Y', '1003', '2021-04-21 12:01:17', '1003', '2021-04-21 12:01:17', 'N', NULL);
INSERT INTO `demo`.`md_fields` (`md_fields_id`, `tenant_id`, `md_entity_id`, `md_fields_name`, `md_fields_name_en`, `md_fields_type`, `md_fields_length`, `md_decimals_length`, `is_null`, `is_indexed`, `is_unique`, `md_fields_desc`, `md_columns_id`, `lookup_flag`, `lookup_entity`, `lookup_type`, `public_flag`, `default_value`, `active_flag`, `create_by`, `create_date`, `last_update_by`, `last_update_date`, `is_key`, `md_fields_name_cn`) VALUES ('1384718860056084496', '100', '1384718859007508480', 'num_column2', 'num_column2', 'decimal', '30', '8', 'Y', 'N', 'N', '预留数值字段2', '1384718125507624976', 'N', NULL, NULL, 'N', NULL, 'Y', '1003', '2021-04-21 12:01:17', '1003', '2021-04-21 12:01:17', 'N', NULL);
INSERT INTO `demo`.`md_fields` (`md_fields_id`, `tenant_id`, `md_entity_id`, `md_fields_name`, `md_fields_name_en`, `md_fields_type`, `md_fields_length`, `md_decimals_length`, `is_null`, `is_indexed`, `is_unique`, `md_fields_desc`, `md_columns_id`, `lookup_flag`, `lookup_entity`, `lookup_type`, `public_flag`, `default_value`, `active_flag`, `create_by`, `create_date`, `last_update_by`, `last_update_date`, `is_key`, `md_fields_name_cn`) VALUES ('1384718860056084497', '100', '1384718859007508480', 'num_column3', 'num_column3', 'decimal', '30', '8', 'Y', 'N', 'N', '预留数值字段3', '1384718125507624977', 'N', NULL, NULL, 'N', NULL, 'Y', '1003', '2021-04-21 12:01:17', '1003', '2021-04-21 12:01:17', 'N', NULL);
INSERT INTO `demo`.`md_fields` (`md_fields_id`, `tenant_id`, `md_entity_id`, `md_fields_name`, `md_fields_name_en`, `md_fields_type`, `md_fields_length`, `md_decimals_length`, `is_null`, `is_indexed`, `is_unique`, `md_fields_desc`, `md_columns_id`, `lookup_flag`, `lookup_entity`, `lookup_type`, `public_flag`, `default_value`, `active_flag`, `create_by`, `create_date`, `last_update_by`, `last_update_date`, `is_key`, `md_fields_name_cn`) VALUES ('1384718860056084498', '100', '1384718859007508480', 'date_column1', 'date_column1', 'timestamp', NULL, NULL, 'Y', 'N', 'N', '预留日期字段1', '1384718125507624978', 'N', NULL, NULL, 'N', NULL, 'Y', '1003', '2021-04-21 12:01:17', '1003', '2021-04-21 12:01:17', 'N', NULL);
INSERT INTO `demo`.`md_fields` (`md_fields_id`, `tenant_id`, `md_entity_id`, `md_fields_name`, `md_fields_name_en`, `md_fields_type`, `md_fields_length`, `md_decimals_length`, `is_null`, `is_indexed`, `is_unique`, `md_fields_desc`, `md_columns_id`, `lookup_flag`, `lookup_entity`, `lookup_type`, `public_flag`, `default_value`, `active_flag`, `create_by`, `create_date`, `last_update_by`, `last_update_date`, `is_key`, `md_fields_name_cn`) VALUES ('1384718860056084499', '100', '1384718859007508480', 'date_column2', 'date_column2', 'timestamp', NULL, NULL, 'Y', 'N', 'N', '预留日期字段2', '1384718125507624979', 'N', NULL, NULL, 'N', NULL, 'Y', '1003', '2021-04-21 12:01:17', '1003', '2021-04-21 12:01:17', 'N', NULL);
INSERT INTO `demo`.`md_fields` (`md_fields_id`, `tenant_id`, `md_entity_id`, `md_fields_name`, `md_fields_name_en`, `md_fields_type`, `md_fields_length`, `md_decimals_length`, `is_null`, `is_indexed`, `is_unique`, `md_fields_desc`, `md_columns_id`, `lookup_flag`, `lookup_entity`, `lookup_type`, `public_flag`, `default_value`, `active_flag`, `create_by`, `create_date`, `last_update_by`, `last_update_date`, `is_key`, `md_fields_name_cn`) VALUES ('1384718860056084500', '100', '1384718859007508480', 'date_column3', 'date_column3', 'timestamp', NULL, NULL, 'Y', 'N', 'N', '预留日期字段3', '1384718125507624980', 'N', NULL, NULL, 'N', NULL, 'Y', '1003', '2021-04-21 12:01:17', '1003', '2021-04-21 12:01:17', 'N', NULL);
INSERT INTO `demo`.`md_fields` (`md_fields_id`, `tenant_id`, `md_entity_id`, `md_fields_name`, `md_fields_name_en`, `md_fields_type`, `md_fields_length`, `md_decimals_length`, `is_null`, `is_indexed`, `is_unique`, `md_fields_desc`, `md_columns_id`, `lookup_flag`, `lookup_entity`, `lookup_type`, `public_flag`, `default_value`, `active_flag`, `create_by`, `create_date`, `last_update_by`, `last_update_date`, `is_key`, `md_fields_name_cn`) VALUES ('1384718860056084501', '100', '1384718859007508480', 'active_flag', 'active_flag', 'char', '1', NULL, 'N', 'N', 'N', '有效标识，Y有效，N无效', '1384718125507624981', 'N', NULL, NULL, 'N', NULL, 'Y', '1003', '2021-04-21 12:01:17', '1003', '2021-04-21 12:01:17', 'N', NULL);
INSERT INTO `demo`.`md_fields` (`md_fields_id`, `tenant_id`, `md_entity_id`, `md_fields_name`, `md_fields_name_en`, `md_fields_type`, `md_fields_length`, `md_decimals_length`, `is_null`, `is_indexed`, `is_unique`, `md_fields_desc`, `md_columns_id`, `lookup_flag`, `lookup_entity`, `lookup_type`, `public_flag`, `default_value`, `active_flag`, `create_by`, `create_date`, `last_update_by`, `last_update_date`, `is_key`, `md_fields_name_cn`) VALUES ('1384718860056084502', '100', '1384718859007508480', 'create_date', 'create_date', 'timestamp', NULL, NULL, 'N', 'N', 'N', '创建时间', '1384718125507624982', 'N', NULL, NULL, 'N', NULL, 'Y', '1003', '2021-04-21 12:01:17', '1003', '2021-04-21 12:01:17', 'N', NULL);
INSERT INTO `demo`.`md_fields` (`md_fields_id`, `tenant_id`, `md_entity_id`, `md_fields_name`, `md_fields_name_en`, `md_fields_type`, `md_fields_length`, `md_decimals_length`, `is_null`, `is_indexed`, `is_unique`, `md_fields_desc`, `md_columns_id`, `lookup_flag`, `lookup_entity`, `lookup_type`, `public_flag`, `default_value`, `active_flag`, `create_by`, `create_date`, `last_update_by`, `last_update_date`, `is_key`, `md_fields_name_cn`) VALUES ('1384718860056084503', '100', '1384718859007508480', 'create_by', 'create_by', 'bigint', '19', '0', 'N', 'N', 'N', '创建人ID，对用用户ID', '1384718125507624983', 'N', NULL, NULL, 'N', NULL, 'Y', '1003', '2021-04-21 12:01:17', '1003', '2021-04-21 12:01:17', 'N', NULL);
INSERT INTO `demo`.`md_fields` (`md_fields_id`, `tenant_id`, `md_entity_id`, `md_fields_name`, `md_fields_name_en`, `md_fields_type`, `md_fields_length`, `md_decimals_length`, `is_null`, `is_indexed`, `is_unique`, `md_fields_desc`, `md_columns_id`, `lookup_flag`, `lookup_entity`, `lookup_type`, `public_flag`, `default_value`, `active_flag`, `create_by`, `create_date`, `last_update_by`, `last_update_date`, `is_key`, `md_fields_name_cn`) VALUES ('1384718860056084504', '100', '1384718859007508480', 'last_update_date', 'last_update_date', 'timestamp', NULL, NULL, 'N', 'N', 'N', '最后更新时间', '1384718125507624984', 'N', NULL, NULL, 'N', NULL, 'Y', '1003', '2021-04-21 12:01:17', '1003', '2021-04-21 12:01:17', 'N', NULL);
INSERT INTO `demo`.`md_fields` (`md_fields_id`, `tenant_id`, `md_entity_id`, `md_fields_name`, `md_fields_name_en`, `md_fields_type`, `md_fields_length`, `md_decimals_length`, `is_null`, `is_indexed`, `is_unique`, `md_fields_desc`, `md_columns_id`, `lookup_flag`, `lookup_entity`, `lookup_type`, `public_flag`, `default_value`, `active_flag`, `create_by`, `create_date`, `last_update_by`, `last_update_date`, `is_key`, `md_fields_name_cn`) VALUES ('1384718860056084505', '100', '1384718859007508480', 'last_update_by', 'last_update_by', 'bigint', '19', '0', 'N', 'N', 'N', '最后更新人ID，对用用户ID', '1384718125507624985', 'N', NULL, NULL, 'N', NULL, 'Y', '1003', '2021-04-21 12:01:17', '1003', '2021-04-21 12:01:17', 'N', NULL);
INSERT INTO `demo`.`md_fields` (`md_fields_id`, `tenant_id`, `md_entity_id`, `md_fields_name`, `md_fields_name_en`, `md_fields_type`, `md_fields_length`, `md_decimals_length`, `is_null`, `is_indexed`, `is_unique`, `md_fields_desc`, `md_columns_id`, `lookup_flag`, `lookup_entity`, `lookup_type`, `public_flag`, `default_value`, `active_flag`, `create_by`, `create_date`, `last_update_by`, `last_update_date`, `is_key`, `md_fields_name_cn`) VALUES ('1384718861096271872', '100', '1384718860400017408', 'ui_entity_rel_id', 'ui_entity_rel_id', 'bigint', '19', '0', 'N', 'N', 'N', 'UI模板和实体关系ID', '1384718124471631872', 'N', NULL, NULL, 'N', NULL, 'Y', '1003', '2021-04-21 12:01:18', '1003', '2021-04-21 12:01:18', 'Y', NULL);
INSERT INTO `demo`.`md_fields` (`md_fields_id`, `tenant_id`, `md_entity_id`, `md_fields_name`, `md_fields_name_en`, `md_fields_type`, `md_fields_length`, `md_decimals_length`, `is_null`, `is_indexed`, `is_unique`, `md_fields_desc`, `md_columns_id`, `lookup_flag`, `lookup_entity`, `lookup_type`, `public_flag`, `default_value`, `active_flag`, `create_by`, `create_date`, `last_update_by`, `last_update_date`, `is_key`, `md_fields_name_cn`) VALUES ('1384718861096271873', '100', '1384718860400017408', 'ui_template_id', 'ui_template_id', 'bigint', '19', '0', 'N', 'N', 'N', 'UI模板ID', '1384718124471631873', 'N', NULL, NULL, 'N', NULL, 'Y', '1003', '2021-04-21 12:01:18', '1003', '2021-04-21 12:01:18', 'N', NULL);
INSERT INTO `demo`.`md_fields` (`md_fields_id`, `tenant_id`, `md_entity_id`, `md_fields_name`, `md_fields_name_en`, `md_fields_type`, `md_fields_length`, `md_decimals_length`, `is_null`, `is_indexed`, `is_unique`, `md_fields_desc`, `md_columns_id`, `lookup_flag`, `lookup_entity`, `lookup_type`, `public_flag`, `default_value`, `active_flag`, `create_by`, `create_date`, `last_update_by`, `last_update_date`, `is_key`, `md_fields_name_cn`) VALUES ('1384718861096271874', '100', '1384718860400017408', 'tenant_id', 'tenant_id', 'bigint', '19', '0', 'N', 'N', 'N', '租户ID', '1384718124471631874', 'N', NULL, NULL, 'N', NULL, 'Y', '1003', '2021-04-21 12:01:18', '1003', '2021-04-21 12:01:18', 'N', NULL);
INSERT INTO `demo`.`md_fields` (`md_fields_id`, `tenant_id`, `md_entity_id`, `md_fields_name`, `md_fields_name_en`, `md_fields_type`, `md_fields_length`, `md_decimals_length`, `is_null`, `is_indexed`, `is_unique`, `md_fields_desc`, `md_columns_id`, `lookup_flag`, `lookup_entity`, `lookup_type`, `public_flag`, `default_value`, `active_flag`, `create_by`, `create_date`, `last_update_by`, `last_update_date`, `is_key`, `md_fields_name_cn`) VALUES ('1384718861096271875', '100', '1384718860400017408', 'entity_type', 'entity_type', 'varchar', '200', NULL, 'N', 'N', 'N', '实体类型，Entity、View', '1384718124471631875', 'N', NULL, NULL, 'N', NULL, 'Y', '1003', '2021-04-21 12:01:18', '1003', '2021-04-21 12:01:18', 'N', NULL);
INSERT INTO `demo`.`md_fields` (`md_fields_id`, `tenant_id`, `md_entity_id`, `md_fields_name`, `md_fields_name_en`, `md_fields_type`, `md_fields_length`, `md_decimals_length`, `is_null`, `is_indexed`, `is_unique`, `md_fields_desc`, `md_columns_id`, `lookup_flag`, `lookup_entity`, `lookup_type`, `public_flag`, `default_value`, `active_flag`, `create_by`, `create_date`, `last_update_by`, `last_update_date`, `is_key`, `md_fields_name_cn`) VALUES ('1384718861096271876', '100', '1384718860400017408', 'entity_id', 'entity_id', 'bigint', '19', '0', 'N', 'N', 'N', '元数据实体ID', '1384718124471631876', 'N', NULL, NULL, 'N', NULL, 'Y', '1003', '2021-04-21 12:01:18', '1003', '2021-04-21 12:01:18', 'N', NULL);
INSERT INTO `demo`.`md_fields` (`md_fields_id`, `tenant_id`, `md_entity_id`, `md_fields_name`, `md_fields_name_en`, `md_fields_type`, `md_fields_length`, `md_decimals_length`, `is_null`, `is_indexed`, `is_unique`, `md_fields_desc`, `md_columns_id`, `lookup_flag`, `lookup_entity`, `lookup_type`, `public_flag`, `default_value`, `active_flag`, `create_by`, `create_date`, `last_update_by`, `last_update_date`, `is_key`, `md_fields_name_cn`) VALUES ('1384718861096271877', '100', '1384718860400017408', 'entity_sequence', 'entity_sequence', 'int', '10', '0', 'N', 'N', 'N', '实体顺序号', '1384718124471631877', 'N', NULL, NULL, 'N', NULL, 'Y', '1003', '2021-04-21 12:01:18', '1003', '2021-04-21 12:01:18', 'N', NULL);
INSERT INTO `demo`.`md_fields` (`md_fields_id`, `tenant_id`, `md_entity_id`, `md_fields_name`, `md_fields_name_en`, `md_fields_type`, `md_fields_length`, `md_decimals_length`, `is_null`, `is_indexed`, `is_unique`, `md_fields_desc`, `md_columns_id`, `lookup_flag`, `lookup_entity`, `lookup_type`, `public_flag`, `default_value`, `active_flag`, `create_by`, `create_date`, `last_update_by`, `last_update_date`, `is_key`, `md_fields_name_cn`) VALUES ('1384718861096271878', '100', '1384718860400017408', 'public_flag', 'public_flag', 'char', '1', NULL, 'N', 'N', 'N', '跨租户共享标识，Y是，N否', '1384718124471631879', 'N', NULL, NULL, 'N', NULL, 'Y', '1003', '2021-04-21 12:01:18', '1003', '2021-04-21 12:01:18', 'N', NULL);
INSERT INTO `demo`.`md_fields` (`md_fields_id`, `tenant_id`, `md_entity_id`, `md_fields_name`, `md_fields_name_en`, `md_fields_type`, `md_fields_length`, `md_decimals_length`, `is_null`, `is_indexed`, `is_unique`, `md_fields_desc`, `md_columns_id`, `lookup_flag`, `lookup_entity`, `lookup_type`, `public_flag`, `default_value`, `active_flag`, `create_by`, `create_date`, `last_update_by`, `last_update_date`, `is_key`, `md_fields_name_cn`) VALUES ('1384718861096271879', '100', '1384718860400017408', 'active_flag', 'active_flag', 'char', '1', NULL, 'N', 'N', 'N', '有效标识，Y有效，N无效', '1384718124471631894', 'N', NULL, NULL, 'N', NULL, 'Y', '1003', '2021-04-21 12:01:18', '1003', '2021-04-21 12:01:18', 'N', NULL);
INSERT INTO `demo`.`md_fields` (`md_fields_id`, `tenant_id`, `md_entity_id`, `md_fields_name`, `md_fields_name_en`, `md_fields_type`, `md_fields_length`, `md_decimals_length`, `is_null`, `is_indexed`, `is_unique`, `md_fields_desc`, `md_columns_id`, `lookup_flag`, `lookup_entity`, `lookup_type`, `public_flag`, `default_value`, `active_flag`, `create_by`, `create_date`, `last_update_by`, `last_update_date`, `is_key`, `md_fields_name_cn`) VALUES ('1384718861448593408', '100', '1384718860400017408', 'ui_entity_rel_id', 'ui_entity_rel_id', 'bigint', '19', '0', 'N', 'N', 'N', 'UI模板和实体关系ID', '1384718124471631872', 'N', NULL, NULL, 'N', NULL, 'Y', '1003', '2021-04-21 12:01:18', '1003', '2021-04-21 12:01:18', 'N', NULL);
INSERT INTO `demo`.`md_fields` (`md_fields_id`, `tenant_id`, `md_entity_id`, `md_fields_name`, `md_fields_name_en`, `md_fields_type`, `md_fields_length`, `md_decimals_length`, `is_null`, `is_indexed`, `is_unique`, `md_fields_desc`, `md_columns_id`, `lookup_flag`, `lookup_entity`, `lookup_type`, `public_flag`, `default_value`, `active_flag`, `create_by`, `create_date`, `last_update_by`, `last_update_date`, `is_key`, `md_fields_name_cn`) VALUES ('1384718861448593409', '100', '1384718860400017408', 'ui_template_id', 'ui_template_id', 'bigint', '19', '0', 'N', 'N', 'N', 'UI模板ID', '1384718124471631873', 'N', NULL, NULL, 'N', NULL, 'Y', '1003', '2021-04-21 12:01:18', '1003', '2021-04-21 12:01:18', 'N', NULL);
INSERT INTO `demo`.`md_fields` (`md_fields_id`, `tenant_id`, `md_entity_id`, `md_fields_name`, `md_fields_name_en`, `md_fields_type`, `md_fields_length`, `md_decimals_length`, `is_null`, `is_indexed`, `is_unique`, `md_fields_desc`, `md_columns_id`, `lookup_flag`, `lookup_entity`, `lookup_type`, `public_flag`, `default_value`, `active_flag`, `create_by`, `create_date`, `last_update_by`, `last_update_date`, `is_key`, `md_fields_name_cn`) VALUES ('1384718861448593410', '100', '1384718860400017408', 'tenant_id', 'tenant_id', 'bigint', '19', '0', 'N', 'N', 'N', '租户ID', '1384718124471631874', 'N', NULL, NULL, 'N', NULL, 'Y', '1003', '2021-04-21 12:01:18', '1003', '2021-04-21 12:01:18', 'N', NULL);
INSERT INTO `demo`.`md_fields` (`md_fields_id`, `tenant_id`, `md_entity_id`, `md_fields_name`, `md_fields_name_en`, `md_fields_type`, `md_fields_length`, `md_decimals_length`, `is_null`, `is_indexed`, `is_unique`, `md_fields_desc`, `md_columns_id`, `lookup_flag`, `lookup_entity`, `lookup_type`, `public_flag`, `default_value`, `active_flag`, `create_by`, `create_date`, `last_update_by`, `last_update_date`, `is_key`, `md_fields_name_cn`) VALUES ('1384718861448593411', '100', '1384718860400017408', 'entity_type', 'entity_type', 'varchar', '200', NULL, 'N', 'N', 'N', '实体类型，Entity、View', '1384718124471631875', 'N', NULL, NULL, 'N', NULL, 'Y', '1003', '2021-04-21 12:01:18', '1003', '2021-04-21 12:01:18', 'N', NULL);
INSERT INTO `demo`.`md_fields` (`md_fields_id`, `tenant_id`, `md_entity_id`, `md_fields_name`, `md_fields_name_en`, `md_fields_type`, `md_fields_length`, `md_decimals_length`, `is_null`, `is_indexed`, `is_unique`, `md_fields_desc`, `md_columns_id`, `lookup_flag`, `lookup_entity`, `lookup_type`, `public_flag`, `default_value`, `active_flag`, `create_by`, `create_date`, `last_update_by`, `last_update_date`, `is_key`, `md_fields_name_cn`) VALUES ('1384718861448593412', '100', '1384718860400017408', 'entity_id', 'entity_id', 'bigint', '19', '0', 'N', 'N', 'N', '元数据实体ID', '1384718124471631876', 'N', NULL, NULL, 'N', NULL, 'Y', '1003', '2021-04-21 12:01:18', '1003', '2021-04-21 12:01:18', 'N', NULL);
INSERT INTO `demo`.`md_fields` (`md_fields_id`, `tenant_id`, `md_entity_id`, `md_fields_name`, `md_fields_name_en`, `md_fields_type`, `md_fields_length`, `md_decimals_length`, `is_null`, `is_indexed`, `is_unique`, `md_fields_desc`, `md_columns_id`, `lookup_flag`, `lookup_entity`, `lookup_type`, `public_flag`, `default_value`, `active_flag`, `create_by`, `create_date`, `last_update_by`, `last_update_date`, `is_key`, `md_fields_name_cn`) VALUES ('1384718861448593413', '100', '1384718860400017408', 'entity_sequence', 'entity_sequence', 'int', '10', '0', 'N', 'N', 'N', '实体顺序号', '1384718124471631877', 'N', NULL, NULL, 'N', NULL, 'Y', '1003', '2021-04-21 12:01:18', '1003', '2021-04-21 12:01:18', 'N', NULL);
INSERT INTO `demo`.`md_fields` (`md_fields_id`, `tenant_id`, `md_entity_id`, `md_fields_name`, `md_fields_name_en`, `md_fields_type`, `md_fields_length`, `md_decimals_length`, `is_null`, `is_indexed`, `is_unique`, `md_fields_desc`, `md_columns_id`, `lookup_flag`, `lookup_entity`, `lookup_type`, `public_flag`, `default_value`, `active_flag`, `create_by`, `create_date`, `last_update_by`, `last_update_date`, `is_key`, `md_fields_name_cn`) VALUES ('1384718861448593414', '100', '1384718860400017408', 'ui_entity_rel_desc', 'ui_entity_rel_desc', 'varchar', '2000', NULL, 'Y', 'N', 'N', 'UI模板与实体关系描述', '1384718124471631878', 'N', NULL, NULL, 'N', NULL, 'Y', '1003', '2021-04-21 12:01:18', '1003', '2021-04-21 12:01:18', 'N', NULL);
INSERT INTO `demo`.`md_fields` (`md_fields_id`, `tenant_id`, `md_entity_id`, `md_fields_name`, `md_fields_name_en`, `md_fields_type`, `md_fields_length`, `md_decimals_length`, `is_null`, `is_indexed`, `is_unique`, `md_fields_desc`, `md_columns_id`, `lookup_flag`, `lookup_entity`, `lookup_type`, `public_flag`, `default_value`, `active_flag`, `create_by`, `create_date`, `last_update_by`, `last_update_date`, `is_key`, `md_fields_name_cn`) VALUES ('1384718861448593415', '100', '1384718860400017408', 'public_flag', 'public_flag', 'char', '1', NULL, 'N', 'N', 'N', '跨租户共享标识，Y是，N否', '1384718124471631879', 'N', NULL, NULL, 'N', NULL, 'Y', '1003', '2021-04-21 12:01:18', '1003', '2021-04-21 12:01:18', 'N', NULL);
INSERT INTO `demo`.`md_fields` (`md_fields_id`, `tenant_id`, `md_entity_id`, `md_fields_name`, `md_fields_name_en`, `md_fields_type`, `md_fields_length`, `md_decimals_length`, `is_null`, `is_indexed`, `is_unique`, `md_fields_desc`, `md_columns_id`, `lookup_flag`, `lookup_entity`, `lookup_type`, `public_flag`, `default_value`, `active_flag`, `create_by`, `create_date`, `last_update_by`, `last_update_date`, `is_key`, `md_fields_name_cn`) VALUES ('1384718861448593416', '100', '1384718860400017408', 'text_column1', 'text_column1', 'varchar', '2000', NULL, 'Y', 'N', 'N', '预留文本字段1', '1384718124471631880', 'N', NULL, NULL, 'N', NULL, 'Y', '1003', '2021-04-21 12:01:18', '1003', '2021-04-21 12:01:18', 'N', NULL);
INSERT INTO `demo`.`md_fields` (`md_fields_id`, `tenant_id`, `md_entity_id`, `md_fields_name`, `md_fields_name_en`, `md_fields_type`, `md_fields_length`, `md_decimals_length`, `is_null`, `is_indexed`, `is_unique`, `md_fields_desc`, `md_columns_id`, `lookup_flag`, `lookup_entity`, `lookup_type`, `public_flag`, `default_value`, `active_flag`, `create_by`, `create_date`, `last_update_by`, `last_update_date`, `is_key`, `md_fields_name_cn`) VALUES ('1384718861448593417', '100', '1384718860400017408', 'text_column2', 'text_column2', 'varchar', '2000', NULL, 'Y', 'N', 'N', '预留文本字段2', '1384718124471631881', 'N', NULL, NULL, 'N', NULL, 'Y', '1003', '2021-04-21 12:01:18', '1003', '2021-04-21 12:01:18', 'N', NULL);
INSERT INTO `demo`.`md_fields` (`md_fields_id`, `tenant_id`, `md_entity_id`, `md_fields_name`, `md_fields_name_en`, `md_fields_type`, `md_fields_length`, `md_decimals_length`, `is_null`, `is_indexed`, `is_unique`, `md_fields_desc`, `md_columns_id`, `lookup_flag`, `lookup_entity`, `lookup_type`, `public_flag`, `default_value`, `active_flag`, `create_by`, `create_date`, `last_update_by`, `last_update_date`, `is_key`, `md_fields_name_cn`) VALUES ('1384718861448593418', '100', '1384718860400017408', 'text_column3', 'text_column3', 'varchar', '2000', NULL, 'Y', 'N', 'N', '预留文本字段3', '1384718124471631882', 'N', NULL, NULL, 'N', NULL, 'Y', '1003', '2021-04-21 12:01:18', '1003', '2021-04-21 12:01:18', 'N', NULL);
INSERT INTO `demo`.`md_fields` (`md_fields_id`, `tenant_id`, `md_entity_id`, `md_fields_name`, `md_fields_name_en`, `md_fields_type`, `md_fields_length`, `md_decimals_length`, `is_null`, `is_indexed`, `is_unique`, `md_fields_desc`, `md_columns_id`, `lookup_flag`, `lookup_entity`, `lookup_type`, `public_flag`, `default_value`, `active_flag`, `create_by`, `create_date`, `last_update_by`, `last_update_date`, `is_key`, `md_fields_name_cn`) VALUES ('1384718861448593419', '100', '1384718860400017408', 'text_column4', 'text_column4', 'varchar', '2000', NULL, 'Y', 'N', 'N', '预留文本字段4', '1384718124471631883', 'N', NULL, NULL, 'N', NULL, 'Y', '1003', '2021-04-21 12:01:18', '1003', '2021-04-21 12:01:18', 'N', NULL);
INSERT INTO `demo`.`md_fields` (`md_fields_id`, `tenant_id`, `md_entity_id`, `md_fields_name`, `md_fields_name_en`, `md_fields_type`, `md_fields_length`, `md_decimals_length`, `is_null`, `is_indexed`, `is_unique`, `md_fields_desc`, `md_columns_id`, `lookup_flag`, `lookup_entity`, `lookup_type`, `public_flag`, `default_value`, `active_flag`, `create_by`, `create_date`, `last_update_by`, `last_update_date`, `is_key`, `md_fields_name_cn`) VALUES ('1384718861448593420', '100', '1384718860400017408', 'text_column5', 'text_column5', 'varchar', '2000', NULL, 'Y', 'N', 'N', '预留文本字段5', '1384718124471631884', 'N', NULL, NULL, 'N', NULL, 'Y', '1003', '2021-04-21 12:01:18', '1003', '2021-04-21 12:01:18', 'N', NULL);
INSERT INTO `demo`.`md_fields` (`md_fields_id`, `tenant_id`, `md_entity_id`, `md_fields_name`, `md_fields_name_en`, `md_fields_type`, `md_fields_length`, `md_decimals_length`, `is_null`, `is_indexed`, `is_unique`, `md_fields_desc`, `md_columns_id`, `lookup_flag`, `lookup_entity`, `lookup_type`, `public_flag`, `default_value`, `active_flag`, `create_by`, `create_date`, `last_update_by`, `last_update_date`, `is_key`, `md_fields_name_cn`) VALUES ('1384718861448593421', '100', '1384718860400017408', 'int_column1', 'int_column1', 'bigint', '19', '0', 'Y', 'N', 'N', '预留整数字段1', '1384718124471631885', 'N', NULL, NULL, 'N', NULL, 'Y', '1003', '2021-04-21 12:01:18', '1003', '2021-04-21 12:01:18', 'N', NULL);
INSERT INTO `demo`.`md_fields` (`md_fields_id`, `tenant_id`, `md_entity_id`, `md_fields_name`, `md_fields_name_en`, `md_fields_type`, `md_fields_length`, `md_decimals_length`, `is_null`, `is_indexed`, `is_unique`, `md_fields_desc`, `md_columns_id`, `lookup_flag`, `lookup_entity`, `lookup_type`, `public_flag`, `default_value`, `active_flag`, `create_by`, `create_date`, `last_update_by`, `last_update_date`, `is_key`, `md_fields_name_cn`) VALUES ('1384718861448593422', '100', '1384718860400017408', 'int_column2', 'int_column2', 'bigint', '19', '0', 'Y', 'N', 'N', '预留整数字段2', '1384718124471631886', 'N', NULL, NULL, 'N', NULL, 'Y', '1003', '2021-04-21 12:01:18', '1003', '2021-04-21 12:01:18', 'N', NULL);
INSERT INTO `demo`.`md_fields` (`md_fields_id`, `tenant_id`, `md_entity_id`, `md_fields_name`, `md_fields_name_en`, `md_fields_type`, `md_fields_length`, `md_decimals_length`, `is_null`, `is_indexed`, `is_unique`, `md_fields_desc`, `md_columns_id`, `lookup_flag`, `lookup_entity`, `lookup_type`, `public_flag`, `default_value`, `active_flag`, `create_by`, `create_date`, `last_update_by`, `last_update_date`, `is_key`, `md_fields_name_cn`) VALUES ('1384718861448593423', '100', '1384718860400017408', 'int_column3', 'int_column3', 'bigint', '19', '0', 'Y', 'N', 'N', '预留整数字段3', '1384718124471631887', 'N', NULL, NULL, 'N', NULL, 'Y', '1003', '2021-04-21 12:01:18', '1003', '2021-04-21 12:01:18', 'N', NULL);
INSERT INTO `demo`.`md_fields` (`md_fields_id`, `tenant_id`, `md_entity_id`, `md_fields_name`, `md_fields_name_en`, `md_fields_type`, `md_fields_length`, `md_decimals_length`, `is_null`, `is_indexed`, `is_unique`, `md_fields_desc`, `md_columns_id`, `lookup_flag`, `lookup_entity`, `lookup_type`, `public_flag`, `default_value`, `active_flag`, `create_by`, `create_date`, `last_update_by`, `last_update_date`, `is_key`, `md_fields_name_cn`) VALUES ('1384718861448593424', '100', '1384718860400017408', 'num_column1', 'num_column1', 'decimal', '30', '8', 'Y', 'N', 'N', '预留数值字段1', '1384718124471631888', 'N', NULL, NULL, 'N', NULL, 'Y', '1003', '2021-04-21 12:01:18', '1003', '2021-04-21 12:01:18', 'N', NULL);
INSERT INTO `demo`.`md_fields` (`md_fields_id`, `tenant_id`, `md_entity_id`, `md_fields_name`, `md_fields_name_en`, `md_fields_type`, `md_fields_length`, `md_decimals_length`, `is_null`, `is_indexed`, `is_unique`, `md_fields_desc`, `md_columns_id`, `lookup_flag`, `lookup_entity`, `lookup_type`, `public_flag`, `default_value`, `active_flag`, `create_by`, `create_date`, `last_update_by`, `last_update_date`, `is_key`, `md_fields_name_cn`) VALUES ('1384718861448593425', '100', '1384718860400017408', 'num_column2', 'num_column2', 'decimal', '30', '8', 'Y', 'N', 'N', '预留数值字段2', '1384718124471631889', 'N', NULL, NULL, 'N', NULL, 'Y', '1003', '2021-04-21 12:01:18', '1003', '2021-04-21 12:01:18', 'N', NULL);
INSERT INTO `demo`.`md_fields` (`md_fields_id`, `tenant_id`, `md_entity_id`, `md_fields_name`, `md_fields_name_en`, `md_fields_type`, `md_fields_length`, `md_decimals_length`, `is_null`, `is_indexed`, `is_unique`, `md_fields_desc`, `md_columns_id`, `lookup_flag`, `lookup_entity`, `lookup_type`, `public_flag`, `default_value`, `active_flag`, `create_by`, `create_date`, `last_update_by`, `last_update_date`, `is_key`, `md_fields_name_cn`) VALUES ('1384718861448593426', '100', '1384718860400017408', 'num_column3', 'num_column3', 'decimal', '30', '8', 'Y', 'N', 'N', '预留数值字段3', '1384718124471631890', 'N', NULL, NULL, 'N', NULL, 'Y', '1003', '2021-04-21 12:01:18', '1003', '2021-04-21 12:01:18', 'N', NULL);
INSERT INTO `demo`.`md_fields` (`md_fields_id`, `tenant_id`, `md_entity_id`, `md_fields_name`, `md_fields_name_en`, `md_fields_type`, `md_fields_length`, `md_decimals_length`, `is_null`, `is_indexed`, `is_unique`, `md_fields_desc`, `md_columns_id`, `lookup_flag`, `lookup_entity`, `lookup_type`, `public_flag`, `default_value`, `active_flag`, `create_by`, `create_date`, `last_update_by`, `last_update_date`, `is_key`, `md_fields_name_cn`) VALUES ('1384718861448593427', '100', '1384718860400017408', 'date_column1', 'date_column1', 'timestamp', NULL, NULL, 'Y', 'N', 'N', '预留日期字段1', '1384718124471631891', 'N', NULL, NULL, 'N', NULL, 'Y', '1003', '2021-04-21 12:01:18', '1003', '2021-04-21 12:01:18', 'N', NULL);
INSERT INTO `demo`.`md_fields` (`md_fields_id`, `tenant_id`, `md_entity_id`, `md_fields_name`, `md_fields_name_en`, `md_fields_type`, `md_fields_length`, `md_decimals_length`, `is_null`, `is_indexed`, `is_unique`, `md_fields_desc`, `md_columns_id`, `lookup_flag`, `lookup_entity`, `lookup_type`, `public_flag`, `default_value`, `active_flag`, `create_by`, `create_date`, `last_update_by`, `last_update_date`, `is_key`, `md_fields_name_cn`) VALUES ('1384718861448593428', '100', '1384718860400017408', 'date_column2', 'date_column2', 'timestamp', NULL, NULL, 'Y', 'N', 'N', '预留日期字段2', '1384718124471631892', 'N', NULL, NULL, 'N', NULL, 'Y', '1003', '2021-04-21 12:01:18', '1003', '2021-04-21 12:01:18', 'N', NULL);
INSERT INTO `demo`.`md_fields` (`md_fields_id`, `tenant_id`, `md_entity_id`, `md_fields_name`, `md_fields_name_en`, `md_fields_type`, `md_fields_length`, `md_decimals_length`, `is_null`, `is_indexed`, `is_unique`, `md_fields_desc`, `md_columns_id`, `lookup_flag`, `lookup_entity`, `lookup_type`, `public_flag`, `default_value`, `active_flag`, `create_by`, `create_date`, `last_update_by`, `last_update_date`, `is_key`, `md_fields_name_cn`) VALUES ('1384718861448593429', '100', '1384718860400017408', 'date_column3', 'date_column3', 'timestamp', NULL, NULL, 'Y', 'N', 'N', '预留日期字段3', '1384718124471631893', 'N', NULL, NULL, 'N', NULL, 'Y', '1003', '2021-04-21 12:01:18', '1003', '2021-04-21 12:01:18', 'N', NULL);
INSERT INTO `demo`.`md_fields` (`md_fields_id`, `tenant_id`, `md_entity_id`, `md_fields_name`, `md_fields_name_en`, `md_fields_type`, `md_fields_length`, `md_decimals_length`, `is_null`, `is_indexed`, `is_unique`, `md_fields_desc`, `md_columns_id`, `lookup_flag`, `lookup_entity`, `lookup_type`, `public_flag`, `default_value`, `active_flag`, `create_by`, `create_date`, `last_update_by`, `last_update_date`, `is_key`, `md_fields_name_cn`) VALUES ('1384718861448593430', '100', '1384718860400017408', 'active_flag', 'active_flag', 'char', '1', NULL, 'N', 'N', 'N', '有效标识，Y有效，N无效', '1384718124471631894', 'N', NULL, NULL, 'N', NULL, 'Y', '1003', '2021-04-21 12:01:18', '1003', '2021-04-21 12:01:18', 'N', NULL);
INSERT INTO `demo`.`md_fields` (`md_fields_id`, `tenant_id`, `md_entity_id`, `md_fields_name`, `md_fields_name_en`, `md_fields_type`, `md_fields_length`, `md_decimals_length`, `is_null`, `is_indexed`, `is_unique`, `md_fields_desc`, `md_columns_id`, `lookup_flag`, `lookup_entity`, `lookup_type`, `public_flag`, `default_value`, `active_flag`, `create_by`, `create_date`, `last_update_by`, `last_update_date`, `is_key`, `md_fields_name_cn`) VALUES ('1384718861448593431', '100', '1384718860400017408', 'create_date', 'create_date', 'timestamp', NULL, NULL, 'N', 'N', 'N', '创建时间', '1384718124471631895', 'N', NULL, NULL, 'N', NULL, 'Y', '1003', '2021-04-21 12:01:18', '1003', '2021-04-21 12:01:18', 'N', NULL);
INSERT INTO `demo`.`md_fields` (`md_fields_id`, `tenant_id`, `md_entity_id`, `md_fields_name`, `md_fields_name_en`, `md_fields_type`, `md_fields_length`, `md_decimals_length`, `is_null`, `is_indexed`, `is_unique`, `md_fields_desc`, `md_columns_id`, `lookup_flag`, `lookup_entity`, `lookup_type`, `public_flag`, `default_value`, `active_flag`, `create_by`, `create_date`, `last_update_by`, `last_update_date`, `is_key`, `md_fields_name_cn`) VALUES ('1384718861448593432', '100', '1384718860400017408', 'create_by', 'create_by', 'bigint', '19', '0', 'N', 'N', 'N', '创建人ID，对用用户ID', '1384718124471631896', 'N', NULL, NULL, 'N', NULL, 'Y', '1003', '2021-04-21 12:01:18', '1003', '2021-04-21 12:01:18', 'N', NULL);
INSERT INTO `demo`.`md_fields` (`md_fields_id`, `tenant_id`, `md_entity_id`, `md_fields_name`, `md_fields_name_en`, `md_fields_type`, `md_fields_length`, `md_decimals_length`, `is_null`, `is_indexed`, `is_unique`, `md_fields_desc`, `md_columns_id`, `lookup_flag`, `lookup_entity`, `lookup_type`, `public_flag`, `default_value`, `active_flag`, `create_by`, `create_date`, `last_update_by`, `last_update_date`, `is_key`, `md_fields_name_cn`) VALUES ('1384718861448593433', '100', '1384718860400017408', 'last_update_date', 'last_update_date', 'timestamp', NULL, NULL, 'N', 'N', 'N', '最后更新时间', '1384718124471631897', 'N', NULL, NULL, 'N', NULL, 'Y', '1003', '2021-04-21 12:01:18', '1003', '2021-04-21 12:01:18', 'N', NULL);
INSERT INTO `demo`.`md_fields` (`md_fields_id`, `tenant_id`, `md_entity_id`, `md_fields_name`, `md_fields_name_en`, `md_fields_type`, `md_fields_length`, `md_decimals_length`, `is_null`, `is_indexed`, `is_unique`, `md_fields_desc`, `md_columns_id`, `lookup_flag`, `lookup_entity`, `lookup_type`, `public_flag`, `default_value`, `active_flag`, `create_by`, `create_date`, `last_update_by`, `last_update_date`, `is_key`, `md_fields_name_cn`) VALUES ('1384718861448593434', '100', '1384718860400017408', 'last_update_by', 'last_update_by', 'bigint', '19', '0', 'N', 'N', 'N', '最后更新人ID，对用用户ID', '1384718124471631898', 'N', NULL, NULL, 'N', NULL, 'Y', '1003', '2021-04-21 12:01:18', '1003', '2021-04-21 12:01:18', 'N', NULL);
INSERT INTO `demo`.`md_fields` (`md_fields_id`, `tenant_id`, `md_entity_id`, `md_fields_name`, `md_fields_name_en`, `md_fields_type`, `md_fields_length`, `md_decimals_length`, `is_null`, `is_indexed`, `is_unique`, `md_fields_desc`, `md_columns_id`, `lookup_flag`, `lookup_entity`, `lookup_type`, `public_flag`, `default_value`, `active_flag`, `create_by`, `create_date`, `last_update_by`, `last_update_date`, `is_key`, `md_fields_name_cn`) VALUES ('1384718862467809280', '100', '1384718861767360512', 'ui_fields_id', 'ui_fields_id', 'bigint', '19', '0', 'N', 'N', 'N', 'UI属性主键ID', '1384718124983336960', 'N', NULL, NULL, 'N', NULL, 'Y', '1003', '2021-04-21 12:01:18', '1003', '2021-04-21 12:01:18', 'Y', NULL);
INSERT INTO `demo`.`md_fields` (`md_fields_id`, `tenant_id`, `md_entity_id`, `md_fields_name`, `md_fields_name_en`, `md_fields_type`, `md_fields_length`, `md_decimals_length`, `is_null`, `is_indexed`, `is_unique`, `md_fields_desc`, `md_columns_id`, `lookup_flag`, `lookup_entity`, `lookup_type`, `public_flag`, `default_value`, `active_flag`, `create_by`, `create_date`, `last_update_by`, `last_update_date`, `is_key`, `md_fields_name_cn`) VALUES ('1384718862467809281', '100', '1384718861767360512', 'tenant_id', 'tenant_id', 'bigint', '19', '0', 'N', 'N', 'N', '租户ID', '1384718124983336961', 'N', NULL, NULL, 'N', NULL, 'Y', '1003', '2021-04-21 12:01:18', '1003', '2021-04-21 12:01:18', 'N', NULL);
INSERT INTO `demo`.`md_fields` (`md_fields_id`, `tenant_id`, `md_entity_id`, `md_fields_name`, `md_fields_name_en`, `md_fields_type`, `md_fields_length`, `md_decimals_length`, `is_null`, `is_indexed`, `is_unique`, `md_fields_desc`, `md_columns_id`, `lookup_flag`, `lookup_entity`, `lookup_type`, `public_flag`, `default_value`, `active_flag`, `create_by`, `create_date`, `last_update_by`, `last_update_date`, `is_key`, `md_fields_name_cn`) VALUES ('1384718862467809282', '100', '1384718861767360512', 'ui_entity_rel_id', 'ui_entity_rel_id', 'bigint', '19', '0', 'N', 'N', 'N', 'UI模板和实体关系ID', '1384718124983336962', 'N', NULL, NULL, 'N', NULL, 'Y', '1003', '2021-04-21 12:01:18', '1003', '2021-04-21 12:01:18', 'N', NULL);
INSERT INTO `demo`.`md_fields` (`md_fields_id`, `tenant_id`, `md_entity_id`, `md_fields_name`, `md_fields_name_en`, `md_fields_type`, `md_fields_length`, `md_decimals_length`, `is_null`, `is_indexed`, `is_unique`, `md_fields_desc`, `md_columns_id`, `lookup_flag`, `lookup_entity`, `lookup_type`, `public_flag`, `default_value`, `active_flag`, `create_by`, `create_date`, `last_update_by`, `last_update_date`, `is_key`, `md_fields_name_cn`) VALUES ('1384718862467809283', '100', '1384718861767360512', 'md_field_id', 'md_field_id', 'bigint', '19', '0', 'N', 'N', 'N', '实体属性ID', '1384718124983336963', 'N', NULL, NULL, 'N', NULL, 'Y', '1003', '2021-04-21 12:01:18', '1003', '2021-04-21 12:01:18', 'N', NULL);
INSERT INTO `demo`.`md_fields` (`md_fields_id`, `tenant_id`, `md_entity_id`, `md_fields_name`, `md_fields_name_en`, `md_fields_type`, `md_fields_length`, `md_decimals_length`, `is_null`, `is_indexed`, `is_unique`, `md_fields_desc`, `md_columns_id`, `lookup_flag`, `lookup_entity`, `lookup_type`, `public_flag`, `default_value`, `active_flag`, `create_by`, `create_date`, `last_update_by`, `last_update_date`, `is_key`, `md_fields_name_cn`) VALUES ('1384718862467809284', '100', '1384718861767360512', 'ui_fields_type', 'ui_fields_type', 'varchar', '200', NULL, 'N', 'N', 'N', 'UI属性类型，Basic(继承实体字段的类型)/Int/Lookup等，绑定不同类型页面组件', '1384718124983336964', 'N', NULL, NULL, 'N', NULL, 'Y', '1003', '2021-04-21 12:01:18', '1003', '2021-04-21 12:01:18', 'N', NULL);
INSERT INTO `demo`.`md_fields` (`md_fields_id`, `tenant_id`, `md_entity_id`, `md_fields_name`, `md_fields_name_en`, `md_fields_type`, `md_fields_length`, `md_decimals_length`, `is_null`, `is_indexed`, `is_unique`, `md_fields_desc`, `md_columns_id`, `lookup_flag`, `lookup_entity`, `lookup_type`, `public_flag`, `default_value`, `active_flag`, `create_by`, `create_date`, `last_update_by`, `last_update_date`, `is_key`, `md_fields_name_cn`) VALUES ('1384718862467809285', '100', '1384718861767360512', 'public_flag', 'public_flag', 'char', '1', NULL, 'N', 'N', 'N', '跨租户共享标识，Y是，N否', '1384718124983336970', 'N', NULL, NULL, 'N', NULL, 'Y', '1003', '2021-04-21 12:01:18', '1003', '2021-04-21 12:01:18', 'N', NULL);
INSERT INTO `demo`.`md_fields` (`md_fields_id`, `tenant_id`, `md_entity_id`, `md_fields_name`, `md_fields_name_en`, `md_fields_type`, `md_fields_length`, `md_decimals_length`, `is_null`, `is_indexed`, `is_unique`, `md_fields_desc`, `md_columns_id`, `lookup_flag`, `lookup_entity`, `lookup_type`, `public_flag`, `default_value`, `active_flag`, `create_by`, `create_date`, `last_update_by`, `last_update_date`, `is_key`, `md_fields_name_cn`) VALUES ('1384718862467809286', '100', '1384718861767360512', 'active_flag', 'active_flag', 'char', '1', NULL, 'N', 'N', 'N', '有效标识，Y有效，N无效', '1384718124983336985', 'N', NULL, NULL, 'N', NULL, 'Y', '1003', '2021-04-21 12:01:18', '1003', '2021-04-21 12:01:18', 'N', NULL);
INSERT INTO `demo`.`md_fields` (`md_fields_id`, `tenant_id`, `md_entity_id`, `md_fields_name`, `md_fields_name_en`, `md_fields_type`, `md_fields_length`, `md_decimals_length`, `is_null`, `is_indexed`, `is_unique`, `md_fields_desc`, `md_columns_id`, `lookup_flag`, `lookup_entity`, `lookup_type`, `public_flag`, `default_value`, `active_flag`, `create_by`, `create_date`, `last_update_by`, `last_update_date`, `is_key`, `md_fields_name_cn`) VALUES ('1384718862803353600', '100', '1384718861767360512', 'ui_fields_id', 'ui_fields_id', 'bigint', '19', '0', 'N', 'N', 'N', 'UI属性主键ID', '1384718124983336960', 'N', NULL, NULL, 'N', NULL, 'Y', '1003', '2021-04-21 12:01:18', '1003', '2021-04-21 12:01:18', 'N', NULL);
INSERT INTO `demo`.`md_fields` (`md_fields_id`, `tenant_id`, `md_entity_id`, `md_fields_name`, `md_fields_name_en`, `md_fields_type`, `md_fields_length`, `md_decimals_length`, `is_null`, `is_indexed`, `is_unique`, `md_fields_desc`, `md_columns_id`, `lookup_flag`, `lookup_entity`, `lookup_type`, `public_flag`, `default_value`, `active_flag`, `create_by`, `create_date`, `last_update_by`, `last_update_date`, `is_key`, `md_fields_name_cn`) VALUES ('1384718862803353601', '100', '1384718861767360512', 'tenant_id', 'tenant_id', 'bigint', '19', '0', 'N', 'N', 'N', '租户ID', '1384718124983336961', 'N', NULL, NULL, 'N', NULL, 'Y', '1003', '2021-04-21 12:01:18', '1003', '2021-04-21 12:01:18', 'N', NULL);
INSERT INTO `demo`.`md_fields` (`md_fields_id`, `tenant_id`, `md_entity_id`, `md_fields_name`, `md_fields_name_en`, `md_fields_type`, `md_fields_length`, `md_decimals_length`, `is_null`, `is_indexed`, `is_unique`, `md_fields_desc`, `md_columns_id`, `lookup_flag`, `lookup_entity`, `lookup_type`, `public_flag`, `default_value`, `active_flag`, `create_by`, `create_date`, `last_update_by`, `last_update_date`, `is_key`, `md_fields_name_cn`) VALUES ('1384718862803353602', '100', '1384718861767360512', 'ui_entity_rel_id', 'ui_entity_rel_id', 'bigint', '19', '0', 'N', 'N', 'N', 'UI模板和实体关系ID', '1384718124983336962', 'N', NULL, NULL, 'N', NULL, 'Y', '1003', '2021-04-21 12:01:18', '1003', '2021-04-21 12:01:18', 'N', NULL);
INSERT INTO `demo`.`md_fields` (`md_fields_id`, `tenant_id`, `md_entity_id`, `md_fields_name`, `md_fields_name_en`, `md_fields_type`, `md_fields_length`, `md_decimals_length`, `is_null`, `is_indexed`, `is_unique`, `md_fields_desc`, `md_columns_id`, `lookup_flag`, `lookup_entity`, `lookup_type`, `public_flag`, `default_value`, `active_flag`, `create_by`, `create_date`, `last_update_by`, `last_update_date`, `is_key`, `md_fields_name_cn`) VALUES ('1384718862803353603', '100', '1384718861767360512', 'md_field_id', 'md_field_id', 'bigint', '19', '0', 'N', 'N', 'N', '实体属性ID', '1384718124983336963', 'N', NULL, NULL, 'N', NULL, 'Y', '1003', '2021-04-21 12:01:18', '1003', '2021-04-21 12:01:18', 'N', NULL);
INSERT INTO `demo`.`md_fields` (`md_fields_id`, `tenant_id`, `md_entity_id`, `md_fields_name`, `md_fields_name_en`, `md_fields_type`, `md_fields_length`, `md_decimals_length`, `is_null`, `is_indexed`, `is_unique`, `md_fields_desc`, `md_columns_id`, `lookup_flag`, `lookup_entity`, `lookup_type`, `public_flag`, `default_value`, `active_flag`, `create_by`, `create_date`, `last_update_by`, `last_update_date`, `is_key`, `md_fields_name_cn`) VALUES ('1384718862803353604', '100', '1384718861767360512', 'ui_fields_type', 'ui_fields_type', 'varchar', '200', NULL, 'N', 'N', 'N', 'UI属性类型，Basic(继承实体字段的类型)/Int/Lookup等，绑定不同类型页面组件', '1384718124983336964', 'N', NULL, NULL, 'N', NULL, 'Y', '1003', '2021-04-21 12:01:18', '1003', '2021-04-21 12:01:18', 'N', NULL);
INSERT INTO `demo`.`md_fields` (`md_fields_id`, `tenant_id`, `md_entity_id`, `md_fields_name`, `md_fields_name_en`, `md_fields_type`, `md_fields_length`, `md_decimals_length`, `is_null`, `is_indexed`, `is_unique`, `md_fields_desc`, `md_columns_id`, `lookup_flag`, `lookup_entity`, `lookup_type`, `public_flag`, `default_value`, `active_flag`, `create_by`, `create_date`, `last_update_by`, `last_update_date`, `is_key`, `md_fields_name_cn`) VALUES ('1384718862803353605', '100', '1384718861767360512', 'ui_fields_name_cn', 'ui_fields_name_cn', 'varchar', '200', NULL, 'Y', 'N', 'N', 'UI属性中文名称', '1384718124983336965', 'N', NULL, NULL, 'N', NULL, 'Y', '1003', '2021-04-21 12:01:18', '1003', '2021-04-21 12:01:18', 'N', NULL);
INSERT INTO `demo`.`md_fields` (`md_fields_id`, `tenant_id`, `md_entity_id`, `md_fields_name`, `md_fields_name_en`, `md_fields_type`, `md_fields_length`, `md_decimals_length`, `is_null`, `is_indexed`, `is_unique`, `md_fields_desc`, `md_columns_id`, `lookup_flag`, `lookup_entity`, `lookup_type`, `public_flag`, `default_value`, `active_flag`, `create_by`, `create_date`, `last_update_by`, `last_update_date`, `is_key`, `md_fields_name_cn`) VALUES ('1384718862803353606', '100', '1384718861767360512', 'ui_fields_name_en', 'ui_fields_name_en', 'varchar', '200', NULL, 'Y', 'N', 'N', 'UI属性英文名称', '1384718124983336966', 'N', NULL, NULL, 'N', NULL, 'Y', '1003', '2021-04-21 12:01:18', '1003', '2021-04-21 12:01:18', 'N', NULL);
INSERT INTO `demo`.`md_fields` (`md_fields_id`, `tenant_id`, `md_entity_id`, `md_fields_name`, `md_fields_name_en`, `md_fields_type`, `md_fields_length`, `md_decimals_length`, `is_null`, `is_indexed`, `is_unique`, `md_fields_desc`, `md_columns_id`, `lookup_flag`, `lookup_entity`, `lookup_type`, `public_flag`, `default_value`, `active_flag`, `create_by`, `create_date`, `last_update_by`, `last_update_date`, `is_key`, `md_fields_name_cn`) VALUES ('1384718862803353607', '100', '1384718861767360512', 'ui_fields_desc', 'ui_fields_desc', 'varchar', '2000', NULL, 'Y', 'N', 'N', 'UI模板属性描述', '1384718124983336967', 'N', NULL, NULL, 'N', NULL, 'Y', '1003', '2021-04-21 12:01:18', '1003', '2021-04-21 12:01:18', 'N', NULL);
INSERT INTO `demo`.`md_fields` (`md_fields_id`, `tenant_id`, `md_entity_id`, `md_fields_name`, `md_fields_name_en`, `md_fields_type`, `md_fields_length`, `md_decimals_length`, `is_null`, `is_indexed`, `is_unique`, `md_fields_desc`, `md_columns_id`, `lookup_flag`, `lookup_entity`, `lookup_type`, `public_flag`, `default_value`, `active_flag`, `create_by`, `create_date`, `last_update_by`, `last_update_date`, `is_key`, `md_fields_name_cn`) VALUES ('1384718862803353608', '100', '1384718861767360512', 'field_sequence', 'field_sequence', 'int', '10', '0', 'Y', 'N', 'N', '属性顺序号', '1384718124983336968', 'N', NULL, NULL, 'N', NULL, 'Y', '1003', '2021-04-21 12:01:18', '1003', '2021-04-21 12:01:18', 'N', NULL);
INSERT INTO `demo`.`md_fields` (`md_fields_id`, `tenant_id`, `md_entity_id`, `md_fields_name`, `md_fields_name_en`, `md_fields_type`, `md_fields_length`, `md_decimals_length`, `is_null`, `is_indexed`, `is_unique`, `md_fields_desc`, `md_columns_id`, `lookup_flag`, `lookup_entity`, `lookup_type`, `public_flag`, `default_value`, `active_flag`, `create_by`, `create_date`, `last_update_by`, `last_update_date`, `is_key`, `md_fields_name_cn`) VALUES ('1384718862803353609', '100', '1384718861767360512', 'linked_field_id', 'linked_field_id', 'bigint', '19', '0', 'Y', 'N', 'N', '属性联动UI字段', '1384718124983336969', 'N', NULL, NULL, 'N', NULL, 'Y', '1003', '2021-04-21 12:01:18', '1003', '2021-04-21 12:01:18', 'N', NULL);
INSERT INTO `demo`.`md_fields` (`md_fields_id`, `tenant_id`, `md_entity_id`, `md_fields_name`, `md_fields_name_en`, `md_fields_type`, `md_fields_length`, `md_decimals_length`, `is_null`, `is_indexed`, `is_unique`, `md_fields_desc`, `md_columns_id`, `lookup_flag`, `lookup_entity`, `lookup_type`, `public_flag`, `default_value`, `active_flag`, `create_by`, `create_date`, `last_update_by`, `last_update_date`, `is_key`, `md_fields_name_cn`) VALUES ('1384718862803353610', '100', '1384718861767360512', 'public_flag', 'public_flag', 'char', '1', NULL, 'N', 'N', 'N', '跨租户共享标识，Y是，N否', '1384718124983336970', 'N', NULL, NULL, 'N', NULL, 'Y', '1003', '2021-04-21 12:01:18', '1003', '2021-04-21 12:01:18', 'N', NULL);
INSERT INTO `demo`.`md_fields` (`md_fields_id`, `tenant_id`, `md_entity_id`, `md_fields_name`, `md_fields_name_en`, `md_fields_type`, `md_fields_length`, `md_decimals_length`, `is_null`, `is_indexed`, `is_unique`, `md_fields_desc`, `md_columns_id`, `lookup_flag`, `lookup_entity`, `lookup_type`, `public_flag`, `default_value`, `active_flag`, `create_by`, `create_date`, `last_update_by`, `last_update_date`, `is_key`, `md_fields_name_cn`) VALUES ('1384718862803353611', '100', '1384718861767360512', 'text_column1', 'text_column1', 'varchar', '2000', NULL, 'Y', 'N', 'N', '预留文本字段1', '1384718124983336971', 'N', NULL, NULL, 'N', NULL, 'Y', '1003', '2021-04-21 12:01:18', '1003', '2021-04-21 12:01:18', 'N', NULL);
INSERT INTO `demo`.`md_fields` (`md_fields_id`, `tenant_id`, `md_entity_id`, `md_fields_name`, `md_fields_name_en`, `md_fields_type`, `md_fields_length`, `md_decimals_length`, `is_null`, `is_indexed`, `is_unique`, `md_fields_desc`, `md_columns_id`, `lookup_flag`, `lookup_entity`, `lookup_type`, `public_flag`, `default_value`, `active_flag`, `create_by`, `create_date`, `last_update_by`, `last_update_date`, `is_key`, `md_fields_name_cn`) VALUES ('1384718862803353612', '100', '1384718861767360512', 'text_column2', 'text_column2', 'varchar', '2000', NULL, 'Y', 'N', 'N', '预留文本字段2', '1384718124983336972', 'N', NULL, NULL, 'N', NULL, 'Y', '1003', '2021-04-21 12:01:18', '1003', '2021-04-21 12:01:18', 'N', NULL);
INSERT INTO `demo`.`md_fields` (`md_fields_id`, `tenant_id`, `md_entity_id`, `md_fields_name`, `md_fields_name_en`, `md_fields_type`, `md_fields_length`, `md_decimals_length`, `is_null`, `is_indexed`, `is_unique`, `md_fields_desc`, `md_columns_id`, `lookup_flag`, `lookup_entity`, `lookup_type`, `public_flag`, `default_value`, `active_flag`, `create_by`, `create_date`, `last_update_by`, `last_update_date`, `is_key`, `md_fields_name_cn`) VALUES ('1384718862803353613', '100', '1384718861767360512', 'text_column3', 'text_column3', 'varchar', '2000', NULL, 'Y', 'N', 'N', '预留文本字段3', '1384718124983336973', 'N', NULL, NULL, 'N', NULL, 'Y', '1003', '2021-04-21 12:01:18', '1003', '2021-04-21 12:01:18', 'N', NULL);
INSERT INTO `demo`.`md_fields` (`md_fields_id`, `tenant_id`, `md_entity_id`, `md_fields_name`, `md_fields_name_en`, `md_fields_type`, `md_fields_length`, `md_decimals_length`, `is_null`, `is_indexed`, `is_unique`, `md_fields_desc`, `md_columns_id`, `lookup_flag`, `lookup_entity`, `lookup_type`, `public_flag`, `default_value`, `active_flag`, `create_by`, `create_date`, `last_update_by`, `last_update_date`, `is_key`, `md_fields_name_cn`) VALUES ('1384718862803353614', '100', '1384718861767360512', 'text_column4', 'text_column4', 'varchar', '2000', NULL, 'Y', 'N', 'N', '预留文本字段4', '1384718124983336974', 'N', NULL, NULL, 'N', NULL, 'Y', '1003', '2021-04-21 12:01:18', '1003', '2021-04-21 12:01:18', 'N', NULL);
INSERT INTO `demo`.`md_fields` (`md_fields_id`, `tenant_id`, `md_entity_id`, `md_fields_name`, `md_fields_name_en`, `md_fields_type`, `md_fields_length`, `md_decimals_length`, `is_null`, `is_indexed`, `is_unique`, `md_fields_desc`, `md_columns_id`, `lookup_flag`, `lookup_entity`, `lookup_type`, `public_flag`, `default_value`, `active_flag`, `create_by`, `create_date`, `last_update_by`, `last_update_date`, `is_key`, `md_fields_name_cn`) VALUES ('1384718862803353615', '100', '1384718861767360512', 'text_column5', 'text_column5', 'varchar', '2000', NULL, 'Y', 'N', 'N', '预留文本字段5', '1384718124983336975', 'N', NULL, NULL, 'N', NULL, 'Y', '1003', '2021-04-21 12:01:18', '1003', '2021-04-21 12:01:18', 'N', NULL);
INSERT INTO `demo`.`md_fields` (`md_fields_id`, `tenant_id`, `md_entity_id`, `md_fields_name`, `md_fields_name_en`, `md_fields_type`, `md_fields_length`, `md_decimals_length`, `is_null`, `is_indexed`, `is_unique`, `md_fields_desc`, `md_columns_id`, `lookup_flag`, `lookup_entity`, `lookup_type`, `public_flag`, `default_value`, `active_flag`, `create_by`, `create_date`, `last_update_by`, `last_update_date`, `is_key`, `md_fields_name_cn`) VALUES ('1384718862803353616', '100', '1384718861767360512', 'int_column1', 'int_column1', 'bigint', '19', '0', 'Y', 'N', 'N', '预留整数字段1', '1384718124983336976', 'N', NULL, NULL, 'N', NULL, 'Y', '1003', '2021-04-21 12:01:18', '1003', '2021-04-21 12:01:18', 'N', NULL);
INSERT INTO `demo`.`md_fields` (`md_fields_id`, `tenant_id`, `md_entity_id`, `md_fields_name`, `md_fields_name_en`, `md_fields_type`, `md_fields_length`, `md_decimals_length`, `is_null`, `is_indexed`, `is_unique`, `md_fields_desc`, `md_columns_id`, `lookup_flag`, `lookup_entity`, `lookup_type`, `public_flag`, `default_value`, `active_flag`, `create_by`, `create_date`, `last_update_by`, `last_update_date`, `is_key`, `md_fields_name_cn`) VALUES ('1384718862803353617', '100', '1384718861767360512', 'int_column2', 'int_column2', 'bigint', '19', '0', 'Y', 'N', 'N', '预留整数字段2', '1384718124983336977', 'N', NULL, NULL, 'N', NULL, 'Y', '1003', '2021-04-21 12:01:18', '1003', '2021-04-21 12:01:18', 'N', NULL);
INSERT INTO `demo`.`md_fields` (`md_fields_id`, `tenant_id`, `md_entity_id`, `md_fields_name`, `md_fields_name_en`, `md_fields_type`, `md_fields_length`, `md_decimals_length`, `is_null`, `is_indexed`, `is_unique`, `md_fields_desc`, `md_columns_id`, `lookup_flag`, `lookup_entity`, `lookup_type`, `public_flag`, `default_value`, `active_flag`, `create_by`, `create_date`, `last_update_by`, `last_update_date`, `is_key`, `md_fields_name_cn`) VALUES ('1384718862803353618', '100', '1384718861767360512', 'int_column3', 'int_column3', 'bigint', '19', '0', 'Y', 'N', 'N', '预留整数字段3', '1384718124983336978', 'N', NULL, NULL, 'N', NULL, 'Y', '1003', '2021-04-21 12:01:18', '1003', '2021-04-21 12:01:18', 'N', NULL);
INSERT INTO `demo`.`md_fields` (`md_fields_id`, `tenant_id`, `md_entity_id`, `md_fields_name`, `md_fields_name_en`, `md_fields_type`, `md_fields_length`, `md_decimals_length`, `is_null`, `is_indexed`, `is_unique`, `md_fields_desc`, `md_columns_id`, `lookup_flag`, `lookup_entity`, `lookup_type`, `public_flag`, `default_value`, `active_flag`, `create_by`, `create_date`, `last_update_by`, `last_update_date`, `is_key`, `md_fields_name_cn`) VALUES ('1384718862803353619', '100', '1384718861767360512', 'num_column1', 'num_column1', 'decimal', '30', '8', 'Y', 'N', 'N', '预留数值字段1', '1384718124983336979', 'N', NULL, NULL, 'N', NULL, 'Y', '1003', '2021-04-21 12:01:18', '1003', '2021-04-21 12:01:18', 'N', NULL);
INSERT INTO `demo`.`md_fields` (`md_fields_id`, `tenant_id`, `md_entity_id`, `md_fields_name`, `md_fields_name_en`, `md_fields_type`, `md_fields_length`, `md_decimals_length`, `is_null`, `is_indexed`, `is_unique`, `md_fields_desc`, `md_columns_id`, `lookup_flag`, `lookup_entity`, `lookup_type`, `public_flag`, `default_value`, `active_flag`, `create_by`, `create_date`, `last_update_by`, `last_update_date`, `is_key`, `md_fields_name_cn`) VALUES ('1384718862803353620', '100', '1384718861767360512', 'num_column2', 'num_column2', 'decimal', '30', '8', 'Y', 'N', 'N', '预留数值字段2', '1384718124983336980', 'N', NULL, NULL, 'N', NULL, 'Y', '1003', '2021-04-21 12:01:18', '1003', '2021-04-21 12:01:18', 'N', NULL);
INSERT INTO `demo`.`md_fields` (`md_fields_id`, `tenant_id`, `md_entity_id`, `md_fields_name`, `md_fields_name_en`, `md_fields_type`, `md_fields_length`, `md_decimals_length`, `is_null`, `is_indexed`, `is_unique`, `md_fields_desc`, `md_columns_id`, `lookup_flag`, `lookup_entity`, `lookup_type`, `public_flag`, `default_value`, `active_flag`, `create_by`, `create_date`, `last_update_by`, `last_update_date`, `is_key`, `md_fields_name_cn`) VALUES ('1384718862803353621', '100', '1384718861767360512', 'num_column3', 'num_column3', 'decimal', '30', '8', 'Y', 'N', 'N', '预留数值字段3', '1384718124983336981', 'N', NULL, NULL, 'N', NULL, 'Y', '1003', '2021-04-21 12:01:18', '1003', '2021-04-21 12:01:18', 'N', NULL);
INSERT INTO `demo`.`md_fields` (`md_fields_id`, `tenant_id`, `md_entity_id`, `md_fields_name`, `md_fields_name_en`, `md_fields_type`, `md_fields_length`, `md_decimals_length`, `is_null`, `is_indexed`, `is_unique`, `md_fields_desc`, `md_columns_id`, `lookup_flag`, `lookup_entity`, `lookup_type`, `public_flag`, `default_value`, `active_flag`, `create_by`, `create_date`, `last_update_by`, `last_update_date`, `is_key`, `md_fields_name_cn`) VALUES ('1384718862803353622', '100', '1384718861767360512', 'date_column1', 'date_column1', 'timestamp', NULL, NULL, 'Y', 'N', 'N', '预留日期字段1', '1384718124983336982', 'N', NULL, NULL, 'N', NULL, 'Y', '1003', '2021-04-21 12:01:18', '1003', '2021-04-21 12:01:18', 'N', NULL);
INSERT INTO `demo`.`md_fields` (`md_fields_id`, `tenant_id`, `md_entity_id`, `md_fields_name`, `md_fields_name_en`, `md_fields_type`, `md_fields_length`, `md_decimals_length`, `is_null`, `is_indexed`, `is_unique`, `md_fields_desc`, `md_columns_id`, `lookup_flag`, `lookup_entity`, `lookup_type`, `public_flag`, `default_value`, `active_flag`, `create_by`, `create_date`, `last_update_by`, `last_update_date`, `is_key`, `md_fields_name_cn`) VALUES ('1384718862803353623', '100', '1384718861767360512', 'date_column2', 'date_column2', 'timestamp', NULL, NULL, 'Y', 'N', 'N', '预留日期字段2', '1384718124983336983', 'N', NULL, NULL, 'N', NULL, 'Y', '1003', '2021-04-21 12:01:18', '1003', '2021-04-21 12:01:18', 'N', NULL);
INSERT INTO `demo`.`md_fields` (`md_fields_id`, `tenant_id`, `md_entity_id`, `md_fields_name`, `md_fields_name_en`, `md_fields_type`, `md_fields_length`, `md_decimals_length`, `is_null`, `is_indexed`, `is_unique`, `md_fields_desc`, `md_columns_id`, `lookup_flag`, `lookup_entity`, `lookup_type`, `public_flag`, `default_value`, `active_flag`, `create_by`, `create_date`, `last_update_by`, `last_update_date`, `is_key`, `md_fields_name_cn`) VALUES ('1384718862803353624', '100', '1384718861767360512', 'date_column3', 'date_column3', 'timestamp', NULL, NULL, 'Y', 'N', 'N', '预留日期字段3', '1384718124983336984', 'N', NULL, NULL, 'N', NULL, 'Y', '1003', '2021-04-21 12:01:18', '1003', '2021-04-21 12:01:18', 'N', NULL);
INSERT INTO `demo`.`md_fields` (`md_fields_id`, `tenant_id`, `md_entity_id`, `md_fields_name`, `md_fields_name_en`, `md_fields_type`, `md_fields_length`, `md_decimals_length`, `is_null`, `is_indexed`, `is_unique`, `md_fields_desc`, `md_columns_id`, `lookup_flag`, `lookup_entity`, `lookup_type`, `public_flag`, `default_value`, `active_flag`, `create_by`, `create_date`, `last_update_by`, `last_update_date`, `is_key`, `md_fields_name_cn`) VALUES ('1384718862803353625', '100', '1384718861767360512', 'active_flag', 'active_flag', 'char', '1', NULL, 'N', 'N', 'N', '有效标识，Y有效，N无效', '1384718124983336985', 'N', NULL, NULL, 'N', NULL, 'Y', '1003', '2021-04-21 12:01:18', '1003', '2021-04-21 12:01:18', 'N', NULL);
INSERT INTO `demo`.`md_fields` (`md_fields_id`, `tenant_id`, `md_entity_id`, `md_fields_name`, `md_fields_name_en`, `md_fields_type`, `md_fields_length`, `md_decimals_length`, `is_null`, `is_indexed`, `is_unique`, `md_fields_desc`, `md_columns_id`, `lookup_flag`, `lookup_entity`, `lookup_type`, `public_flag`, `default_value`, `active_flag`, `create_by`, `create_date`, `last_update_by`, `last_update_date`, `is_key`, `md_fields_name_cn`) VALUES ('1384718862803353626', '100', '1384718861767360512', 'create_date', 'create_date', 'timestamp', NULL, NULL, 'N', 'N', 'N', '创建时间', '1384718124983336986', 'N', NULL, NULL, 'N', NULL, 'Y', '1003', '2021-04-21 12:01:18', '1003', '2021-04-21 12:01:18', 'N', NULL);
INSERT INTO `demo`.`md_fields` (`md_fields_id`, `tenant_id`, `md_entity_id`, `md_fields_name`, `md_fields_name_en`, `md_fields_type`, `md_fields_length`, `md_decimals_length`, `is_null`, `is_indexed`, `is_unique`, `md_fields_desc`, `md_columns_id`, `lookup_flag`, `lookup_entity`, `lookup_type`, `public_flag`, `default_value`, `active_flag`, `create_by`, `create_date`, `last_update_by`, `last_update_date`, `is_key`, `md_fields_name_cn`) VALUES ('1384718862803353627', '100', '1384718861767360512', 'create_by', 'create_by', 'bigint', '19', '0', 'N', 'N', 'N', '创建人ID，对用用户ID', '1384718124983336987', 'N', NULL, NULL, 'N', NULL, 'Y', '1003', '2021-04-21 12:01:18', '1003', '2021-04-21 12:01:18', 'N', NULL);
INSERT INTO `demo`.`md_fields` (`md_fields_id`, `tenant_id`, `md_entity_id`, `md_fields_name`, `md_fields_name_en`, `md_fields_type`, `md_fields_length`, `md_decimals_length`, `is_null`, `is_indexed`, `is_unique`, `md_fields_desc`, `md_columns_id`, `lookup_flag`, `lookup_entity`, `lookup_type`, `public_flag`, `default_value`, `active_flag`, `create_by`, `create_date`, `last_update_by`, `last_update_date`, `is_key`, `md_fields_name_cn`) VALUES ('1384718862803353628', '100', '1384718861767360512', 'last_update_date', 'last_update_date', 'timestamp', NULL, NULL, 'N', 'N', 'N', '最后更新时间', '1384718124983336988', 'N', NULL, NULL, 'N', NULL, 'Y', '1003', '2021-04-21 12:01:18', '1003', '2021-04-21 12:01:18', 'N', NULL);
INSERT INTO `demo`.`md_fields` (`md_fields_id`, `tenant_id`, `md_entity_id`, `md_fields_name`, `md_fields_name_en`, `md_fields_type`, `md_fields_length`, `md_decimals_length`, `is_null`, `is_indexed`, `is_unique`, `md_fields_desc`, `md_columns_id`, `lookup_flag`, `lookup_entity`, `lookup_type`, `public_flag`, `default_value`, `active_flag`, `create_by`, `create_date`, `last_update_by`, `last_update_date`, `is_key`, `md_fields_name_cn`) VALUES ('1384718862803353629', '100', '1384718861767360512', 'last_update_by', 'last_update_by', 'bigint', '19', '0', 'N', 'N', 'N', '最后更新人ID，对用用户ID', '1384718124983336989', 'N', NULL, NULL, 'N', NULL, 'Y', '1003', '2021-04-21 12:01:18', '1003', '2021-04-21 12:01:18', 'N', NULL);

INSERT INTO `demo`.`md_entities_rel` (`md_entity_rel_id`, `tenant_id`, `md_entity_rel_desc`, `rel_type`, `from_entity_id`, `to_entity_id`, `to_field_id`, `from_field_id`, `md_tables_id`, `from_columns_id`, `to_columns_id`, `text_column1`, `text_column2`, `text_column3`, `text_column4`, `text_column5`, `int_column1`, `int_column2`, `int_column3`, `num_column1`, `num_column2`, `num_column3`, `date_column1`, `date_column2`, `date_column3`, `active_flag`, `create_by`, `create_date`, `last_update_by`, `last_update_date`) VALUES ('1384723009485225984', '100', 'UI模板和实体关系 AND 租户 RELATION', '1:N', '30021', '1384718860400017408', '1384718861096271874', '400243', NULL, NULL, NULL, NULL, NULL, NULL, NULL, NULL, NULL, NULL, NULL, NULL, NULL, NULL, NULL, NULL, NULL, 'Y', '1003', '2021-04-21 12:17:47', '1003', '2021-04-21 12:17:47');
INSERT INTO `demo`.`md_entities_rel` (`md_entity_rel_id`, `tenant_id`, `md_entity_rel_desc`, `rel_type`, `from_entity_id`, `to_entity_id`, `to_field_id`, `from_field_id`, `md_tables_id`, `from_columns_id`, `to_columns_id`, `text_column1`, `text_column2`, `text_column3`, `text_column4`, `text_column5`, `int_column1`, `int_column2`, `int_column3`, `num_column1`, `num_column2`, `num_column3`, `date_column1`, `date_column2`, `date_column3`, `active_flag`, `create_by`, `create_date`, `last_update_by`, `last_update_date`) VALUES ('1384723009485225985', '100', 'UI模板和实体关系 AND UI页面模板 RELATION', '1:N', '1384718859007508480', '1384718860400017408', '1384718861096271873', '1384718859724734464', NULL, NULL, NULL, NULL, NULL, NULL, NULL, NULL, NULL, NULL, NULL, NULL, NULL, NULL, NULL, NULL, NULL, 'Y', '1003', '2021-04-21 12:17:47', '1003', '2021-04-21 12:17:47');
INSERT INTO `demo`.`md_entities_rel` (`md_entity_rel_id`, `tenant_id`, `md_entity_rel_desc`, `rel_type`, `from_entity_id`, `to_entity_id`, `to_field_id`, `from_field_id`, `md_tables_id`, `from_columns_id`, `to_columns_id`, `text_column1`, `text_column2`, `text_column3`, `text_column4`, `text_column5`, `int_column1`, `int_column2`, `int_column3`, `num_column1`, `num_column2`, `num_column3`, `date_column1`, `date_column2`, `date_column3`, `active_flag`, `create_by`, `create_date`, `last_update_by`, `last_update_date`) VALUES ('1384723009485225986', '100', 'UI属性 AND 租户 RELATION', '1:N', '30021', '1384718861767360512', '1384718862467809281', '400243', NULL, NULL, NULL, NULL, NULL, NULL, NULL, NULL, NULL, NULL, NULL, NULL, NULL, NULL, NULL, NULL, NULL, 'Y', '1003', '2021-04-21 12:17:47', '1003', '2021-04-21 12:17:47');
INSERT INTO `demo`.`md_entities_rel` (`md_entity_rel_id`, `tenant_id`, `md_entity_rel_desc`, `rel_type`, `from_entity_id`, `to_entity_id`, `to_field_id`, `from_field_id`, `md_tables_id`, `from_columns_id`, `to_columns_id`, `text_column1`, `text_column2`, `text_column3`, `text_column4`, `text_column5`, `int_column1`, `int_column2`, `int_column3`, `num_column1`, `num_column2`, `num_column3`, `date_column1`, `date_column2`, `date_column3`, `active_flag`, `create_by`, `create_date`, `last_update_by`, `last_update_date`) VALUES ('1384723009485225987', '100', 'UI属性 AND UI模板和实体关系 RELATION', '1:N', '1384718860400017408', '1384718861767360512', '1384718862467809282', '1384718861096271872', NULL, NULL, NULL, NULL, NULL, NULL, NULL, NULL, NULL, NULL, NULL, NULL, NULL, NULL, NULL, NULL, NULL, 'Y', '1003', '2021-04-21 12:17:47', '1003', '2021-04-21 12:17:47');
INSERT INTO `demo`.`md_entities_rel` (`md_entity_rel_id`, `tenant_id`, `md_entity_rel_desc`, `rel_type`, `from_entity_id`, `to_entity_id`, `to_field_id`, `from_field_id`, `md_tables_id`, `from_columns_id`, `to_columns_id`, `text_column1`, `text_column2`, `text_column3`, `text_column4`, `text_column5`, `int_column1`, `int_column2`, `int_column3`, `num_column1`, `num_column2`, `num_column3`, `date_column1`, `date_column2`, `date_column3`, `active_flag`, `create_by`, `create_date`, `last_update_by`, `last_update_date`) VALUES ('1384723009485225988', '100', 'UI属性 AND UI属性 RELATION', '1:N', '1384718861767360512', '1384718861767360512', '1384718862803353609', '1384718862467809280', NULL, NULL, NULL, NULL, NULL, NULL, NULL, NULL, NULL, NULL, NULL, NULL, NULL, NULL, NULL, NULL, NULL, 'Y', '1003', '2021-04-21 12:17:47', '1003', '2021-04-21 12:17:47');
INSERT INTO `demo`.`md_entities_rel` (`md_entity_rel_id`, `tenant_id`, `md_entity_rel_desc`, `rel_type`, `from_entity_id`, `to_entity_id`, `to_field_id`, `from_field_id`, `md_tables_id`, `from_columns_id`, `to_columns_id`, `text_column1`, `text_column2`, `text_column3`, `text_column4`, `text_column5`, `int_column1`, `int_column2`, `int_column3`, `num_column1`, `num_column2`, `num_column3`, `date_column1`, `date_column2`, `date_column3`, `active_flag`, `create_by`, `create_date`, `last_update_by`, `last_update_date`) VALUES ('1384723009485225989', '100', 'UI页面模板 AND 租户 RELATION', '1:N', '30021', '1384718859007508480', '1384718859724734465', '400243', NULL, NULL, NULL, NULL, NULL, NULL, NULL, NULL, NULL, NULL, NULL, NULL, NULL, NULL, NULL, NULL, NULL, 'Y', '1003', '2021-04-21 12:17:47', '1003', '2021-04-21 12:17:47');

commit;
